run,t,q1,q2,q3,q4,q5,q6
1,0,0,0,0,0,0,0
1,0.01,0,0,0,0,0,0
1,0.02,0,0,0,0,0,0
1,0.03,0,0,0,0,0,0
1,0.04,0,0,0,0,0,0
1,0.05,0,0,0,0,0,0
1,0.06,0,0,0,0,0,0
1,0.07,0,0,0,0,0,0
1,0.08,0,0,0,0,0,0
1,0.09,0,0,0,0,0,0
1,0.1,0,0,0,0,0,0
1,0.11,0,0,0,0,0,0
1,0.12,0,0,0,0,0,0
1,0.13,0,0,0,0,0,0
1,0.14,0,0,0,0,0,0
1,0.15,0,0,0,0,0,0
1,0.16,0,0,0,0,0,0
1,0.17,0,0,0,0,0,0
1,0.18,0,0,0,0,0,0
1,0.19,0,0,0,0,0,0
1,0.2,0,0,0,0,0,0
1,0.21,0,0,0,0,0,0
1,0.22,0,0,0,0,0,0
1,0.23,0,0,0,0,0,0
1,0.24,0,0,0,0,0,0
1,0.25,0,0,0,0,0,0
1,0.26,0,0,0,0,0,0
1,0.27,0,0,0,0,0,0
1,0.28,0,0,0,0,0,0
1,0.29,0,0,0,0,0,0
1,0.3,0,0,0,0,0,0
1,0.31,0,0,0,0,0,0
1,0.32,0,0,0,0,0,0
1,0.33,0,0,0,0,0,0
1,0.34,0,0,0,0,0,0
1,0.35,0,0,0,0,0,0
1,0.36,0,0,0,0,0,0
1,0.37,0,0,0,0,0,0
1,0.38,0,0,0,0,0,0
1,0.39,0,0,0,0,0,0
1,0.4,0,0,0,0,0,0
1,0.41,0,0,0,0,0,0
1,0.42,0,0,0,0,0,0
1,0.43,0,0,0,0,0,0
1,0.44,0,0,0,0,0,0
1,0.45,0,0,0,0,0,0
1,0.46,0,0,0,0,0,0
1,0.47,0,0,0,0,0,0
1,0.48,0,0,0,0,0,0
1,0.49,0,0,0,0,0,0
1,0.5,0,0,0,0,0,0
1,0.51,0,0,0,0,0,0
1,0.52,0,0,0,0,0,0
1,0.53,0,0,0,0,0,0
1,0.54,0,0,0,0,0,0
1,0.55,0,0,0,0,0,0
1,0.56,0,0,0,0,0,0
1,0.57,0,0,0,0,0,0
1,0.58,0,0,0,0,0,0
1,0.59,0,0,0,0,0,0
1,0.6,0,0,0,0,0,0
1,0.61,0,0,0,0,0,0
1,0.62,0,0,0,0,0,0
1,0.63,0,0,0,0,0,0
1,0.64,0,0,0,0,0,0
1,0.65,0,0,0,0,0,0
1,0.66,0,0,0,0,0,0
1,0.67,0,0,0,0,0,0
1,0.68,0,0,0,0,0,0
1,0.69,0,0,0,0,0,0
1,0.7,0,0,0,0,0,0
1,0.71,0,0,0,0,0,0
1,0.72,0,0,0,0,0,0
1,0.73,0,0,0,0,0,0
1,0.74,0,0,0,0,0,0
1,0.75,0,0,0,0,0,0
1,0.76,0,0,0,0,0,0
1,0.77,0,0,0,0,0,0
1,0.78,0,0,0,0,0,0
1,0.79,0,0,0,0,0,0
1,0.8,0,0,0,0,0,0
1,0.81,0,0,0,0,0,0
1,0.82,0,0,0,0,0,0
1,0.83,0,0,0,0,0,0
1,0.84,0,0,0,0,0,0
1,0.85,0,0,0,0,0,0
1,0.86,0,0,0,0,0,0
1,0.87,0,0,0,0,0,0
1,0.88,0,0,0,0,0,0
1,0.89,0,0,0,0,0,0
1,0.9,0,0,0,0,0,0
1,0.91,0,0,0,0,0,0
1,0.92,0,0,0,0,0,0
1,0.93,0,0,0,0,0,0
1,0.94,0,0,0,0,0,0
1,0.95,0,0,0,0,0,0
1,0.96,0,0,0,0,0,0
1,0.97,0,0,0,0,0,0
1,0.98,0,0,0,0,0,0
1,0.99,0,0,0,0,0,0
1,1,0,0,0,0,0,0
1,1.01,0.068633380088491,-0.0376266018157334,0.306692589207772,-0.279698802429576,0.161579104437959,0.57341610995172
1,1.02,0.137919545436874,0.0667970170164921,0.313983271782579,-0.26559325116671,0.368635342845287,0.818041821567535
1,1.03,0.205417147808049,0.166676842388262,0.322807657032092,-0.211511154231037,0.608486572014899,0.942520133342418
1,1.04,0.272462319858484,0.262582650637304,0.332184467350787,-0.14062433021022,0.862919672317623,1.0292122649241
1,1.05,0.339850722593966,0.354698367293382,0.342089736813094,-0.0625549682879536,1.11448758828778,1.10505720741374
1,1.06,0.408014470786047,0.443117498762912,0.352821895946766,0.0197779689993145,1.34615319565854,1.17248561927109
1,1.07,0.477177250686239,0.527877093420646,0.364742635281398,0.105686000228091,1.54340833753477,1.22584788017611
1,1.08,0.547429294177515,0.608959491472149,0.378074410892995,0.194455680709235,1.69611044602699,1.25927081444983
1,1.09,0.618652419214302,0.686297359702171,0.39285437008893,0.284620005947335,1.79876176775044,1.26973954509477
1,1.1,0.69030428501301,0.759815360445747,0.409007104430089,0.374031314252274,1.84965747071533,1.25757505802757
1,1.11,0.761127118187533,0.829513448250674,0.426446572482927,0.460154597351829,1.84994603155443,1.22557661704183
1,1.12,0.828873740145155,0.895564125224385,0.445148298695537,0.540340366051826,1.80326544793673,1.177843002333
1,1.13,0.890204608788687,0.958373184424796,0.465169865224856,0.61210555288433,1.71602997834895,1.1191019332065
1,1.14,0.94103551722505,1.01853876810722,0.486610570735062,0.673451910150391,1.5979780955853,1.05487738366806
1,1.15,0.97777380122641,1.07665149539648,0.509506532169706,0.723127405970288,1.4620239481815,0.992115356457823
1,1.16,0.999760704620102,1.13295371372638,0.533697904714033,0.760773488866545,1.32174428168807,0.939138949344044
1,1.17,1.01144193962112,1.18707506399202,0.558832881450688,0.787030576788582,1.18596744201264,0.903229356485211
1,1.18,1.01931664453351,1.23828355566376,0.584664589876384,0.803292661898838,1.05651189997673,0.886057763481874
1,1.19,1.02616549353888,1.28608887948878,0.611132477144715,0.8111715416501,0.933799721395061,0.883510403385273
1,1.2,1.03245297503022,1.33025163047159,0.638145320954779,0.812562249332534,0.819244776208707,0.890509700400267
1,1.21,1.03836118912723,1.37059401224908,0.665600874581061,0.80957027620435,0.714369739537015,0.90290414455941
1,1.22,1.04400902669553,1.40696988442155,0.693403403826449,0.804260120402031,0.620566965801715,0.917586542256366
1,1.23,1.04947866461922,1.43926248459892,0.721456557252982,0.798443020744866,0.538989553596204,0.932466884644124
1,1.24,1.05482637568106,1.46738373303579,0.749655807778212,0.793543054059743,0.470487714901634,0.946351209222923
1,1.25,1.06008867740816,1.49127370920759,0.777883278596643,0.790553631182889,0.415592699765598,0.958732504180697
1,1.26,1.06528675210392,1.51090003735696,0.806005700163109,0.790065182894374,0.374537834785976,0.969549862327072
1,1.27,1.07042999279935,1.52625727092978,0.833875042185905,0.79233088695286,0.347299648523578,0.978976345102193
1,1.28,1.0755189368695,1.53736648449505,0.861330904476676,0.797342239342236,0.333643501664342,0.987267492111008
1,1.29,1.08054771281637,1.54427520403922,0.88820391621162,0.804898819453724,0.333163779744743,0.994671398550964
1,1.3,1.08550610659521,1.54705764512748,0.914319738891864,0.814667069115133,0.345314516973152,1.00138459044314
1,1.31,1.09038134845868,1.54581508869994,0.939503488771508,0.826228356340796,0.369430418916296,1.00753540542228
1,1.32,1.09515970389672,1.54067614986168,0.963584433515454,0.839118234633714,0.404740519454156,1.01318133109797
1,1.33,1.0998279143964,1.53179668425775,0.98640074999846,0.852858611992538,0.450377660694802,1.01831293768546
1,1.34,1.10437447109184,1.51935911380068,1.00780404745875,0.866983836870061,0.505387103195377,1.02286182891405
1,1.35,1.10879062010425,1.50357102433442,1.0276633263149,0.881061123877913,0.568737144390845,1.02671265391744
1,1.36,1.11307090891601,1.48466298033328,1.0458680860348,0.894705509060265,0.639333809167307,1.02971985386769
1,1.37,1.11721302091813,1.46288560240009,1.06233041127118,0.907589655491284,0.716040604262788,1.03172902981313
1,1.38,1.12121665591764,1.4385060446653,1.07698602314373,0.919449192222779,0.79770311935462,1.0326013590311
1,1.39,1.12508134646251,1.41180407189897,1.08979443489709,0.930084646643528,0.883177028365665,1.03223812062389
1,1.4,1.12880338603842,1.38306795533621,1.10073845002302,0.939361220410855,0.971356915282839,1.03060170250644
1,1.41,1.13237247251998,1.35259037907717,1.10982325346433,0.947207569294729,1.06120249110743,1.02772971392518
1,1.42,1.13576913647088,1.32066449018871,1.11707526829833,0.953614413082048,1.15175846957746,1.02373995531119
1,1.43,1.13896429009552,1.28758016737671,1.12254081264218,0.958633319257034,1.24216504790792,1.01882570135706
1,1.44,1.14192193082962,1.25362056473,1.12628446088442,0.962375437798729,1.33165798355185,1.0132425745119
1,1.45,1.14460487122041,1.21905902972462,1.12838697531799,0.965009335792892,1.41956053230599,1.00728963011537
1,1.46,1.14698163592443,1.18415656342056,1.12894278539144,0.9667565121586,1.50527265530032,1.00128755397025
1,1.47,1.1490316410479,1.14915998792795,1.12805719890015,0.967883055843274,1.58826343834865,0.995555997825187
1,1.48,1.15074679843811,1.11430084966128,1.12584364679194,0.968686667504431,1.66806933960964,0.990390973998721
1,1.49,1.15213006469621,1.07979492053988,1.12242115268506,0.969479642989793,1.74429637345258,0.986043219049438
1,1.5,1.15319273078345,1.04584212300996,1.11791201040318,0.97056949860895,1.81662277094224,0.982699492064834
1,1.51,1.15395174387844,1.01262676827026,1.11243957645014,0.972239274964152,1.88480003875815,0.980469457244665
1,1.52,1.15442750763717,0.980318034977731,1.10612614668948,0.974729503645865,1.94865188173114,0.979380296019064
1,1.53,1.15464220592631,0.949070611707255,1.09909096509057,0.978223568704116,2.00807110279848,0.979379879205423
1,1.54,1.15461857761576,0.919025418144571,1.09144845086846,0.982837723974606,2.06301475276199,0.980347818104322
1,1.55,1.15437904735382,0.890310323177328,1.08330673077528,0.98861638728386,2.11349781578954,0.982112439175901
1,1.56,1.15394512595895,0.863040793157059,1.0747665388855,0.995532661777897,2.15958570897994,0.984470964505596
1,1.57,1.15333701224663,0.837320426720332,1.06592050989369,1.00349347444826,2.20138588486637,0.987210035097095
1,1.58,1.15257334603402,0.813241358149862,1.05685285500368,1.01234835925089,2.23903885597314,0.990124116975263
1,1.59,1.15167107586828,0.790884533967741,1.04763937996537,1.02190076282661,2.27270899341963,0.993030085852719
1,1.6,1.15064541424666,0.770319883688674,1.03834778640624,1.03192077457203,2.30257546692423,0.99577715665638
1,1.61,1.14950985889835,0.751606414266205,1.02903819005404,1.04215831383376,2.32882367861965,0.998252107340698
1,1.62,1.14827626257303,0.734792259661745,1.01976379009703,1.05235598223819,2.35163749606839,1.00038032089254
1,1.63,1.14695493685531,0.719914714202056,1.0105716295263,1.06226096495712,2.37119251804622,1.00212350028831
1,1.64,1.14555477838111,0.707000273177777,1.0015033942475,1.07163552026622,2.3876505219467,1.00347502723064
1,1.65,1.14408340862408,0.696064698240776,0.99259620750669,1.08026572888168,2.40115515632108,1.00445389730513
1,1.66,1.14254732107775,0.687113119704017,0.983883385070966,1.08796828920755,2.41182886598909,1.00509803651233
1,1.67,1.14095203205327,0.680140183387525,0.975395125368246,1.0945952495008,2.41977097668926,1.00545763947292
1,1.68,1.13930223334054,0.675130246350555,0.967159117191634,1.10003666804155,2.42505682420761,1.00558900260671
1,1.69,1.1376019465917,0.672057623639116,0.959201055274015,1.10422128839529,2.42773778924002,1.00554917454909
1,1.7,1.13585468046332,0.670886886875041,0.951545060644365,1.10711540576968,2.42784209173051,1.00539161773533
1,1.71,1.13406359230346,0.671573214868847,0.944214007869432,1.10872017718806,2.425376203649,1.00516296971568
1,1.72,1.13223165649099,0.674062796173625,0.937229764933642,1.10906768731851,2.42032675315973,1.00490090802579
1,1.73,1.13036184141998,0.678293283330584,0.930613353714624,1.10821611909643,2.41266281195766,1.00463305569733
1,1.74,1.12845729653987,0.684194298243838,0.924385040054182,1.10624439166864,2.40233847775692,1.0043768137823
1,1.75,1.12652154975868,0.69168798749082,0.918564362679321,1.10324661802828,2.38929568278787,1.00413997135463
1,1.76,1.12455871380997,0.700689625353465,0.913170110059612,1.09932670363167,2.37346717487033,1.00392192149646
1,1.77,1.12257369776887,0.711108260980504,0.908220253973921,1.09459335965728,2.35477962926603,1.00371530286424
1,1.78,1.12057241666699,0.72284740449319,0.903731848257733,1.08915574575457,2.3331568570099,1.00350788924517
1,1.79,1.11856198802196,0.735805745216352,0.899720900950976,1.08311989275874,2.30852307943946,1.00328456220669
1,1.8,1.11655089909825,0.749877893761296,0.896202227818838,1.07658599113447,2.28080624040496,1.00302922221411
1,1.81,1.11454912311835,0.764955138586203,0.893189294883848,1.06964657020033,2.24994132873906,1.00272651895731
1,1.82,1.11256815711585,0.780926207028009,0.890694057088703,1.06238553971486,2.21587368571211,1.00236330975657
1,1.83,1.11062094992638,0.797678020660581,0.888726799424475,1.05487802129231,2.17856227690829,1.0019297839501
1,1.84,1.10872168793657,0.81509643510653,0.887295985753986,1.04719086350382,2.13798291603826,1.00142021988595
1,1.85,1.10688541130944,0.833066954930486,0.886408119116262,1.03938371178421,2.0941314390714,1.00083336889422
1,1.86,1.10512744730288,0.851475414712729,0.886067615546748,1.03151049215647,2.04702683797203,1.00017248693986
1,1.87,1.10346267185096,0.87020861758662,0.886276691506397,1.02362116539461,1.99671436884509,0.999445058665451
1,1.88,1.10190464481787,0.889154922306519,0.887035263127744,1.01576361374529,1.94326864184999,0.998662278347397
1,1.89,1.10046470243936,0.90820476951826,0.888340854051008,1.00798553264009,1.88679667233064,0.997838364971521
1,1.9,1.09915112095903,0.927251138058229,0.89018850810039,1.00033621057691,1.82744082106371,0.996989791216893
1,1.91,1.09796847374986,0.946189923981159,0.892570703748338,0.992868086667965,1.76538148219727,0.996134497843744
1,1.92,1.096917279652,0.964920239750744,0.895477269081418,0.985637973878088,1.70083930670355,0.995291149595885
1,1.93,1.09599398535238,0.98334463887363,0.898895298056367,0.978707827374892,1.63407669840869,0.994478474621673
1,1.94,1.09519125875866,1.00136928088765,0.902809070172713,0.972144927676349,1.56539830393937,0.993714725000098
1,1.95,1.0944985206785,1.01890406039923,0.907199975708845,0.966021347074735,1.49515023751597,0.993017302001387
1,1.96,1.09390262517634,1.03586272929241,0.912046447820622,0.960412584635063,1.42371782628039,0.992402595126861
1,1.97,1.09338860931632,1.05216304231001,0.917323902249153,0.95539529667562,1.35152172522107,0.991886071116064
1,1.98,1.0929404520449,1.06772695341946,0.923004686096633,0.951044120590777,1.27901233704023,0.991482605586995
1,1.99,1.09254179617923,1.08248088447454,0.929058039426584,0.947427692834784,1.20666258878357,0.991206976928174
1,2,1.09217659552849,1.09635607899321,0.935450077293359,0.94460409376717,1.13495926202164,0.991074354685965
1,2.01,1.09182965579844,1.10928904269659,0.942143805039326,0.942616097717642,1.06439323209298,0.991100539559172
1,2.02,1.09148704667728,1.12122205972751,0.949099185693723,0.94148673577387,0.99544911936687,0.991301683511561
1,2.03,1.09113637388748,1.13210376085626,0.956273283547323,0.941215750370241,0.928594961321015,0.991693269605812
1,2.04,1.09076691251616,1.14188970955168,0.96362051008094,0.941777495564741,0.864272549759802,0.992288277777065
1,2.05,1.09036961449676,1.15054296548371,0.971092994877132,0.943120695293154,0.802889024788817,0.993094685980972
1,2.06,1.08993701202474,1.15803458409355,0.978641093548212,0.945170228592054,0.744810177619193,0.9941126961905
1,2.07,1.08946304419008,1.16434401549433,0.986214027980962,0.947830816927912,0.690355712068713,0.995332246564025
1,2.08,1.08894283626977,1.16945937510897,0.993760634838328,0.950992216470216,0.63979649144068,0.996731400110283
1,2.09,1.08837246042285,1.17337757012847,1.00123018131552,0.954535333105027,0.593353599344203,0.998276060065427
1,2.1,1.08774870347767,1.17610427776101,1.00857319718391,0.958338614506163,0.551198905028757,0.999921191893471
1,2.11,1.08706886255821,1.17765378137611,1.01574227138696,0.962284125446827,0.51345675999819,1.00161341888098
1,2.12,1.08633058300114,1.17804867790075,1.02269276908586,0.966262842903962,0.480206455767217,1.00329459871685
1,2.13,1.08553174609354,1.17731947398953,1.02938343805131,0.970178869398918,0.451485121843566,1.00490584706465
1,2.14,1.08467040745428,1.17550409004022,1.03577688790802,0.973952417827855,0.427290814530401,1.00639146618068
1,2.15,1.08374478115997,1.1726472908307,1.04183993887266,0.977521547233616,0.407585621849711,1.00770233458019
1,2.16,1.0827532605003,1.16880006017906,1.04754384652979,0.980842720917048,0.392298676377371,1.00879846887943
1,2.17,1.08169446374885,1.16401893517028,1.05286441540535,0.983890319947861,0.381329021415591,1.00965063321736
1,2.18,1.08056729250878,1.15836531354712,1.0577820170373,0.986655283674997,0.374548316281704,1.01024101108713
1,2.19,1.07937099082068,1.15190474605578,1.06228152872455,0.989143070610963,0.371803394947613,1.01056305246959
1,2.2,1.07810519500369,1.1447062239751,1.06635220803077,0.991371142222753,0.372918710537766,1.01062066375308
1,2.21,1.07676996679725,1.13684147076531,1.06998751618212,0.993366170883222,0.377698707755201,1.010426925856
1,2.22,1.07536580541827,1.12838424572014,1.07318490129348,0.995161162588175,0.385930167354524,1.01000251782611
1,2.23,1.07389363727809,1.11940966663414,1.07594555027079,0.996792665821802,0.397384562435908,1.00937399971607
1,2.24,1.07235478496446,1.10999355773338,1.07827411649714,0.998298211250725,0.411820456823563,1.00857207859166
1,2.25,1.07075091938966,1.10021182839324,1.08017842912148,0.999714094405335,0.428985962552888,1.00762995130481
1,2.26,1.06908400052936,1.09013988742967,1.08166918894271,1.00107357740905,0.448621258159274,1.00658179068235
1,2.27,1.06735621284101,1.07985209696962,1.08275965545992,1.00240554879713,0.470461153775448,1.00546141938809
1,2.28,1.06556990129361,1.06942126907762,1.08346532953494,1.00373364530544,0.494237674686428,1.00430119778336
1,2.29,1.06372751310556,1.05891820745138,1.08380363615594,1.00507580876304,0.519682623417613,1.00313113776706
1,2.3,1.06183154899167,1.04841129562844,1.08379361186333,1.00644422689975,0.546530072715019,1.00197824282399
1,2.31,1.05988452620565,1.03796613230091,1.08345560138312,1.00784559020186,0.574518738499098,1.00086606462738
1,2.32,1.05788895415893,1.02764521354559,1.08281096781906,1.00928158824204,0.603394183086344,0.999814458247068
1,2.33,1.0558473220819,1.0175076610699,1.08188182033958,1.01074956764813,0.632910804234508,0.998839511412307
1,2.34,1.05376209718919,1.00760899496437,1.08069076265846,1.01224327886025,0.662833574047013,0.997953618675875
1,2.35,1.05163573116804,0.998000948952519,1.07926066479034,1.01375364843014,0.692939502399818,0.99716566900713
1,2.36,1.04947067252374,0.988731325739962,1.07761445963261,1.01526952606845,0.723018811182596,0.996481315392254
1,2.37,1.04726938233768,0.979843889786825,1.07577496496708,1.0167783692618,0.752875817200839,0.995903297240341
1,2.38,1.04503435124688,0.971378294655336,1.07376473056826,1.01826684164281,0.782329532175326,0.995431790318228
1,2.39,1.04276811585341,0.963370042009531,1.07160590931893,1.01972131334298,0.811213997256637,0.995064763921191
1,2.4,1.04047327323662,0.955850469355906,1.06932015061226,1.02112826160664,0.839378376467528,0.994798330335574
1,2.41,1.03815249270368,0.948846763699018,1.06692851388566,1.0224745776601,0.866686838362317,0.994627076734753
1,2.42,1.0358085243256,0.942381998429711,1.0644513998823,1.02374779116202,0.893018258018389,0.994544373997409
1,2.43,1.03344420413668,0.936475190950142,1.06190849715393,1.02493622666671,0.918265772462979,0.994542660268509
1,2.44,1.03106245611403,0.931141378753252,1.05931874137108,1.02602910770774,0.94233622208864,0.994613699315569
1,2.45,1.0286662912007,0.926391711900366,1.05670028515918,1.02701662372411,0.96514950886044,0.994748814945731
1,2.46,1.02625880370354,0.922233560066249,1.05407047639522,1.02788997350219,0.986637899502498,0.994939103135402
1,2.47,1.02384316540068,0.918670632535919,1.05144584314845,1.02864139647877,1.00674529867738,0.995175623334135
1,2.48,1.02142261765279,0.915703109733915,1.04884208370515,1.02926420049732,1.02542651370028,0.995449569896516
1,2.49,1.01900046174525,0.913327785039427,1.04627406036477,1.0297527917313,1.04264652877007,0.995752423999149
1,2.5,1.01658004761192,0.911538215786855,1.04375579592172,1.03010270973224,1.05837980320894,0.996076085889662
1,2.51,1.01416476101848,0.910324882470311,1.04130047194901,1.03031066810816,1.07260960489016,0.996412987002655
1,2.52,1.01175800922504,0.90967535526316,1.0389204281767,1.03037459931686,1.08532738697072,0.996756181412656
1,2.53,1.00936320511201,0.90957446703208,1.0366271624112,1.03029370053775,1.09653221326803,0.997099416271691
1,2.54,1.00698374974344,0.910004492072313,1.03443133057468,1.03006847658783,1.10623023514269,0.997437181255128
1,2.55,1.00462301336062,0.910945329820158,1.03234274656124,1.02970077535477,1.11443422056857,0.997764737545754
1,2.56,1.00228431484517,0.912374692814161,1.03037038171117,1.02919381118412,1.12116313417612,0.998078127445593
1,2.57,0.999970899761299,0.914268298181374,1.0285223637995,1.02855217200867,1.12644176542581,0.998374166243632
1,2.58,0.997685917177224,0.916600061923136,1.02680597552238,1.02778180666393,1.13030040069014,0.998650418423897
1,2.59,0.995432395568278,0.919342295269121,1.02522765254484,1.02688998970728,1.13277453387672,0.998905160628023
1,2.6,0.993213218211186,0.922465902361756,1.02379298124756,1.02588526206455,1.13390460930125,0.999137333965513
1,2.61,0.991031098580373,0.925940578527798,1.02250669637754,1.02477734688967,1.13373578980952,0.999346488288168
1,2.62,0.988888556343815,0.929735008391627,1.02137267886794,1.0235770410737,1.13231774265025,0.999532720924235
1,2.63,0.986787894618085,0.933817063086968,1.0203939541453,1.0222960838249,1.12970443531691,0.99969661212685
1,2.64,0.984731179172252,0.938153995830874,1.01957269128732,1.02094700462257,1.12595393351181,0.999839159163
1,2.65,0.982720220262353,0.942712635136046,1.01891020343035,1.01954295359636,1.12112819354556,0.999961710590047
1,2.66,0.980756557729635,0.947459574954478,1.01840694985317,1.01809751798538,1.11529284187277,1.00006590187368
1,2.67,0.978841449907495,0.952361361066041,1.01806254018089,1.01662452878164,1.10851693508289,1.00015359312769
1,2.68,0.976975866758491,0.957384673048793,1.01787574116029,1.01513786196227,1.10087269450537,1.00022680943039
1,2.69,0.975160487511618,0.962496501191831,1.01784448645516,1.01365123887154,1.09243521063852,1.00028768391609
1,2.7,0.973395702901472,0.967664317734955,1.01796588989614,1.01217803033517,1.08328211384579,1.0003384036657
1,2.71,0.971681621936647,0.972856241840841,1.01823626259469,1.01073106898636,1.07349320914834,1.00038115833372
1,2.72,0.970018082956539,0.978041197723557,1.01865113429453,1.00932247406436,1.06315007443354,1.00041809144625
1,2.73,0.968404668584639,0.983189065371741,1.01920527928517,1.00796349261917,1.0523356229427,1.00045125437674
1,2.74,0.96684072406119,0.988270823315403,1.01989274714304,1.00666436062889,1.04113363243976,1.00048256313717
1,2.75,0.96532537834509,0.993258682892909,1.02070689849347,1.00543418701329,1.02962824493396,1.00051375829147
1,2.76,0.963857567317345,0.998126213480627,1.02164044590513,1.00428086291864,1.01790344217454,1.00054636848239
1,2.77,0.962436058396501,1.00284845815387,1.02268549993561,1.00321099796214,1.00604250329851,1.00058167823745
1,2.78,0.961059475888252,1.00740203925652,1.02383362024674,1.00222988437564,0.994127451947901,1.00062070086033
1,2.79,0.95972632643225,1.01176525337072,1.02507587160055,1.00134148919437,0.982238500845119,1.00066415729907
1,2.8,0.958435023973685,1.01591815519961,1.02640288443647,1.000548473823,0.970453502203489,1.00071246189441
1,2.81,0.957183913768755,1.01984262990782,1.02780491961897,0.99985223950612,0.95884741244802,1.00076571583947
1,2.82,0.955971295025215,1.02352245350795,1.02927193683669,0.999252996466341,0.947491779537453,1.00082370902121
1,2.83,0.954795441875511,1.02694334093785,1.03079366603306,0.998749853784476,0.936454260734309,1.00088593066938
1,2.84,0.953654622474882,1.03009298154336,1.03235968115795,0.998340926515865,0.925798177998371,1.00095158892244
1,2.85,0.952547116105674,1.03296106176453,1.03395947545446,0.998023456094083,0.915582117322233,1.00101963905173
1,2.86,0.951471228248398,1.0355392749181,1.0355825374364,0.997793939790735,0.905859577332153,1.00108881969137
1,2.87,0.950425303647307,1.03782131807444,1.03721842667485,0.997648264892135,0.896678671391825,1.0011576960314
1,2.88,0.949407737452278,1.03980287613996,1.03885684849571,0.997581843324272,0.888081886317892,1.001224708575
1,2.89,0.948416984559143,1.04148159337361,1.04048772669691,0.997589742700081,0.880105899686926,1.0012882257672
1,2.9,0.947451567297976,1.04285703268603,1.0421012734228,0.997666810160935,0.872781456620854,1.00134659859275
1,2.91,0.94651008163436,1.04393062318791,1.0436880553824,0.997807785911916,0.866133305910839,1.00139821513436
1,2.92,0.945591202054057,1.04470559656806,1.04523905566665,0.998007403975635,0.86018019440002,1.00144155308344
1,2.93,0.944693685298708,1.04518691298868,1.04674573050361,0.998260478375689,0.85493491770735,1.00147522830581
1,2.94,0.943816373111251,1.04538117728209,1.04820006038703,0.998561973670508,0.850404424645498,1.00149803777246
1,2.95,0.942958194136566,1.04529654631889,1.04959459511942,0.998907059454723,0.846589972067213,1.00150899545579
1,2.96,0.942118165107288,1.04494262848919,1.05092249242172,0.99929114909512,0.843487326364319,1.00150736014114
1,2.97,0.941295391428106,1.04433037629652,1.0521775498745,0.999709923544163,0.841087007436415,1.0014926544895
1,2.98,0.940489067255424,1.04347197310597,1.05335423006794,1.00015934155483,0.839374570635437,1.00146467508291
1,2.99,0.939698475153795,1.04238071511551,1.05444767894553,1.00063563799247,0.838330921969952,1.00142349356685
1,3,0.938922985396441,1.04107088963074,1.05545373742842,1.00113531219625,0.837932661711881,1.00136944935335
1,3.01,0.938162054964827,1.03955765072067,1.05636894650065,1.00165510848522,0.838152451481313,1.00130313464806
1,3.02,0.937415226291498,1.03785689331505,1.05719054601955,1.00219199093882,0.838959399885937,1.00122537280342
1,3.03,0.936682125781283,1.03598512677416,1.05791646758856,1.00274311452079,0.840319461854934,1.00113719117215
1,3.04,0.935962462138126,1.03395934892084,1.0585453218912,1.00330579447372,0.842195846928,1.00103978973969
1,3.05,0.935256024518182,1.0317969214735,1.05907638093505,1.00387747570763,0.844549431933973,1.00093450685308
1,3.06,0.934562680524083,1.02951544775899,1.05950955569228,1.00445570365722,0.847339173715889,1.00082278334398
1,3.07,0.933882374050347,1.02713265351814,1.05984536964997,1.00503809780799,0.850522517825416,1.00070612627349
1,3.08,0.933215122985635,1.02466627154506,1.06008492879859,1.00562232880766,0.85405579941445,1.00058607341573
1,3.09,0.932561016773943,1.02213393082597,1.06022988859228,1.00620609980116,0.857894632889461,1.00046415945703
1,3.1,0.931920213833838,1.0195530507663,1.06028241840977,1.00678713236633,0.861994287258746,1.0003418847276
1,3.11,0.931292938832477,1.01694074101678,1.06024516403189,1.00736315719348,0.866310044487051,1.00022068711357
1,3.12,0.930679479809543,1.01431370733205,1.06012120863104,1.00793190944986,0.870797538568859,1.00010191762609
1,3.13,0.930080185145302,1.01168816381953,1.05991403274146,1.00849112860423,0.875413073433397,0.999986819939876
1,3.14,0.929495460366792,1.00907975186398,1.05962747364707,1.00903856235682,0.88011391819339,0.999876514059941
1,3.15,0.928925764786713,1.00650346594333,1.05926568458846,1.00957197422557,0.884858578638546,0.999771984137227
1,3.16,0.928371607970757,1.00397358648649,1.05883309415204,1.01008915427678,0.889607044246641,0.999674070334035
1,3.17,0.927833546030928,1.00150361986299,1.05833436616497,1.01058793245343,0.894321010333801,0.999583464539392
1,3.18,0.92731217774469,0.999106245538663,1.05777436037885,1.01106619394333,0.898964075285784,0.999500709653553
1,3.19,0.926808140502415,0.996793270380297,1.05715809418573,1.01152189603588,0.903501913099532,0.99942620209895
1,3.2,0.926322106088559,0.994575590046499,1.05649070557111,1.01195308593696,0.907902421715857,0.999360197170989
1,3.21,0.925854776305043,0.99246315736075,1.05577741747215,1.01235791904157,0.912135847837926,0.999302816814553
1,3.22,0.92540687844843,0.990464957526079,1.05502350367481,1.01273467719996,0.916174889105374,0.999254059399148
1,3.23,0.924979160655554,0.988588990008718,1.05423425635254,1.01308178655199,0.919994774630797,0.999213811065372
1,3.24,0.92457238713521,0.986842256890015,1.05341495532062,1.01339783454446,0.923573325005315,0.999181858225822
1,3.25,0.924187333306285,0.985230757461597,1.05257083905538,1.01368158578608,0.926890992945004,0.999157900822918
1,3.26,0.923824780865283,0.983759488817855,1.05170707750589,1.01393199643293,0.929930885783364,0.999141565972547
1,3.27,0.923485512808548,0.982432452182005,1.05082874670735,1.01414822683492,0.932678771019862,0.999132421654305
1,3.28,0.923170308436585,0.981252664686853,1.04994080519047,1.01432965220929,0.935123066115235,0.999129990145007
1,3.29,0.922879938369737,0.980222176318687,1.04904807216876,1.01447587114303,0.937254813684521,0.999133760930618
1,3.3,0.922615159606054,0.979342091722194,1.04815520747683,1.01458671176087,0.939067643183386,0.99914320287165
1,3.31,0.922376710653491,0.978612596555602,1.04726669322572,1.01466223543126,0.940557720116301,0.999157775437365
1,3.32,0.922165306769601,0.978032988078256,1.04638681713718,1.01470273791887,0.941723683720927,0.999176938863791
1,3.33,0.921981635342508,0.977601709647316,1.04551965751619,1.01470874792996,0.94256657400557,0.999200163128908
1,3.34,0.921826351447312,0.977316388796068,1.0446690698204,1.01468102303565,0.943089748939573,0.999226935674675
1,3.35,0.921700073611872,0.977173878563351,1.04383867478558,1.014620542998,0.943298792523245,0.999256767839342
1,3.36,0.921603379825427,0.977170301741689,1.04303184806787,1.01452850056491,0.943201414397345,0.999289199994363
1,3.37,0.921536803822344,0.977301097710907,1.04225171136602,1.0144062898407,0.942807341594651,0.99932380540787
1,3.38,0.92150083167169,0.977561071524055,1.04150112498942,1.01425549237999,0.942128202989506,0.999360192881008
1,3.39,0.921495898701106,0.977944444913588,1.04078268184099,1.01407786119199,0.941177406967022,0.999398008224346
1,3.4,0.921522386780647,0.978444908887675,1.04009870278663,1.013875302879,0.939970012812381,0.999436934659197
1,3.41,0.92158062198888,0.979055677589405,1.03945123338594,1.01364985816719,0.938522596312874,0.999476692243029
1,3.42,0.921670872679611,0.979769543095451,1.03884204196089,1.01340368111667,0.936853110070601,0.999517036429476
1,3.43,0.921793347963169,0.980578930835452,1.03827261898078,1.01313901732256,0.934980739041371,0.999557755881893
1,3.44,0.921948196611355,0.981475955318979,1.03774417774285,1.01285818143668,0.93292575184412,0.999598669665182
1,3.45,0.922135506390014,0.982452475863549,1.0372576563277,1.01256353435075,0.930709348423422,0.999639623943954
1,3.46,0.922355303817856,0.983500152024646,1.03681372080786,1.01225746038669,0.92835350469356,0.999680488316151
1,3.47,0.922607554344758,0.984610498437219,1.03641276968612,1.01194234483539,0.925880814843746,0.999721151910166
1,3.48,0.92289216293751,0.985774938787618,1.03605493953719,1.01162055217504,0.923314332038197,0.999761519370471
1,3.49,0.923208975055898,0.986984858645409,1.03574011182281,1.01129440528113,0.920677408299212,0.999801506851772
1,3.5,0.923557777997371,0.988231656896054,1.03546792084565,1.01096616591501,0.917993534413668,0.999841038134953
1,3.51,0.923938302584365,0.989506795527938,1.03523776280212,1.0106380167458,0.915286180750989,0.999880040969523
1,3.52,0.924350225164829,0.990801847540813,1.03504880588807,1.01031204512344,0.912578639921267,0.999918443737049
1,3.53,0.924793169893646,0.992108542757284,1.03490000140505,1.0099902287784,0.909893872233772,0.999956172518243
1,3.54,0.92526671126055,0.993418811334511,1.03479009580758,1.0096744235791,0.907254354936766,0.999993148633064
1,3.55,0.925770376828866,0.994724824789798,1.03471764362509,1.00936635343055,0.904681936227897,1.00002928670861
1,3.56,0.926303650148802,0.996019034371174,1.03468102118481,1.00906760235089,0.902197695019424,1.00006449331389
1,3.57,0.926865973809305,0.997294206622303,1.03467844105513,1.00877960871543,0.899821807423497,1.00009866618412
1,3.58,0.927456752593324,0.99854345601005,1.03470796712203,1.00850366161368,0.897573420889469,1.00013169404035
1,3.59,0.928075356702846,0.999760274502773,1.03476753020552,1.00824089922387,0.89547053687796,1.00016345699327
1,3.6,0.928721125022077,1.00093855800756,1.03485494411702,1.00799230907298,0.893529902895669,1.00019382750358
1,3.61,0.929393368389525,1.00207262959538,1.03496792205457,1.00775873001971,0.891766914641781,1.00022267185583
1,3.62,0.930091372852472,1.00315725946401,1.03510409322867,1.0075408557726,0.890195528932337,1.00024985208835
1,3.63,0.930814402880195,1.00418768160971,1.03526101960938,1.00733923973793,0.888828187974802,1.00027522830936
1,3.64,0.93156170451527,1.00515960719983,1.03543621268347,1.00715430098036,0.887675755462774,1.00029866131953
1,3.65,0.932332508445277,1.00606923465909,1.03562715011063,1.00698633107487,0.886747464852263,1.00032001545317
1,3.66,0.933126032980072,1.00691325650337,1.03583129216851,1.00683550163046,0.886050880068132,1.00033916154574
1,3.67,0.933941486922555,1.00768886297422,1.03604609787865,1.00670187227405,0.885591868773863,1.00035597993311
1,3.68,0.934778072323335,1.00839374254715,1.03626904070897,1.00658539889589,0.885374588221908,1.00037036338932
1,3.69,0.93563498711199,1.00902607940506,1.0364976237529,1.00648594197584,0.885401483587103,1.00038221991302
1,3.7,0.936511427599631,1.00958454798538,1.0367293942912,1.00640327483028,0.885673298573738,1.00039147527981
1,3.71,0.937406590849164,1.01006830472622,1.03696195764882,1.00633709164357,0.886189097979441,1.00039807528604
1,3.72,0.938319676911146,1.01047697715154,1.03719299026714,1.00628701517242,0.886946301797468,1.00040198762091
1,3.73,0.939249890924274,1.010810650449,1.03742025191976,1.00625260403759,0.887940730344434,1.00040320331591
1,3.74,0.940196445080493,1.01106985170637,1.03764159700927,1.00623335954193,0.889166659814166,1.00040173773426
1,3.75,0.941158560455416,1.01125553198281,1.03785498489153,1.00622873197817,0.890616887580955,1.00039763107701
1,3.76,0.94213546870525,1.01136904640018,1.03805848918367,1.00623812641177,0.892282806507821,1.00039094839675
1,3.77,0.943126413631757,1.01141213244702,1.03825030602195,1.00626090794385,0.894154487457898,1.00038177912353
1,3.78,0.94413065261696,1.01138688669286,1.03842876124545,1.00629640647627,0.89622076916013,1.00037023612089
1,3.79,0.945147457929403,1.01129574011494,1.03859231649113,1.00634392101497,0.898469354544226,1.00035645430131
1,3.8,0.946176117903735,1.01114143224103,1.03873957419555,1.00640272355836,0.900886912634278,1.00034058884145
1,3.81,0.947215937995333,1.010926984313,1.03886928150752,1.00647206262569,0.903459185075483,1.0003228130455
1,3.82,0.948266241711608,1.01065567167437,1.03898033312483,1.00655116648478,0.906171096363648,1.00030331591274
1,3.83,0.949326371421467,1.01033099558289,1.03907177307619,1.00663924614111,0.909006866852217,1.00028229946953
1,3.84,0.95039568904438,1.00995665464482,1.03914279547729,1.00673549814964,0.911950127625864,1.00025997592981
1,3.85,0.951473576620367,1.00953651606283,1.03919274429653,1.00683910730844,0.914984036352539,1.00023656474889
1,3.86,0.952559436762237,1.00907458688244,1.03922111217252,1.00694924928896,0.918091393256543,1.00021228963503
1,3.87,0.953652692991425,1.00857498541488,1.03922753833033,1.00706509325219,0.921254756392763,1.00018737558107
1,3.88,0.954752789958863,1.00804191300548,1.03921180564882,1.00718580449314,0.924456555445893,1.00016204597477
1,3.89,0.955859193552493,1.00747962630742,1.0391738369346,1.00731054714864,0.927679203327152,1.00013651984184
1,3.9,0.956971390893255,1.00689241021092,1.03911369046182,1.00743848699521,0.930905204893889,1.00011100926957
1,3.91,0.958088890221703,1.00628455156715,1.03903155483919,1.00756879435595,0.934117262173419,1.00008571705254
1,3.92,0.959211220677752,1.00566031383526,1.03892774326724,1.00770064712651,0.937298375530619,1.00006083459482
1,3.93,0.960337931976522,1.00502391276974,1.03880268725015,1.00783323392278,0.940431940278171,1.00003654009507
1,3.94,0.961468593983696,1.00437949325363,1.03865692982656,1.0079657573445,0.943501838288148,1.00001299703406
1,3.95,0.962602796194375,1.0037311073718,1.03849111838383,1.0080974373423,0.946492524222908,0.999990352975749
1,3.96,0.963740147119944,1.00308269380666,1.03830599711948,1.00822751466838,0.949389106061401,0.999968738686362
1,3.97,0.964880273588032,1.00243805862738,1.03810239921233,1.00835525438542,0.952177419653259,0.999948267568588
1,3.98,0.966022819961257,1.0018008575324,1.03788123876432,1.00847994940254,0.954844097086909,0.999929035401708
1,3.99,0.967167447280982,1.00117457959377,1.03764350257214,1.00860092400285,0.957376628708952,0.999911120372698
1,4,0.968313832342854,1.00056253254135,1.03739024178551,1.00871753732305,0.95976341867985,0.999894583378266
1,4.01,0.969461666711422,0.999967829614345,1.03712256350653,1.00882918674312,0.961993833995248,0.999879468573509
1,4.02,0.970610655681546,0.999393377997613,1.03684162238184,1.00893531114149,0.964058246942976,0.999865804139456
1,4.03,0.971760517194755,0.998841868850694,1.03654861223658,1.00903539397081,0.965948071002715,0.99985360323913
1,4.04,0.972910980718988,0.998315768928302,1.03624475779624,1.00912896610878,0.967655790228652,0.999842865130055
1,4.05,0.974061786100444,0.99781731378233,1.03593130653942,1.00921560843958,0.969174982185161,0.999833576400158
1,4.06,0.975212682396418,0.997348502527231,1.03560952072169,1.00929495412344,0.970500334531909,0.999825712293898
1,4.07,0.976363426698101,0.996911094142903,1.03528066960767,1.00936669051438,0.971627655377918,0.999819238096012
1,4.08,0.977513782952324,0.996506605281975,1.03494602194541,1.00943056069006,0.972553877544418,0.999814110541518
1,4.09,0.978663520791131,0.996136309541596,1.03460683871431,1.009486364562,0.973277056894004,0.999810279222418
1,4.1,0.979812414377913,0.995801238153612,1.03426436617499,1.00953395953997,0.973796364899058,0.999807687963871
1,4.11,0.980960241278592,0.99550218204114,1.03391982924659,1.00957326072994,0.974112075635958,0.999806276145337
1,4.12,0.982106781365977,0.995239695184276,1.03357442523442,1.00960424065191,0.974225547403606,0.999805979945225
1,4.13,0.983251815765044,0.995014099232767,1.0332293179281,1.00962692847059,0.974139199175607,0.999806733490875
1,4.14,0.984395125846408,0.994825489299074,1.03288563208795,1.0096414087393,0.973856482105372,0.999808469899104
1,4.15,0.985536492274684,0.994673740861292,1.03254444833478,1.00964781966494,0.973381846312749,0.999811122196066
1,4.16,0.986675694117869,0.994558517701862,1.0322067984559,1.00964635090909,0.972720703189778,0.999814624108615
1,4.17,0.98781250802321,0.994479280804943,1.03187366113796,1.00963724094782,0.9718793834721,0.999818910722776
1,4.18,0.988946707464304,0.994435298132651,1.03154595813482,1.00962077401962,0.970865091331427,0.999823919008186
1,4.19,0.990078062063485,0.994425655198161,1.03122455087663,1.00959727669718,0.969685854753672,0.999829588210407
1,4.2,0.99120633699275,0.994449266351885,1.03091023752404,1.00956711412494,0.968350472476617,0.999835860115857
1,4.21,0.992331292455718,0.99450488669556,1.0306037504695,1.00953068596924,0.966868457770634,0.999842679196653
1,4.22,0.993452683252317,0.994591124538142,1.03030575428558,1.00948842213219,0.965249979355757,0.999849992644876
1,4.23,0.994570258427105,0.994706454306906,1.03001684411801,1.00944077828364,0.963505799758312,0.999857750307717
1,4.24,0.99568376100135,0.994849229826997,1.02973754451961,1.00938823126826,0.961647211420214,0.99986590453653
1,4.25,0.996792927788214,0.995017697883053,1.02946830871877,1.00933127444549,0.959685970883739,0.999874409963998
1,4.26,0.997897489289673,0.995210011977201,1.02920951831485,1.0092704130206,0.957634231383838,0.999883223224528
1,4.27,0.998997169673091,0.995424246198904,1.02896148339036,1.00920615942406,0.955504474188746,0.999892302633428
1,4.28,1.0000916868247,0.995658409123642,1.02872444302852,1.00913902879444,0.953309439037361,0.99990160784059
1,4.29,1.00118075247665,0.995910457659415,1.02849856622251,1.00906953461691,0.951062054028456,0.999911099474165
1,4.3,1.00226407240378,0.996178310762312,1.02828395316127,1.00899818456582,0.94877536532196,0.999920738789153
1,4.31,1.00334134668565,0.996459862945195,1.02808063687487,1.00892547659466,0.946462467016003,0.999930487334981
1,4.32,1.00441227002926,0.99675299750656,1.02788858522093,1.00885189531165,0.94413643156499,0.99994030665494
1,4.33,1.00547653214705,0.997055599410118,1.02770770319185,1.00877790867304,0.941810241103371,0.999950158028934
1,4.34,1.00653381818521,0.997365567749397,1.0275378355214,1.00870396501968,0.93949672003686,0.999960002269319
1,4.35,1.0075838091964,0.997680827735762,1.02737876956769,1.00863049047607,0.937208469257471,0.999969799577735
1,4.36,1.00862618265141,0.997999342152624,1.02723023844841,1.00855788672388,0.934957802330762,0.999979509468841
1,4.37,1.00966061298417,0.998319122223251,1.02709192440318,1.00848652915574,0.932756683993078,0.999989090764707
1,4.38,1.01068677216415,0.998638237844483,1.02696346235675,1.00841676540812,0.930616671283306,0.999998501661505
1,4.39,1.01170433029096,0.998954827143722,1.02684444365644,1.00834891426642,0.928548857617766,1.00000769986791
1,4.4,1.01271295620552,0.999267105321834,1.0267344199561,1.00828326492929,0.926563820098431,1.00001664281258
1,4.41,1.01371231811265,0.999573372749967,1.026632907219,1.00822007661462,0.924671570323846,1.00002528791598
1,4.42,1.01470208421027,0.999872022293788,1.02653938981149,1.00815957848479,0.922881508948997,1.00003359292017
1,4.43,1.01568192332034,1.00016154584416,1.02645332465946,1.00810196986557,0.921202384215298,1.00004151626827
1,4.44,1.01665150551746,1.00044054003886,1.02637414543993,1.00804742072992,0.919642254644929,1.00004901752412
1,4.45,1.01761050275089,1.00070771116539,1.02630126678026,1.00799607241609,0.91820845606533,1.00005605782161
1,4.46,1.01855858945658,1.00096187924055,1.02623408843822,1.00794803854806,0.916907573099987,1.0000626003321
1,4.47,1.01949544315568,1.0012019812676,1.02617199943718,1.00790340612629,0.91574541523105,1.00006861073805
1,4.48,1.02042074503685,1.00142707367728,1.02611438213116,1.00786223675646,0.914726997508114,1.000074057701
1,4.49,1.02133418051956,1.00163633396368,1.02606061617623,1.00782456798556,0.913856525946018,1.0000789133118
1,4.5,1.02223543979632,1.0018290615313,1.02601008238561,1.00779041471568,0.91313738762303,1.00008315351189
1,4.51,1.02312421835188,1.00200467777349,1.02596216644748,1.00775977066832,0.912572145459683,1.00008675847504
1,4.52,1.02400021745771,1.00216272540757,1.02591626248624,1.00773260987427,0.912162537628034,1.00008971294007
1,4.53,1.02486314464066,1.00230286709524,1.02587177644929,1.00770888816701,0.911909481511585,1.00009200648631
1,4.54,1.02571271412456,1.00242488338105,1.02582812930355,1.00768854466063,0.911813082107695,1.00009363374494
1,4.55,1.02654864724411,1.00252866998477,1.02578476002771,1.00767150319607,0.911872644737426,1.00009459454128
1,4.56,1.02737067283047,1.00261423448661,1.02574112838781,1.00765767374294,0.912086691902443,1.00009489396428
1,4.57,1.02817852756813,1.00268169244682,1.02569671748628,1.0076469537468,0.912452984105144,1.00009454236153
1,4.58,1.02897195632301,1.00273126300336,1.0256510360759,1.00763922941507,0.912968544426753,1.00009355525975
1,4.59,1.02975071244166,1.00276326399336,1.02560362063243,1.00763437693694,0.913629686638784,1.00009195321223
1,4.6,1.03051455802166,1.0027781066453,1.02555403718161,1.00763226363547,0.91443204660619,1.00008976157628
1,4.61,1.03126326415367,1.00277628989016,1.02550188287772,1.00763274905184,0.915370616725787,1.00008701022539
1,4.62,1.03199661113516,1.00275839434035,1.0254467873333,1.00763568596376,0.916439783131063,1.00008373320152
1,4.63,1.03271438865656,1.00272507598566,1.02538841370058,1.00764092134142,0.917633365384549,1.00007996831463
1,4.64,1.03341639596008,1.00267705965543,1.02532645950768,1.00764829724538,0.918944658371187,1.00007575669691
1,4.65,1.03410244197199,1.00261513229566,1.02526065725348,1.00765765167205,0.920366476100902,1.00007114232009
1,4.66,1.03477234540879,1.00254013610948,1.02519077476676,1.00766881935239,0.921891197125486,1.00006617148454
1,4.67,1.03542593485816,1.00245296160791,1.0251166153368,1.00768163251023,0.92351081127417,1.00006089228913
1,4.68,1.03606304883511,1.00235454061704,1.02503801762339,1.0076959215864,0.925216967413489,1.00005535409088
1,4.69,1.03668353581443,1.002245839286,1.02495485535546,1.00771151593458,0.927001021940421,1.00004960696302
1,4.7,1.03728725423983,1.00212785113839,1.02486703682882,1.00772824449479,0.928854087722878,1.00004370116023
1,4.71,1.03787407251093,1.00200159020785,1.0247745042138,1.00774593644936,0.930767083208627,1.00003768659873
1,4.72,1.03844386894867,1.0018680842965,1.02467723268465,1.00776442186616,0.93273078143212,1.00003161235878
1,4.73,1.0389965317401,1.00172836839223,1.02457522938325,1.0077835323326,0.93473585865869,1.00002552621608
1,4.74,1.03953195886345,1.00158347827895,1.02446853222969,1.00780310158344,0.936772942416704,1.00001947420792
1,4.75,1.04005005799438,1.00143444437086,1.02435720859331,1.00782296612456,0.938832658680542,1.00001350023898
1,4.76,1.04055074639425,1.00128228579938,1.02424135383739,1.00784296585367,0.940905677980483,1.00000764573066
1,4.77,1.04103395078153,1.00112800477871,1.02412108975137,1.00786294467849,0.9429827602295,1.00000194931713
1,4.78,1.04149960718729,1.00097258127312,1.02399656288418,1.00788275113174,0.94505479807158,0.999996446590016
1,4.79,1.04194766079578,1.00081696798634,1.02386794279252,1.0079022389815,0.947112858571204,0.999991169893023
1,4.8,1.04237806577117,1.00066208569076,1.02373542021747,1.00792126783483,0.949148223078937,0.999986148166602
1,4.81,1.04279078507164,1.00050881891118,1.02359920520305,1.00793970373166,0.951152425123641,0.999981406842211
1,4.82,1.04318579025183,1.00035801197541,1.02345952516974,1.00795741972533,0.953117286197378,0.999976967784737
1,4.83,1.04356306125497,1.00021046544115,1.02331662295576,1.0079742964455,0.955034949314595,0.999972849281019
1,4.84,1.0439225861958,1.0000669329061,1.02317075483869,1.00799022263884,0.956897910242565,0.999969066071776
1,4.85,1.04426436113554,0.999928118205743,1.02302218854937,1.00800509568213,0.958699046315165,0.999965629423704
1,4.86,1.0445883898502,0.99979467300073,1.02287120128957,1.00801882206248,0.960431642756896,0.999962547238045
1,4.87,1.0448946835935,0.999667194753659,1.02271807776471,1.00803131781882,0.962089416458469,0.999959824191592
1,4.88,1.04518326085575,0.999546225092635,1.02256310824195,1.00804250893894,0.963666537159265,0.999957461905825
1,4.89,1.04545414711994,0.999432248557048,1.02240658664364,1.00805233170638,0.965157646005517,0.999955459139701
1,4.9,1.04570737461642,0.999325691718977,1.0222488086857,1.00806073299137,0.966557871466054,0.999953812001552
1,4.91,1.04594298207748,0.999226922671786,1.02209007006946,1.00806767048073,0.967862842599961,0.999952514175558
1,4.92,1.04616101449313,0.999136250875768,1.02193066473529,1.00807311284152,0.969068699682443,0.999951557158323
1,4.93,1.04636152286938,0.999053927349085,1.02177088318556,1.00807703981429,0.970172102206594,0.999950930501287
1,4.94,1.04654456399033,0.998980145190821,1.02161101088373,1.00807944223191,0.971170234289631,0.999950622054887
1,4.95,1.0467102001851,0.998915040421595,1.02145132673603,1.0080803219611,0.972060807522479,0.999950618210717
1,4.96,1.04685849910116,0.998858693126014,1.02129210166117,1.00807969176427,0.972842061311364,0.99995090413821
1,4.97,1.04698953348468,0.998811128880141,1.02113359725324,1.00807757508063,0.973512760769359,0.9999514640128
1,4.98,1.04710338096942,0.998772320446239,1.02097606454208,1.00807400572593,0.974072192224522,0.99995228123288
1,4.99,1.04720012387483,0.998742189716197,1.02081974285488,1.00806902751191,0.974520156419571,0.999953338623305
1,5,1.04727984901433,0.998720609884368,1.02066485878205,1.00806269378688,0.974856959485744,0.999954618623639
2,0,0,0,0,0,0,0
2,0.01,0.000162000590519044,0.0027222527824324,-0.00510719964784649,0.0129738602567029,0.00387932902667302,0.00544964508985302
2,0.02,0.000797952606000533,0.00629630703572922,-0.00971142597542841,0.0291748276756554,0.0113900711214389,0.0181826500848146
2,0.03,0.00191783367179267,0.0100256170852305,-0.0121399755559352,0.0427016052460201,0.0207414395307755,0.0338317470424064
2,0.04,0.00349416641392644,0.0147920129678913,-0.0143337009558666,0.0587580894197256,0.0326040385689096,0.0471573924457009
2,0.05,0.00553131848557175,0.0198467668222645,-0.014620103146883,0.0724748416130602,0.0455931394289085,0.0626723718800185
2,0.06,0.00800501212858841,0.0258971266363559,-0.0145676879110173,0.0882365600833618,0.0603566766567577,0.0762855980027975
2,0.07,0.0109167486186076,0.0323482003720846,-0.012861423483493,0.102199749812876,0.0758358444685492,0.091573941586572
2,0.08,0.0142466311420428,0.0397246486983648,-0.0106737048744754,0.117618753620206,0.0925316236766383,0.105503400556755
2,0.09,0.0179930865427779,0.0476057700804612,-0.00708998998533213,0.131807989951984,0.109712004214147,0.120566028661566
2,0.1,0.0221407504022644,0.0563369981654401,-0.00289540320365989,0.146903923693956,0.127701963286615,0.134776075531834
2,0.11,0.0266858997477851,0.0656523000592832,0.00246938852683039,0.16124844368575,0.146046242301228,0.149662285057012
2,0.12,0.0316173348706713,0.0757501238924369,0.00853394156290966,0.176072106151934,0.164919212771469,0.164086536978055
2,0.13,0.0369306035581775,0.0864811536376779,0.015588153891162,0.190487711364569,0.184068759701247,0.178857971026996
2,0.14,0.0426182386406939,0.097937684286838,0.0233852772957131,0.205089866832915,0.203563664367482,0.193429230200994
2,0.15,0.0486764785003497,0.110048288439291,0.0320329513544576,0.219502288862544,0.223284402340845,0.208136972207175
2,0.16,0.0551013575186899,0.122835213748928,0.0414282377069763,0.233918928018869,0.243235492639082,0.222801318513485
2,0.17,0.061891004034206,0.136274030025419,0.0515656786598088,0.248271532197901,0.263375497861032,0.237478328341814
2,0.18,0.0690449809700928,0.150343480663998,0.0624278603150441,0.262521886944213,0.283673605554148,0.252196831845406
2,0.19,0.0765642615826978,0.165044912859758,0.0739437272732198,0.276774160108805,0.304129569194414,0.266859401072773
2,0.2,0.0844521710413278,0.180330988743977,0.0861434997872872,0.290864539889829,0.324694130869914,0.281604233271607
2,0.21,0.0927132964620904,0.196215512329843,0.0989204356356656,0.304987461252629,0.345385147483975,0.296256417535666
2,0.22,0.101355091297934,0.212635848281277,0.112329251535968,0.318916234658759,0.366143398397156,0.311005939961314
2,0.23,0.110386408590829,0.229610129039359,0.126245895877725,0.33288771858386,0.386990790606382,0.325643815512279
2,0.24,0.119819267293858,0.247067247676367,0.140735197732375,0.346649525078178,0.407861955919348,0.340378493544688
2,0.25,0.129667370878958,0.265024271990107,0.155668068486713,0.360450917279435,0.428773945680284,0.354993282645217
2,0.26,0.139947766476428,0.283406677169819,0.171108985024858,0.374039701245609,0.449657149620797,0.36969277740822
2,0.27,0.150679542698468,0.302225991893989,0.18693395887991,0.387653492771742,0.470517396605111,0.384272725530396
2,0.28,0.161885219618961,0.321408980499379,0.203197457628988,0.401064165457064,0.49128245283564,0.398914251642382
2,0.29,0.173589732116116,0.340957186219691,0.219790521870899,0.41447332996898,0.511941773925416,0.41344499639542
2,0.3,0.185821439602524,0.360803295584034,0.236748185341717,0.427701399110126,0.532422238111797,0.428003369082517
2,0.31,0.198611430244012,0.380934969337003,0.25398513562237,0.440891093859979,0.552693074174489,0.44246631086497
2,0.32,0.211994085539167,0.401294080581777,0.27151058112143,0.453929860522785,0.572681232966837,0.456915839786913
2,0.33,0.22600664401241,0.421853040414838,0.289266015159202,0.466890914187881,0.592334479367561,0.471285110740805
2,0.34,0.240689315345593,0.442562651016278,0.307236062552816,0.479728365060476,0.611578561726347,0.485601484476389
2,0.35,0.256084923841396,0.463382968804198,0.325383249357437,0.492458733744412,0.6303423571563,0.499842574132524
2,0.36,0.272238602752074,0.48426954656135,0.343677340029159,0.505078810527425,0.648546910281062,0.514001077321265
2,0.37,0.289197254830914,0.505175936620067,0.362090287856137,0.517579234952499,0.666107672711282,0.52807383578607
2,0.38,0.307008810658015,0.526057515723773,0.380588608324938,0.529968064627521,0.682938087779719,0.542043733386454
2,0.39,0.325721239120063,0.546866178616426,0.399144947030436,0.542235768998347,0.698945919502698,0.555906474863317
2,0.4,0.34538123920138,0.567555245482377,0.417728458270888,0.554385394262298,0.714038177255188,0.569647509506324
2,0.41,0.366032571787651,0.58807683770185,0.436311060138987,0.566413570458763,0.728120229966902,0.58325642565925
2,0.42,0.387713980922615,0.608383525204914,0.454865010950601,0.578318992259139,0.741098812596966,0.596720502408869
2,0.43,0.410456665534895,0.628428468088596,0.473363857923331,0.59010043234055,0.752884278410941,0.610026216862367
2,0.44,0.434281286554124,0.64816585858466,0.491783024726264,0.601755993260659,0.763393626420773,0.623159834954877
2,0.45,0.459194531452112,0.667551714073842,0.510099958600902,0.613284123038193,0.772554408343255,0.636106754174869
2,0.46,0.485185304873336,0.686544547662138,0.528294794244977,0.624682973101376,0.78030911209513,0.648852146541618
2,0.47,0.512220687382538,0.705106246830969,0.54635081491089,0.635950529884954,0.786620251374853,0.661381119161588
2,0.48,0.540241885693347,0.723203004929474,0.564254940615985,0.647084577614136,0.791475891364738,0.673679103205383
2,0.49,0.569160492492243,0.740806281503627,0.581998151694556,0.658082624922659,0.794895347547521,0.685732378704478
2,0.5,0.59885546689012,0.757893737747261,0.599575760516532,0.668941893673367,0.796934650916135,0.697528656751311
2,0.51,0.629171321328236,0.774450049562178,0.616987480395348,0.679659303511006,0.797691212875927,0.709057744021676
2,0.52,0.659918037927304,0.790467493941775,0.634237219527929,0.690231478620002,0.797307017702897,0.720312226240496
2,0.53,0.690873214768275,0.805946192580613,0.651332548069475,0.700654780885148,0.795969607155229,0.731288103483769
2,0.54,0.721786843438046,0.820893902911481,0.668283815119065,0.710925368489971,0.793910148818669,0.741985298879119
2,0.55,0.75238893542889,0.835325274280318,0.685102931949291,0.721039280514213,0.791398021176726,0.752407955749836
2,0.56,0.782399951282807,0.849260535874001,0.701801887120393,0.730992543821759,0.78873161314427,0.762564449110336
2,0.57,0.811543659876664,0.862723651292168,0.718391109444008,0.740781295178436,0.786225415321008,0.772467061020615
2,0.58,0.839561691865834,0.875740054412794,0.734877836945252,0.750401908356002,0.78419394597444,0.782131302743513
2,0.59,0.866228681562541,0.888334160416487,0.751264674243368,0.759851112791316,0.782933564333334,0.791574904181448
2,0.6,0.891366551167635,0.900526910124025,0.767548518900805,0.769126087783588,0.78270372539434,0.800816527066327
2,0.61,0.914856231018948,0.912333640577127,0.783720004679696,0.778224515044483,0.783709659749699,0.809874291245584
2,0.62,0.936645011692929,0.923762567421159,0.799763546651184,0.787144574183478,0.786088728268119,0.818764236436631
2,0.63,0.956747911581659,0.934814106482652,0.815657986002174,0.795884872395132,0.789902672883574,0.827498879442461
2,0.64,0.975242056684235,0.945481151023913,0.831377734150783,0.804444312521346,0.795137498064388,0.836086065799472
2,0.65,0.992254181993743,0.955750266574607,0.846894226342596,0.812821921440262,0.801711646913735,0.844528334902907
2,0.66,1.00794285482265,0.96560359241231,0.862177439160961,0.821016677592671,0.809491529080882,0.852822981964939
2,0.67,1.0224784745173,0.975021091668773,0.87719722740593,0.829027382895164,0.818311676873738,0.860962876088077
2,0.68,1.036024880854,0.983982724729944,0.891924302492002,0.836852612295288,0.827995524771753,0.868937890896671
2,0.69,1.04872596306497,0.992470172979339,0.906330789606265,0.844490745110871,0.838372727492214,0.876736599990723
2,0.7,1.06069899542748,1.00046790615772,0.920390421111806,0.851940050080928,0.849290289933829,0.884347801029845
2,0.71,1.07203424014623,1.00796360186283,0.934078500276294,0.859198779703199,0.860617024912728,0.891761530913441
2,0.72,1.08279870452087,1.01494809520498,0.947371778293693,0.866265237760111,0.872242880917279,0.898969472364924
2,0.73,1.0930414965102,1.02141509530166,0.960248343922392,0.873137807826972,0.884075587007638,0.905964886033404
2,0.74,1.10279886693526,1.02736085852076,0.972687567287726,0.879814951839162,0.896036739146169,0.912742307947237
2,0.75,1.11209807280739,1.03278391582529,0.984670098590194,0.886295195333102,0.908058504416316,0.919297215936796
2,0.76,1.12096000810516,1.03768487393638,0.996177906282,0.892577111886709,0.920081251237574,0.925625767578275
2,0.77,1.1294009080072,1.04206627197353,1.00719433882108,0.898659311947853,0.932051953698779,0.931724627330118
2,0.78,1.13743346328996,1.04593246853211,1.01770419854426,0.904540436353476,0.943923110439085,0.937590861688099
2,0.79,1.14506758573516,1.04928954082673,1.0276938200473,0.910219153182857,0.95565197304125,0.943221876212646
2,0.8,1.15231096702011,1.05214518556845,1.03715114774071,0.91569415665134,0.967199959268649,0.948615375937587
2,0.81,1.15916950922933,1.05450861668064,1.04606580852556,0.920964167224906,0.978532183284298,0.953769338634277
2,0.82,1.16564767009339,1.05639045791932,1.0544291763417,0.926027932503519,0.989617066295179,0.958681995410181
2,0.83,1.17174874805942,1.05780262996915,1.06223442594267,0.930884228622972,1.00042600673753,0.963351815720155
2,0.84,1.17747512279618,1.0587582323766,1.06947657375094,0.935531862022339,1.01093309699359,0.967777495147903
2,0.85,1.18282846135245,1.059271421134,1.07615250409448,0.939969671470338,1.02111487786094,0.971957944967879
2,0.86,1.18780989689986,1.05935728300357,1.08226097954805,0.944196530267045,1.03095012447622,0.975892282858927
2,0.87,1.19242018486599,1.05903170783879,1.08780263451447,0.948211348550221,1.04041965896823,0.979579824357477
2,0.88,1.19665983983571,1.05831126025065,1.09277995158836,0.952013075643719,1.04950618617154,0.983020074776483
2,0.89,1.20052925561917,1.05721305199465,1.09719722064553,0.955600702391668,1.05819414947076,0.986212721408597
2,0.9,1.204028810206,1.05575461642995,1.1010604809913,0.958973263427847,1.06646960437401,0.989157625895447
2,0.91,1.20715895685859,1.05395378633282,1.10437744727173,0.962129839335425,1.07432010779646,0.991854816689129
2,0.92,1.20992030228155,1.05182857623916,1.10715742019551,0.965069558658463,1.08173462131036,0.994304481563121
2,0.93,1.21231367260229,1.04939707035308,1.10941118342256,0.967791599733275,1.08870342681236,0.996506960151756
2,0.94,1.21434016777982,1.04667731689734,1.11115088824005,0.970295192314841,1.09521805319315,0.998462736512641
2,0.95,1.21600120500428,1.0436872296054,1.11238992786163,0.972579618980907,1.10127121268211,1.00017243171698
2,0.96,1.21729855164353,1.04044449687086,1.1131428033465,0.974644216303751,1.10685674559505,1.00163679647999
2,0.97,1.21823434832093,1.03696649888626,1.11342498323878,0.976488375786863,1.11196957224776,1.00285670384831
2,0.98,1.21881112275928,1.03327023292627,1.11325275907336,0.9781115445705,1.11660565082254,1.00383314196484
2,0.99,1.21903179509028,1.02937224676623,1.11264309888471,0.979513225916157,1.12076193999912,1.00456720693322
2,1,1.21889967539725,1.02528858008041,1.11161350079186,0.980692979485188,1.12443636519391,1.00506009580586
2,1.01,1.21841845432381,1.02103471353963,1.11018184862219,0.981650421431017,1.12762778729853,1.00531309972028
2,1.02,1.21759218763626,1.0166255252265,1.10836627138464,0.982385224327501,1.13033597287508,1.00532759720862
2,1.03,1.21642527566712,1.01207525390981,1.10618500821738,0.982897116958011,1.13256156485337,1.00510504770527
2,1.04,1.21492243858769,1.00739746866772,1.1036562802238,0.983185883990771,1.13430605288497,1.00464698527658
2,1.05,1.21308868845711,1.00260504432027,1.10079817038251,0.983251365565978,1.13557174263685,1.00395501259517
2,1.06,1.210929298973,0.997710142123539,1.09762851247999,0.983093456819306,1.13636172345114,1.00303079517913
2,1.07,1.20844977380559,0.992724195188023,1.09416478977668,0.982712107364838,1.1366798339494,1.0018760559133
2,1.08,1.20565581433545,0.987657898108334,1.09042404388557,0.982107320758261,1.1365306253157,1.00049256986628
2,1.09,1.20255328753755,0.982521200327716,1.08642279412259,0.981279153958605,1.13591932214429,0.998882159412311
2,1.1,1.1991481946656,0.977323302804787,1.08217696738583,0.980227716803991,1.13485178087975,0.997046689662837
2,1.11,1.1954466412936,0.972072657598846,1.07770183843893,0.978953171513899,1.13333444600523,0.994988064207311
2,1.12,1.19145480917149,0.966776970040719,1.07301198031603,0.977455732227557,1.13137430424255,0.992708221158283
2,1.13,1.18717893025159,0.961443203206167,1.06812122443244,0.97573566458522,1.12897883711561,0.990209129491072
2,1.14,1.18262526314575,0.956077584456356,1.06304262987757,0.973793285356485,1.12615597229327,0.987492785664275
2,1.15,1.17780007218233,0.950685613853228,1.05778846128345,0.971628962117368,1.12291403417028,0.984561210503801
2,1.16,1.17270960914982,0.945272074295848,1.05237017460322,0.969243112975802,1.11926169416689,0.981416446330326
2,1.17,1.16736009774022,0.939841043256287,1.04679841009639,0.966636206343332,1.11520792122968,0.978060554308027
2,1.18,1.16175772064265,0.934395906020113,1.04108299180007,0.963808760749358,1.11076193300355,0.974495611991148
2,1.19,1.15590860918446,0.928939370357217,1.0352329327647,0.960761344693006,1.10593314811766,0.970723711044468
2,1.2,1.14981883537489,0.92347348256371,1.02925644534733,0.957494576526835,1.10073113999195,0.96674695511388
2,1.21,1.14349440617296,0.917999644825608,1.02316095588129,0.954009124365939,1.09516559252789,0.962567457824026
2,1.22,1.13694125977704,0.912518633860535,1.01695312307696,0.950305706015614,1.08924625799949,0.958187340881205
2,1.23,1.13016526371729,0.907030620795315,1.01063885955129,0.946385088910584,1.08298291741231,0.953608732261338
2,1.24,1.12317221452235,0.901535192235978,1.00422335593127,0.942248090058807,1.07638534354969,0.948833764464712
2,1.25,1.11596783872803,0.896031372482836,0.997711107027546,0.937895575983081,1.06946326687934,0.943864572821232
2,1.26,1.10855779499684,0.890517646837723,0.991105939626431,0.933328462653991,1.06222634445081,0.938703293832072
2,1.27,1.10094767712217,0.884991985943731,0.984411041500865,0.928547715408175,1.05468413187498,0.933352063535733
2,1.28,1.09314301769917,0.879451871090318,0.977628991291467,0.923554348846441,1.04684605844263,0.927813015888597
2,1.29,1.08514929225474,0.873894320409075,0.970761788957769,0.918349426706849,1.03872140540881,0.922088281152031
2,1.3,1.0769719236415,0.86831591587792,0.963810886545448,0.912934061708538,1.03031928744377,0.916179984279927
2,1.31,1.06861628651399,0.86271283104453,0.956777219057861,0.907309415362756,1.02164863722948,0.910090243302242
2,1.32,1.06008771171972,0.857080859373464,0.949661235258886,0.901476697748259,1.01271819316171,0.903821167701627
2,1.33,1.05139149045243,0.851415443116039,0.942462928268906,0.895437167248956,1.00353649010191,0.897374856781593
2,1.34,1.04253287803022,0.845711702597561,0.935181865846517,0.889192130252367,0.994111853109214,0.890753398025905
2,1.35,1.03351709717575,0.83996446581313,0.927817220275377,0.882742940808175,0.984452394070219,0.883958865449986
2,1.36,1.02434934069128,0.834168298221011,0.920367797798495,0.876091000246789,0.974566011132821,0.876993317946169
2,1.37,1.01503477343556,0.828317532621375,0.912832067561454,0.869237756758493,0.964460390838837,0.869858797625542
2,1.38,1.00557853352453,0.822406299008188,0.905208190041689,0.862184704934343,0.954143012838691,0.862557328160102
2,1.39,0.995985732691683,0.816428554283028,0.897494044953299,0.85493338527053,0.943621157059298,0.855090913129807
2,1.4,0.986261455758097,0.810378111721608,0.889687258626156,0.847485383638448,0.93290191318346,0.847461534380081
2,1.41,0.976410759175817,0.804248670086764,0.881785230864601,0.839842330723149,0.921992192285209,0.839671150396265
2,1.42,0.96643866862143,0.798033842285488,0.873785161295019,0.832005901433282,0.910898740450851,0.831721694702584
2,1.43,0.95635017562987,0.791727183472216,0.865684075213385,0.823977814285952,0.899628154199791,0.82361507429425
2,1.44,0.946150233271056,0.785322218505951,0.857478848943694,0.815759830770225,0.888186897503043,0.815353168112528
2,1.45,0.935843750884302,0.778812468674773,0.849166234716331,0.807353754693214,0.876581320180737,0.806937825573814
2,1.46,0.925435587897268,0.772191477607866,0.840742885072194,0.798761431512834,0.864817677443449,0.798370865165058
2,1.47,0.914930546767584,0.765452836302193,0.832205376793942,0.789984747661413,0.852902150326261,0.789654073119186
2,1.48,0.904333365096034,0.758590207198393,0.823550234360455,0.781025629864333,0.840840866749574,0.780789202185477
2,1.49,0.893648706970286,0.751597347248189,0.814773952914609,0.771886044457854,0.828639922927489,0.77177797051115
2,1.5,0.882881153607413,0.744468129923525,0.805873020728139,0.762567996710128,0.81630540483356,0.76262206065155
2,1.51,0.872035193371841,0.737196566125785,0.796843941140788,0.753073530149231,0.803843409425555,0.753323118727407
2,1.52,0.861115211252713,0.72977682396152,0.787683253944501,0.743404725901817,0.791260065325948,0.743882753748451
2,1.53,0.850125477890794,0.722203247359279,0.778387556177158,0.73356370204565,0.778561552653918,0.734302537123285
2,1.54,0.839070138250032,0.71447037351007,0.768953522284615,0.723552612978972,0.765754121707799,0.724584002375654
2,1.55,0.827953200032376,0.706572949121824,0.759377923604677,0.713373648809217,0.752844110204823,0.714728645087195
2,1.56,0.816778521936605,0.698505945485709,0.749657647122339,0.703029034763194,0.739837958797581,0.70473792308623
2,1.57,0.805549801862488,0.690264572359318,0.739789713442256,0.692521030620372,0.726742224604216,0.69461325690121
2,1.58,0.794270565160695,0.681844290678511,0.729771293922145,0.68185193017045,0.713563592511766,0.684356030495991
2,1.59,0.782944153026369,0.673240824115899,0.719599726909665,0.671024060695904,0.700308884039182,0.673967592302186
2,1.6,0.771573711130323,0.66445016950972,0.709272533025506,0.660039782479729,0.686985063578079,0.663449256561421
2,1.61,0.760162178576409,0.655468606191931,0.698787429436754,0.648901488338135,0.673599241864712,0.652802304987429
2,1.62,0.748712277266863,0.646292704248855,0.688142343067325,0.637611603177526,0.660158676575482,0.642027988754558
2,1.63,0.737226501749478,0.636919331751556,0.677335422696191,0.626172583574659,0.646670769979805,0.631127530815572
2,1.64,0.725707109611492,0.627345660996293,0.666365049899265,0.614586917378547,0.633143063627574,0.620102128547531
2,1.65,0.714156112475194,0.617569173797911,0.655229848797108,0.602857123332313,0.619583230092963,0.608952956720276
2,1.66,0.702575267639763,0.607587665880917,0.643928694577889,0.59098575071296,0.605999061840962,0.597681170777558
2,1.67,0.690966070402894,0.597399250414183,0.63246072077325,0.578975378986769,0.592398457327005,0.586287910416369
2,1.68,0.67932974708457,0.587002360735914,0.620825325273599,0.566828617477886,0.578789404482325,0.574774303445596
2,1.69,0.667667248764141,0.576395752315608,0.609022175078857,0.554548105047543,0.5651799617775,0.563141469900815
2,1.7,0.655979245730896,0.565578503999345,0.597051209790535,0.542136509781281,0.551578237093151,0.551390526388048
2,1.71,0.644266122637677,0.554550018583957,0.58491264386109,0.529596528681516,0.537992364659228,0.539522590625687
2,1.72,0.632527974337121,0.543310022764455,0.57260696762657,0.516930887362842,0.524430480352148,0.527538786150583
2,1.73,0.620764602370812,0.531858566497615,0.560134947158481,0.504142339747472,0.510900695661775,0.515440247151701
2,1.74,0.608975512073255,0.520196021822957,0.54749762298037,0.491233667758363,0.497411070657405,0.503228123392714
2,1.75,0.5971599102452,0.50832308118049,0.534696307703711,0.478207681007636,0.483969586293405,0.490903585183535
2,1.76,0.585316703344516,0.496240755262622,0.521732582646104,0.465067216478067,0.470584116400811,0.478467828360119
2,1.77,0.57344449613766,0.48395037043567,0.508608293502491,0.451815138195573,0.457262399711095,0.465922079231853
2,1.78,0.561541590750771,0.471453565764374,0.495325545146918,0.438454336890738,0.444012012252606,0.453267599456555
2,1.79,0.549605986056598,0.458752289670876,0.481886695648257,0.424987729647641,0.430840340449221,0.440505690804434
2,1.8,0.537635377331829,0.445848796257732,0.468294349588227,0.411418259538381,0.417754555234857,0.427637699774306
2,1.81,0.525627156118868,0.432745641322767,0.45455135077393,0.39774889524185,0.404761587477165,0.414665022027856
2,1.82,0.513578410226715,0.419445678091873,0.440660774439975,0.383982630645519,0.391868104979551,0.40158910661071
2,1.83,0.501485923807235,0.405952052694364,0.426625919037145,0.370122484429122,0.379080491303131,0.388411459932436
2,1.84,0.489346177445755,0.392268199404054,0.412450297705369,0.356171499629314,0.366404826620016,0.37513364948129
2,1.85,0.477155348208507,0.37839783566795,0.398137629528709,0.342132743184557,0.353846870776972,0.361757307253414
2,1.86,0.464909309593886,0.364344956943325,0.383691830669053,0.328009305459649,0.34141204871463,0.34828413288023
2,1.87,0.452603631339773,0.350113831362829,0.369117005473373,0.313804299749503,0.329105438352598,0.334715896441886
2,1.88,0.440233579045269,0.335708994246416,0.354417437646797,0.299520861761979,0.316931761015501,0.32105444095865
2,1.89,0.427794113571987,0.321135242477928,0.339597581580416,0.285162149079785,0.304895374439668,0.307301684556112
2,1.9,0.415279890197614,0.306397628763438,0.324662053918764,0.270731340601655,0.293000268365234,0.293459622303858
2,1.91,0.402685257502751,0.291501455787645,0.309615625447367,0.256231635963302,0.281250062684193,0.279530327730847
2,1.92,0.390004255981063,0.276452270283932,0.294463213375651,0.24166625493885,0.269648008081622,0.265515954023998
2,1.93,0.377230616372587,0.261255857032956,0.279209874084941,0.227038436823769,0.258196989075146,0.251418734919554
2,1.94,0.364357757730672,0.245918232803923,0.26386079640528,0.2123514398006,0.246899529326785,0.237240985299402
2,1.95,0.35137878524457,0.230445640251937,0.248421295478378,0.197608540289111,0.235757799071683,0.222985101506896
2,1.96,0.33828648785222,0.21484454178399,0.232896807257206,0.182813032282816,0.224773624479892,0.208653561398732
2,1.97,0.325073335691367,0.199121613405266,0.217292883685562,0.167968226674203,0.213948498740282,0.194248924150998
2,1.98,0.311731477452053,0.183283738556397,0.201615188593408,0.153077450571311,0.203283594629646,0.179773829838907
2,1.99,0.298252737709724,0.167338001951167,0.185869494335764,0.138144046608741,0.192779778305142,0.165230998810626
2,2,0.284628614335984,0.151291683422761,0.170061679194612,0.123171372256532,0.182437624034087,0.150623230876304
2,2.01,0.270850276103558,0.135152251785104,0.154197725554367,0.108162799130699,0.172257429551693,0.135953404333793
2,2.02,0.256908560623449,0.118927358713914,0.138283718852088,0.0931217123096839,0.162239231714439,0.121224474852616
2,2.03,0.242793972775837,0.102624832649892,0.122325847293639,0.0780515096612202,0.152382822094247,0.10643947423764
2,2.04,0.228496683822172,0.0862526727237535,0.106330402316333,0.0629556011845196,0.142687762136267,0.0916015090935449
2,2.05,0.214006531414319,0.069819042699733,0.0903037797671082,0.047837408373106,0.13315339748094,0.0767137594104697
2,2.06,0.19931302074777,0.0533322649302945,0.0742524817531639,0.0327003636034693,0.123778871028715,0.0617794770908208
2,2.07,0.184405327139919,0.0368008143104899,0.0581831191083733,0.0175479095557147,0.114563134303873,0.0468019844356116
2,2.08,0.169272300351449,0.0202333122149077,0.0421024144048831,0.00238349867135678,0.105504956651668,0.031784672608618
2,2.09,0.153902471008914,0.00363852039417813,0.0260172054231618,-0.0127894073450859,0.0966029317815845,0.0167310000940838
2,2.1,0.138284059529723,-0.0129746651995879,0.00993444897748332,-0.0279673379757464,0.0878554811481018,0.00164449116383304
2,2.11,0.122404987996779,-0.0295972206972878,-0.0061387750251556,-0.0431468142837776,0.0792608536406195,-0.0134712656335045
2,2.12,0.106252895478676,-0.0462200007563211,-0.0221952594338433,-0.0583243492480561,0.0708171210354229,-0.0286126189484117
2,2.13,0.0898151573422728,-0.0628337452233017,-0.0382276657735266,-0.0734964480324989,0.0625221686469888,-0.0437758560622699
2,2.14,0.073078909156839,-0.0794290860895971,-0.0542285204213392,-0.0886596081867581,0.0543736806031499,-0.0589572042659881
2,2.15,0.0560310758420068,-0.0959965548279613,-0.0701902112502118,-0.103810319774351,0.0463691191614389,-0.0741528321799541
2,2.16,0.0386584067640183,-0.11252659021555,-0.0861049849760225,-0.11894506542685,0.0385056974826549,-0.0893588510106051
2,2.17,0.0209475175346742,-0.129009546767246,-0.101964945472182,-0.134060320323199,0.0307803452854996,-0.104571315742053
2,2.18,0.00288493931273875,-0.145435703924072,-0.117762053343593,-0.14915255209565,0.0231896668246101,-0.119786226262837
2,2.19,-0.0155428235543418,-0.161795276164095,-0.133488127080764,-0.16421822066576,0.0157298906668482,-0.134999528430309
2,2.2,-0.0343492266829825,-0.178078424227587,-0.149134846143627,-0.179253778016208,0.00839681079049789,-0.15020711507756
2,2.21,-0.0535476087217825,-0.194275267674022,-0.164693756352254,-0.194255667907677,0.00118571860266783,-0.165404826969406
2,2.22,-0.0731511034632597,-0.210375899015066,-0.180156277987819,-0.209220325552552,-0.00590867443351065,-0.180588453716668
2,2.23,-0.09317254015729,-0.226370399694641,-0.19551371702961,-0.224144177261873,-0.0128923237444316,-0.195753734658814
2,2.24,-0.113624331245821,-0.24224885821309,-0.210757279972086,-0.239023640085196,-0.0197719481855801,-0.21089635972728
2,2.25,-0.134518346836978,-0.258001390716528,-0.2258780926771,-0.253855121468232,-0.0265551359954334,-0.226011970301942
2,2.26,-0.155865775379583,-0.273618164392691,-0.240867223719108,-0.268635018957333,-0.0332504597376294,-0.241096160074189
2,2.27,-0.177676970193656,-0.289089424029352,-0.255715712672312,-0.283359719985197,-0.0398675995095163,-0.256144475929331
2,2.28,-0.199961281765644,-0.30440552209796,-0.270414603766101,-0.298025601776789,-0.0464174733457899,-0.271152418860445
2,2.29,-0.222726876035319,-0.31955695272122,-0.284954985295415,-0.312629031419546,-0.0529123733410089,-0.286115444923783
2,2.3,-0.245980539289363,-0.334534389865436,-0.299328035113254,-0.327166366145984,-0.0593661055539206,-0.301028966243767
2,2.31,-0.26972747073735,-0.349328730063612,-0.313525072450066,-0.341633953880806,-0.0657941312427846,-0.315888352072437
2,2.32,-0.293971064378625,-0.363931139919814,-0.327537616196868,-0.356028134106952,-0.0722137064205935,-0.330688929905312
2,2.33,-0.318712682368808,-0.37833310856599,-0.341357449653231,-0.370345239106485,-0.078644016123881,-0.345425986652417
2,2.34,-0.343951422752185,-0.392526505136141,-0.354976691576344,-0.384581595631464,-0.0851062991754771,-0.360094769861102
2,2.35,-0.369683885124658,-0.406503641187095,-0.368387873173128,-0.398733527057169,-0.0916239586137475,-0.374690488986462
2,2.36,-0.395903938507488,-0.420257337828848,-0.381584020454817,-0.412797356064699,-0.0982226523888578,-0.38920831670669
2,2.37,-0.422602496413242,-0.433780997130625,-0.3945587411259,-0.426769407891436,-0.104930358427777,-0.403643390285873
2,2.38,-0.449767304733036,-0.447068677143592,-0.407306314911955,-0.440646014176578,-0.111777407788003,-0.417990812995909
2,2.39,-0.477382748622126,-0.460115169631989,-0.419821785951659,-0.454423517413992,-0.118796479404023,-0.432245655624255
2,2.4,-0.505429684957935,-0.472916079338619,-0.432101055597308,-0.46809827600706,-0.126022549932117,-0.446402958114746
2,2.41,-0.533885307136989,-0.485467903338169,-0.444140973698622,-0.481666669899474,-0.133492792469039,-0.460457731415972
2,2.42,-0.562723048912753,-0.497768108765776,-0.455939426201287,-0.495125106733556,-0.141246418504564,-0.474404959644314
2,2.43,-0.59191253360925,-0.509815206964272,-0.46749541669161,-0.50847002846377,-0.149324458402556,-0.488239602706245
2,2.44,-0.62141957434139,-0.521608821888929,-0.478809139379038,-0.521697918329614,-0.15776947701034,-0.501956599563843
2,2.45,-0.651206229815852,-0.533149750461777,-0.489882040946339,-0.534805308069645,-0.166625222670178,-0.515550872366097
2,2.46,-0.681230918882127,-0.544440012496434,-0.500716868728158,-0.547788785239283,-0.1759362099223,-0.529017331701486
2,2.47,-0.711448595284966,-0.555482887834557,-0.511317702814244,-0.560645000480004,-0.185747238488977,-0.542350883250351
2,2.48,-0.741810982098273,-0.56628293845841,-0.521689969921075,-0.573370674578777,-0.196102853626543,-0.555546436122693
2,2.49,-0.772266863185458,-0.576846013576865,-0.531840437235499,-0.585962605154329,-0.207046755511332,-0.568598913154364
2,2.5,-0.802762426845188,-0.587179236023963,-0.54177718490024,-0.598417672812651,-0.218621167848228,-0.581503263397274
2,2.51,-0.833241654693209,-0.597290968751634,-0.551509556369539,-0.610732846627305,-0.230866178204594,-0.594254476976197
2,2.52,-0.86364674693631,-0.607190760725123,-0.561048086492699,-0.622905188820926,-0.243819064523031,-0.606847602395136
2,2.53,-0.893918573643636,-0.61688927211791,-0.570404407856104,-0.634931858550969,-0.257513623709523,-0.619277766263915
2,2.54,-0.923997140526775,-0.626398179323199,-0.579591136598206,-0.646810114734381,-0.271979519008456,-0.631540195285318
2,2.55,-0.953822057187814,-0.635730060919007,-0.588621739572175,-0.658537317879626,-0.287241662977722,-0.643630240203778
2,2.56,-0.98333299583195,-0.644898266309915,-0.597510385333052,-0.670110930928893,-0.303319652225008,-0.655543401277267
2,2.57,-1.0124701290747,-0.653916769289315,-0.606271781938777,-0.681528519145295,-0.320227268668451,-0.667275354706365
2,2.58,-1.04117453666822,-0.662800009194658,-0.614921004951503,-0.692787749108121,-0.337972059998184,-0.678821979348157
2,2.59,-1.06938857265435,-0.67156272264501,-0.62347331928877,-0.703886386901232,-0.356555009340515,-0.690179382967618
2,2.6,-1.097056186522,-0.680219769043641,-0.631943998694023,-0.714822295595171,-0.375970300999549,-0.701343927241605
2,2.61,-1.12412319428326,-0.688785953096011,-0.640348146572587,-0.72559343213146,-0.396205185731693,-0.712312250734523
2,2.62,-1.15053749785883,-0.697275847541834,-0.648700521781761,-0.736197843718296,-0.41723994546796,-0.723081289110362
2,2.63,-1.17624925365515,-0.705703619142864,-0.657015372689069,-0.746633663841526,-0.439047953909154,-0.733648291929221
2,2.64,-1.20121099361407,-0.714082860725889,-0.665306282444255,-0.756899107984224,-0.461595826142512,-0.744010835491706
2,2.65,-1.22537770422752,-0.722426431777286,-0.673586027975253,-0.766992469134865,-0.484843647513125,-0.754166831331667
2,2.66,-1.24870687096581,-0.730746309747156,-0.68186645474483,-0.77691211314916,-0.508745269559439,-0.764114530106261
2,2.67,-1.27115849721687,-0.739053453873202,-0.690158368820427,-0.786656474016749,-0.533248659002153,-0.773852520779728
2,2.68,-1.29269510813939,-0.7473576830001,-0.698471447339482,-0.796224049072049,-0.558296284657817,-0.783379725132222
2,2.69,-1.31328175076655,-0.755667568568441,-0.706814168015514,-0.805613394180652,-0.583825526819452,-0.792695387736416
2,2.7,-1.33288600222894,-0.763990343691981,-0.715193757939375,-0.814823118928772,-0.60976909418543,-0.801799061624004
2,2.71,-1.35147799805497,-0.772331829040444,-0.723616161590439,-0.823851881844168,-0.636055434897153,-0.81069058990566
2,2.72,-1.36903049209512,-0.780696376097293,-0.732086027681297,-0.832698385681439,-0.662609130728191,-0.819370083609977
2,2.73,-1.38551895861853,-0.789086828260266,-0.740606714205987,-0.841361372812087,-0.689351266997737,-0.827837895971768
2,2.74,-1.40092174543718,-0.797504500180886,-0.749180310828094,-0.849839620767851,-0.716199775371205,-0.836094593336709
2,2.75,-1.41522028439233,-0.805949175673896,-0.75780767750847,-0.858131937992775,-0.743069752316259,-0.844140922771462
2,2.76,-1.42839936205165,-0.814419124437203,-0.766488498007473,-0.866237159862542,-0.769873762469797,-0.851977776397141
2,2.77,-1.44044744889171,-0.822911137670583,-0.775221346580296,-0.874154145026565,-0.796522143277371,-0.859606152425666
2,2.78,-1.45135707951494,-0.831420582427731,-0.784003765799801,-0.881881772117119,-0.822923334552813,-0.867027112904441
2,2.79,-1.46112526961911,-0.839941474144493,-0.79283235298646,-0.88941893684943,-0.848984263414836,-0.874241738297993
2,2.8,-1.46975394772262,-0.848466566229966,-0.801702852216969,-0.896764549507292,-0.874610820481516,-0.881251079285964
2,2.81,-1.47725037152477,-0.856987454879976,-0.810610248365242,-0.903917532772793,-0.899708466086412,-0.888056106555484
2,2.82,-1.48362749103222,-0.865494696399241,-0.819548859174922,-0.910876819820165,-0.924183004271584,-0.894657659913489
2,2.83,-1.48890421434565,-0.873977933365998,-0.82851242107222,-0.917641352559727,-0.947941556007743,-0.901056398711535
2,2.84,-1.49310552872123,-0.882426025057068,-0.837494164421212,-0.924210079896667,-0.970893750272312,-0.907252756291766
2,2.85,-1.49626243083004,-0.890827176835072,-0.846486874319945,-0.930581955870773,-0.992953131609014,-0.913246901809451
2,2.86,-1.49841162757502,-0.899169062877921,-0.855482933924359,-0.936755937575408,-1.01403875591526,-0.919038713201434
2,2.87,-1.49959498343316,-0.907438936897151,-0.864474348692654,-0.942730982821541,-1.03407691422654,-0.924627765059317
2,2.88,-1.49985871209887,-0.91562372648767,-0.873452751789551,-0.948506047612839,-1.05300289075386,-0.930013334549031
2,2.89,-1.49925233771794,-0.923710108505368,-0.882409392979739,-0.95408008361802,-1.07076263175765,-0.935194427179752
2,2.9,-1.49782748088417,-0.9316845652406,-0.891335115358085,-0.959452035943592,-1.08731418268551,-0.94016982218547
2,2.91,-1.49563655176619,-0.939533423811111,-0.900220325825386,-0.964620841591724,-1.10262874912613,-0.944938134758361
2,2.92,-1.4927314512299,-0.947242883640743,-0.909054965953759,-0.969585429001466,-1.11669125753814,-0.949497889795325
2,2.93,-1.48916238512646,-0.954799038561945,-0.917828489557788,-0.974344718993634,-1.12950033547599,-0.953847599777331
2,2.94,-1.4849768839421,-0.962187900522433,-0.926529851895274,-0.978897627269994,-1.14106769360269,-0.957985838497661
2,2.95,-1.480219090773,-0.969395430906662,-0.93514751324789,-0.983243068385998,-1.15141696266028,-0.961911302990137
2,2.96,-1.47492934081587,-0.976407583308783,-0.94366945719364,-0.987379960881108,-1.16058210321261,-0.965622858175152
2,2.97,-1.469144014492,-0.983210358792855,-0.952083221775481,-0.991307233079328,-1.16860554981713,-0.969119561941606
2,2.98,-1.46289561378927,-0.989789872015239,-0.960375940462084,-0.995023829016242,-1.17553626474405,-0.972400671749661
2,2.99,-1.45621299427617,-0.996132424737654,-0.968534389462075,-0.998528714017744,-1.18142785857049,-0.975465636456212
2,3,-1.44912168492368,-1.00222458255807,-0.976545038434598,-1.00182087961472,-1.18633689413012,-0.978314078339422
2,3.01,-1.44164424033138,-1.00805325103006,-0.98439410255871,-1.00489934766415,-1.19032144011071,-0.980945770181949
2,3.02,-1.43380058817911,-1.01360574831624,-0.992067594877333,-1.00776317370155,-1.19343989461314,-0.983360611198424
2,3.03,-1.42560835210959,-1.01886987264122,-0.999551378550158,-1.01041144964144,-1.1957500658167,-0.985558604190104
2,3.04,-1.41708314294471,-1.02383396372595,-1.00683121905511,-1.01284330597333,-1.19730847860411,-0.9875398350863
2,3.05,-1.40823881842614,-1.02848695796738,-1.01389283652861,-1.01505791359155,-1.19816986976081,-0.989304455217204
2,3.06,-1.39908771479686,-1.03281843741281,-1.02072195843663,-1.01705448537133,-1.19838683550324,-0.990852666239704
2,3.07,-1.38964085426774,-1.03681867267428,-1.02730437270809,-1.01883227757561,-1.19800959951571,-0.992184707477294
2,3.08,-1.37990813210707,-1.04047865993385,-1.03362598138737,-1.02039059115351,-1.19708587484306,-0.993300845407178
2,3.09,-1.3698984865077,-1.04379015216681,-1.03967285478965,-1.02172877297393,-1.19566079774519,-0.994201365049759
2,3.1,-1.35962005382485,-1.04674568468698,-1.04543128607472,-1.02284621702361,-1.19377691564422,-0.994886563049389
2,3.11,-1.34908031131253,-1.04933859510448,-1.05088784608993,-1.02374236558884,-1.1914742146122,-0.995356742267938
2,3.12,-1.33828620910641,-1.0515630377835,-1.05602943827082,-1.02441671043212,-1.18879017457932,-0.995612207741519
2,3.13,-1.32724429288246,-1.05341399289417,-1.06084335332873,-1.02486879396819,-1.18575984270588,-0.995653263875768
2,3.14,-1.31596081834132,-1.0548872701676,-1.06531732339991,-1.02509821043966,-1.18241591725282,-0.995480212776544
2,3.15,-1.30444185841427,-1.05597950748383,-1.06943957528138,-1.02510460708784,-1.17878883587609,-0.995093353630973
2,3.16,-1.29269340384793,-1.05668816444878,-1.07319888233681,-1.02488768531191,-1.17490686361791,-0.994492983068084
2,3.17,-1.28072145759529,-1.05701151114617,-1.07658461462227,-1.02444720180701,-1.17079617701819,-0.993679396438823
2,3.18,-1.26853212321738,-1.05694861228291,-1.07958678675738,-1.02378296967039,-1.16648094175934,-0.992652889961698
2,3.19,-1.25613168728117,-1.05649930698067,-1.08219610305381,-1.02289485946372,-1.16198338211833,-0.99141376368255
2,3.2,-1.24352669552623,-1.05566418450076,-1.08440399941045,-1.02178280021913,-1.15732384125517,-0.989962325194954
2,3.21,-1.23072402236879,-1.05444455622309,-1.08620268149327,-1.02044678037662,-1.152520832036,-0.988298894061436
2,3.22,-1.21773093312223,-1.0528424242321,-1.08758515873841,-1.01888684864123,-1.14759107868539,-0.986423806865384
2,3.23,-1.20455513814581,-1.05086044689157,-1.0885452737491,-1.01710311474927,-1.14254955009325,-0.984337422809442
2,3.24,-1.19120483799893,-1.04850190181586,-1.08907772670075,-1.01509575013444,-1.13740948607056,-0.982040129759138
2,3.25,-1.17768875858719,-1.04577064666623,-1.08917809442291,-1.01286498848692,-1.1321824182518,-0.979532350611197
2,3.26,-1.16401617525338,-1.04267107821693,-1.08884284389216,-1.01041112620061,-1.12687818767273,-0.976814549845989
2,3.27,-1.15019692480146,-1.03920809014577,-1.08806933994398,-1.00773452270639,-1.12150496130013,-0.973887240104189
2,3.28,-1.13624140455741,-1.03538703000813,-1.08685584709458,-1.00483560069225,-1.11606924994075,-0.970750988611092
2,3.29,-1.12216055777163,-1.03121365585034,-1.08520152545294,-1.00171484621361,-1.1105759299975,-0.96740642326012
2,3.3,-1.10796584495636,-1.02669409290843,-1.08310642079728,-0.998372808699768,-1.10502827146001,-0.963854238161946
2,3.31,-1.09366920111966,-1.02183479082068,-1.08057144898628,-0.994810100864852,-1.09942797430855,-0.960095198469289
2,3.32,-1.07928297929054,-1.01664248175735,-1.07759837497117,-0.991027398532712,-1.09377521517574,-0.956130144300991
2,3.33,-1.0648198812034,-1.01112413983808,-1.07418978676583,-0.987025440386526,-1.08806870566166,-0.951959993613112
2,3.34,-1.05029287649313,-1.00528694216713,-1.07034906481571,-0.98280502765369,-1.08230576315512,-0.947585743898918
2,3.35,-1.03571511220927,-0.999138231770524,-1.06608034727775,-0.978367023735964,-1.07648239440954,-0.943008472642253
2,3.36,-1.02109981485247,-0.992685482666972,-1.06138849177965,-0.97371235379342,-1.07059339149281,-0.938229336497279
2,3.37,-1.00646018743704,-0.985936267249505,-1.05627903426402,-0.968842004288843,-1.06463243912081,-0.933249569218614
2,3.38,-0.991809304264321,-0.978898226098227,-1.05075814553989,-0.963757022497016,-1.05859223183252,-0.92807047841576
2,3.39,-0.977160006139837,-0.971579040289192,-1.0448325861589,-0.958458515981104,-1.05246459900853,-0.922693441250768
2,3.4,-0.962524798680757,-0.963986406212422,-1.03850966020858,-0.952947652036312,-1.0462406353994,-0.917119899235326
2,3.41,-0.947915756149973,-0.956128012865485,-1.03179716857113,-0.947225657099393,-1.03991083463026,-0.911351352310497
2,3.42,-0.933344432939266,-0.948011521549463,-1.02470336213856,-0.941293816121507,-1.03346522308697,-0.90538935240833
2,3.43,-0.918821784434487,-0.939644547862439,-1.01723689540701,-0.935153471901468,-1.02689349165704,-0.899235496699183
2,3.44,-0.904358098560762,-0.931034645862006,-1.00940678080118,-0.928806024376539,-1.02018512297861,-0.892891420722985
2,3.45,-0.889962938856302,-0.9221892942524,-1.0012223440076,-0.922252929868585,-1.01332951211935,-0.886358791588373
2,3.46,-0.875645099486601,-0.913115884442773,-0.992693180528895,-0.915495700284392,-1.00631607893772,-0.87963930140271
2,3.47,-0.861412572209005,-0.90382171031958,-0.983829113612377,-0.908535902270262,-0.999134370745409,-0.872734661070673
2,3.48,-0.847272524946951,-0.894313959576879,-0.974640153658444,-0.901375156322355,-0.991774154267666,-0.865646594571558
2,3.49,-0.833231291343383,-0.884599706452097,-0.96513645917764,-0.894015135855614,-0.984225496267858,-0.858376833797369
2,3.5,-0.819294370438112,-0.874685905720512,-0.955328299340312,-0.886457566235333,-0.976478832547134,-0.850927114006942
2,3.51,-0.80546643545345,-0.864579387808512,-0.945226018148029,-0.87870422377645,-0.968525025339256,-0.843299169926518
2,3.52,-0.791751350572017,-0.854286854892898,-0.934840000249703,-0.870756934716399,-0.960355409386837,-0.83549473250549
2,3.53,-0.778152194543402,-0.843814877860976,-0.924180638425494,-0.862617574167869,-0.951961827205532,-0.827515526317453
2,3.54,-0.764671289954161,-0.833169894013595,-0.913258302765719,-0.854288065057987,-0.943336654216876,-0.819363267581742
2,3.55,-0.751310237029815,-0.822358205400844,-0.902083311578024,-0.845770377060475,-0.934472814560439,-0.811039662768851
2,3.56,-0.738069950899463,-0.811385977687734,-0.89066590406194,-0.837066525527001,-0.925363788485479,-0.8025464077446
2,3.57,-0.724950701335565,-0.800259239455146,-0.879016214794286,-0.82817857042359,-0.916003612275728,-0.793885187402097
2,3.58,-0.711952154076248,-0.788983881849589,-0.867144250070491,-0.819108615277309,-0.906386871683478,-0.785057675727169
2,3.59,-0.6990734129394,-0.777565658504004,-0.855059866145207,-0.809858806137874,-0.896508689845752,-0.776065536241612
2,3.6,-0.68631306204179,-0.766010185660988,-0.842772749410382,-0.800431330558041,-0.886364710630994,-0.766910422768928
2,3.61,-0.673669207538968,-0.754322942439173,-0.830292398540332,-0.790828416595968,-0.875951078324022,-0.757593980468871
2,3.62,-0.661139518399616,-0.742509271193201,-0.81762810862184,-0.781052331841977,-0.86526441450396,-0.748117847089776
2,3.63,-0.648721265819643,-0.730574377927339,-0.804788957273334,-0.771105382471509,-0.854301792908258,-0.738483654391025
2,3.64,-0.636411360965075,-0.718523332732283,-0.791783792741744,-0.760989912325415,-0.843060713008691,-0.728693029691895
2,3.65,-0.624206390808159,-0.706361070223831,-0.778621223949199,-0.750708302018136,-0.831539072955118,-0.718747597507211
2,3.66,-0.612102651887659,-0.694092389970638,-0.765309612445306,-0.740262968073903,-0.819735142471807,-0.708648981234582
2,3.67,-0.600096181882238,-0.681721956906105,-0.751857066204831,-0.729656362090581,-0.80764753622112,-0.698398804862358
2,3.68,-0.588182788935363,-0.669254301726374,-0.738271435195893,-0.718890969930496,-0.795275188081514,-0.687998694671724
2,3.69,-0.576358078711852,-0.656693821282412,-0.724560308630696,-0.707969310937252,-0.782617326722305,-0.677450280910551
2,3.7,-0.564617479200667,-0.644044778979066,-0.710731013799681,-0.696893937177365,-0.769673452797031,-0.666755199420535
2,3.71,-0.552956263306404,-0.631311305197914,-0.696790616381037,-0.685667432705317,-0.756443318021177,-0.655915093202981
2,3.72,-0.541369569294038,-0.61849739776356,-0.68274592211081,-0.674292412850571,-0.742926906348628,-0.644931613912018
2,3.73,-0.529852419168324,-0.605606922474937,-0.668603479694423,-0.662771523524929,-0.729124417414765,-0.633806423267411
2,3.74,-0.518399735081748,-0.59264361372416,-0.654369584838147,-0.651107440548657,-0.71503625237247,-0.622541194382086
2,3.75,-0.507006353873469,-0.579611075225639,-0.640050285278771,-0.639302868993634,-0.7006630022104,-0.61113761300237
2,3.76,-0.495667039847136,-0.566512780877654,-0.625651386691276,-0.627360542541926,-0.686005438610591,-0.59959737866148
2,3.77,-0.484376495898095,-0.553352075777464,-0.61117845935735,-0.615283222858036,-0.671064507374286,-0.587922205749262
2,3.78,-0.473129373101028,-0.540132177409459,-0.596636845481994,-0.603073698973179,-0.655841324420838,-0.576113824503315
2,3.79,-0.461920278867737,-0.526856177023916,-0.582031667050875,-0.590734786679882,-0.640337174343949,-0.564173981928768
2,3.8,-0.450743783782132,-0.513527041221708,-0.567367834127305,-0.578269327935251,-0.624553511492292,-0.552104442655766
2,3.81,-0.4395944272157,-0.500147613757988,-0.552650053494554,-0.565680190271191,-0.60849196352713,-0.539906989745585
2,3.82,-0.428466721822182,-0.486720617575408,-0.537882837556315,-0.552970266209913,-0.592154337397628,-0.527583425457787
2,3.83,-0.417355157005123,-0.47324865707504,-0.523070513415562,-0.540142472682994,-0.575542627664769,-0.515135571992444
2,3.84,-0.406254201446456,-0.459734220630769,-0.508217232059334,-0.527199750452278,-0.55865902709668,-0.502565272222708
2,3.85,-0.395158304778723,-0.446179683350722,-0.493326977584326,-0.514145063530827,-0.54150593945145,-0.489874390434351
2,3.86,-0.384061898477799,-0.432587310087162,-0.478403576405187,-0.500981398602146,-0.524085994357856,-0.477064813089914
2,3.87,-0.372959396047451,-0.418959258694435,-0.463450706394242,-0.487711764435804,-0.506402064199295,-0.464138449636177
2,3.88,-0.361845192561573,-0.405297583532817,-0.448471905907803,-0.474339191297558,-0.488457282901576,-0.4510972333744
2,3.89,-0.350713663624784,-0.391604239214693,-0.433470582660321,-0.460866730352068,-0.470255066520488,-0.43794312241347
2,3.9,-0.339559163807143,-0.37788108458826,-0.41845002241332,-0.447297453056146,-0.451799135520108,-0.424678100726579
2,3.91,-0.328376024604221,-0.364129886952965,-0.403413397451367,-0.433634450540569,-0.433093538627301,-0.411304179332212
2,3.92,-0.317158551969546,-0.350352326500138,-0.388363774822232,-0.41988083297831,-0.414142678141495,-0.397823397620326
2,3.93,-0.305901023462753,-0.336550000971773,-0.373304124322975,-0.406039728937157,-0.394951336571459,-0.38423782484421
2,3.94,-0.294597685053402,-0.322724430530074,-0.358237326217878,-0.392114284714541,-0.375524704462116,-0.370549561798024
2,3.95,-0.283242747617643,-0.308877062830334,-0.34316617867803,-0.378107663652539,-0.355868409264399,-0.356760742698959
2,3.96,-0.271830383162541,-0.295009278289713,-0.328093404936026,-0.364023045430908,-0.335988545089393,-0.342873537291768
2,3.97,-0.26035472081106,-0.281122395544795,-0.313021660152537,-0.349863625336222,-0.315891703174725,-0.328890153191524
2,3.98,-0.248809842579431,-0.267217677091135,-0.297953537994711,-0.335632613505109,-0.295585002876006,-0.314812838478437
2,3.99,-0.237189778977926,-0.253296335098468,-0.282891576929224,-0.3213332341399,-0.275076122979294,-0.300643884555741
2,4,-0.225488504465961,-0.23935953739586,-0.267838266235659,-0.306968724694945,-0.254373333112038,-0.286385629278649
2,4.01,-0.213699932792982,-0.225408413621593,-0.252796051748375,-0.292542335032322,-0.233485525009872,-0.272040460358553
2,4.02,-0.201817912257819,-0.211444061533222,-0.237767341337565,-0.278057326545657,-0.212422243375242,-0.257610819042614
2,4.03,-0.189836220921142,-0.197467553473734,-0.222754510142417,-0.263516971251261,-0.191193716041421,-0.243099204064064
2,4.04,-0.177748561808345,-0.183479942990194,-0.207759905571373,-0.248924550846098,-0.169810883132384,-0.228508175853405
2,4.05,-0.165548558143779,-0.169482271601541,-0.192785852086415,-0.234283355732341,-0.148285424885765,-0.213840360995162
2,4.06,-0.153229748661671,-0.155475575712276,-0.177834655789812,-0.219596684008982,-0.126629787783308,-0.19909845690862
2,4.07,-0.140785583044505,-0.141460893668578,-0.162908608833156,-0.204867840431111,-0.104857208611411,-0.184285236724938
2,4.08,-0.128209417546057,-0.127439272952861,-0.148009993669284,-0.190100135338274,-0.0829817360544519,-0.169403554326204
2,4.09,-0.115494510863861,-0.113411777511814,-0.133141087168163,-0.175296883553565,-0.061018249406166,-0.154456349505663
2,4.1,-0.102634020334609,-0.0993794952115636,-0.11830416461746,-0.160461403255909,-0.0389824739705333,-0.139446653201492
2,4.11,-0.089620998535989,-0.0853435454115955,-0.103501503627665,-0.145597014828248,-0.016890992714021,-0.124377592750421
2,4.12,-0.0764483903898208,-0.0713050866464553,-0.0887353879596566,-0.130707039685149,0.00523874627325835,-0.109252397101202
2,4.13,-0.0631090308740768,-0.0572653244009376,-0.0740081112898077,-0.11579479908358,0.0273884269482867,-0.094074401922798
2,4.14,-0.0495956434655974,-0.043225518960367,-0.0593219809236027,-0.100863612921232,0.0495388675501535,-0.0788470545373149
2,4.15,-0.0359008394510235,-0.0291869933126645,-0.0446793214633315,-0.0859167985271537,0.0716700283159765,-0.0635739186040065
2,4.16,-0.022017118260716,-0.015151141073046,-0.0300824784285924,-0.0709576694496323,0.0937610250709526,-0.0482586784782501
2,4.17,-0.00793686899921249,-0.00111943439548856,-0.0155338218197334,-0.0559895342468474,0.115790149054353,-0.0329051431678278
2,4.18,0.00634762663395467,0.0129065681726788,-0.00103574960429588,-0.0410156952855475,0.137734893304253,-0.0175172498093624
2,4.19,0.0208441898175708,0.0269252139453284,0.0134093089056491,-0.0260394475536371,0.159571985877222,-0.00209906658896721
2,4.2,0.0355607382376997,0.040934748523266,0.0277988898309799,-0.0110640774919876,0.181277430126223,0.0133452049650542
2,4.21,0.0505052776097544,0.0549333084637159,0.0421304917193083,0.0039071381486591,0.202826552201332,0.0288112283853694
2,4.22,0.0656858908062579,0.0689189142777786,0.0564015728335483,0.0188709334206247,0.224194055875322,0.0442945314256063
2,4.23,0.081110724277543,0.082889463852336,0.0706095488327338,0.0338240542564235,0.245354084731121,0.05979050603108
2,4.24,0.0967879714272988,0.0968427264061089,0.0847517909621837,0.0487632595054397,0.26628029168294,0.0752944091645583
2,4.25,0.112725852580128,0.110776337103128,0.0988256248912143,0.0636853219248348,0.286945915739268,0.0908013645223041
2,4.26,0.128932591154815,0.12468779246115,0.112828330357423,0.0785870291204769,0.307323865856663,0.106306365164353
2,4.27,0.145416385635719,0.138574446706682,0.126757141798032,0.0934651844325952,0.327386811679919,0.121804277073327
2,4.28,0.16218537691657,0.152433509242768,0.14060925016843,0.108316607762291,0.347107280919577,0.137289843644332
2,4.29,0.17924761057722,0.16626204340932,0.154381806167364,0.12313813633313,0.366457763082586,0.152757691100037
2,4.3,0.196610993645932,0.180056966729254,0.168071925103687,0.137926625383781,0.385410819248725,0.168202334814332
2,4.31,0.214283245399104,0.193815052845274,0.181676693653326,0.152678948784906,0.403939197573353,0.18361818652234
2,4.32,0.232271841758797,0.207532935362894,0.195193178762747,0.167391999575419,0.422015954197761,0.198999562386496
2,4.33,0.250583952867851,0.221207113822711,0.208618438959483,0.182062690409658,0.439614579259268,0.214340691886835
2,4.34,0.26922637345484,0.234833962030519,0.221949538325811,0.196687953909215,0.456709127714299,0.229635727499253
2,4.35,0.288205445648857,0.248409738974395,0.23518356338219,0.211264742908735,0.473274354714479,0.244878755128728
2,4.36,0.307526973969193,0.261930602555045,0.248317643106147,0.225790030587825,0.489285855306759,0.260063805263836
2,4.37,0.327196132299591,0.275392626345794,0.26134897228465,0.24026081047605,0.50472020825724,0.275184864826689
2,4.38,0.347217362762829,0.288791819583401,0.274274838356408,0.254674096321747,0.519555123822071,0.290235889694599
2,4.39,0.367594266540512,0.302124150566231,0.287092651850776,0.269026921810006,0.533769595299405,0.305210817880495
2,4.4,0.388329486836223,0.315385573604179,0.299799980464314,0.283316340119866,0.547344054190916,0.320103583362326
2,4.41,0.409424584357987,0.328572059620722,0.312394586741184,0.297539423306108,0.560260528771288,0.334908130562284
2,4.42,0.430879905897754,0.341679630453748,0.324874469232302,0.311693261496457,0.572502805806738,0.349618429478172
2,4.43,0.452694446809522,0.35470439683432,0.337237906907335,0.325774961892166,0.584056595071984,0.364228491475648
2,4.44,0.47486570843056,0.367642599943447,0.349483506477913,0.33978164756572,0.594909696188059,0.378732385746609
2,4.45,0.497389551747191,0.38049065635357,0.361610252166263,0.353710456049324,0.605052167137413,0.393124256436607
2,4.46,0.520260048870929,0.39324520605592,0.373617557318669,0.367558537713669,0.614476493609803,0.407398340432461
2,4.47,0.543469334153989,0.405903163156641,0.385505317123337,0.38132305393952,0.623177758094377,0.421548985786499
2,4.48,0.567007457024846,0.418461768695977,0.397273961549075,0.395001175090427,0.631153807366462,0.435570670731223
2,4.49,0.590862238852536,0.430918644907986,0.40892450747971,0.408590078300627,0.638405416730231,0.449458023209741
2,4.5,0.615019136339556,0.443271850096435,0.420458608884442,0.422086945098043,0.644936449082291,0.463205840813252
2,4.51,0.639461114083557,0.455519933160281,0.431878603741481,0.43548895888961,0.650754006570784,0.476809110976856
2,4.52,0.664168529023888,0.467661986664201,0.443187556328505,0.44879330234205,0.655868572356058,0.490263031242585
2,4.53,0.689119029488075,0.479697697222281,0.454389293414057,0.46199715469883,0.660294139750743,0.503563029353339
2,4.54,0.714287471465657,0.491627391852251,0.465488432836478,0.475097689079625,0.664048325846834,0.516704782898455
2,4.55,0.73964585455643,0.503452078870527,0.476490402946353,0.488092069815203,0.667152466642828,0.529684238191756
2,4.56,0.765163279766596,0.515173481840983,0.487401451420525,0.500977449875381,0.669631690678895,0.542497628031276
2,4.57,0.790805930965225,0.526794065068907,0.498228642033659,0.513750968452427,0.671514968282788,0.55514148796846
2,4.58,0.816537081378573,0.538317049150567,0.508979838099561,0.526409748765336,0.672835133726888,0.567612670707946
2,4.59,0.842317126012756,0.549746415151466,0.519663671468496,0.538950896152983,0.673628877893454,0.579908358268884
2,4.6,0.868103640386381,0.561086896093831,0.53028949618644,0.551371496525076,0.673936709427196,0.59202607156813
2,4.61,0.893851465462225,0.572343954584983,0.540867326182612,0.56366861524025,0.673802882798674,0.603963677134793
2,4.62,0.919512818236079,0.583523745609348,0.551407756645785,0.575839296479597,0.673275292175574,0.615719390735034
2,4.63,0.945037427121913,0.594633063732136,0.561921869068981,0.587880563182611,0.672405330459461,0.627291777773374
2,4.64,0.970372691118918,0.605679274213983,0.572421120275959,0.599789417610228,0.671247713243068,0.638679750439466
2,4.65,0.995463861811245,0.616670227803752,0.582917216080954,0.61156284259733,0.669860267722083,0.64988256168234
2,4.66,1.0202542475857,0.627614159251062,0.593421970565104,0.62319780355463,0.668303686697515,0.660899796211722
2,4.67,1.04468544009998,0.638519569851042,0.60394715227026,0.634691251277477,0.666641247672549,0.671731358841253
2,4.68,1.0686975640269,0.649395094593118,0.614504318906952,0.6460401256175,0.664938496628773,0.682377460592962
2,4.69,1.09222955245549,0.660249354727526,0.625104642445132,0.657241360071375,0.66326289531742,0.69283860306808
2,4.7,1.11521945204376,0.671090796786042,0.635758726704612,0.668291887340254,0.661683429793585,0.703115561646391
2,4.71,1.1376047640559,0.681927519300403,0.646476419791786,0.67918864591225,0.66027017644892,0.713209368095449
2,4.72,1.15932282970634,0.6927670886623,0.657266623949262,0.689928587718715,0.659093819985899,0.723121293141235
2,4.73,1.1803112706471,0.70361634577842,0.66813710560787,0.700508686910942,0.658225115693212,0.732852829461892
2,4.74,1.20050849777477,0.714481205415665,0.679094308670805,0.710925949795727,0.65773428615688,0.742405675403231
2,4.75,1.21985430350548,0.725366450434305,0.690143174332506,0.721177425952101,0.657690340389283,0.751781719465503
2,4.76,1.23829055385375,0.736275523505168,0.701286971052881,0.731260220523705,0.658160301605696,0.760983025261588
2,4.77,1.25576199648636,0.747210319438169,0.712527138677695,0.74117150763508,0.659208328999923,0.770011816186593
2,4.78,1.27221719866535,0.758170981950007,0.723863151114724,0.750908544809134,0.660894719524719,0.778870458462879
2,4.79,1.2876096237285,0.769155709597338,0.735292402423841,0.760468688158158,0.663274778733914,0.787561440543794
2,4.8,1.3018988454273,0.780160576710662,0.746810121616586,0.769849407974821,0.666397556262758,0.796087346110159
2,4.81,1.31505188497208,0.791179376466457,0.758409321818395,0.779048304156381,0.670304452727613,0.80445081715657
2,4.82,1.32704463513918,0.802203494668701,0.77008078962175,0.788063120656356,0.675027721918058,0.812654503082703
2,4.83,1.33786330897364,0.813221824248718,0.781813120311439,0.796891757885672,0.680588916006102,0.820700991503549
2,4.84,1.34750581831467,0.824220731722491,0.793592803998039,0.805532281712912,0.686997352132181,0.828592716986172
2,4.85,1.35598295229368,0.835184087552957,0.805404366352268,0.813982927500381,0.694248714577935,0.836331845493334
2,4.86,1.36331919344672,0.846093372129758,0.817230565391157,0.822242097551699,0.70232394374689,0.843920135346956
2,4.87,1.36955298761154,0.856927867389558,0.829052642476634,0.830308350556615,0.711188593990201,0.851358780247045
2,4.88,1.3747362846529,0.86766494041843,0.840850621323284,0.838180382224521,0.720792856017707,0.858648246140844
2,4.89,1.37893320271945,0.878280419265403,0.85260364357983,0.845856997381618,0.73107242275691,0.865788120715086
2,4.9,1.38221774901991,0.888749052523955,0.864290323996973,0.853337075335202,0.741950317126698,0.872777000284629
2,4.91,1.38467065653185,0.899045033470758,0.875889103290402,0.860619532055901,0.75333968941272,0.879612441353751
2,4.92,1.38637555542882,0.909142558041831,0.887378573895095,0.867703284235191,0.765147437177426,0.886291000358224
2,4.93,1.38741485852034,0.919016376063432,0.898737754343121,0.874587220913178,0.777278327691619,0.892808373226996
2,4.94,1.38786585419979,0.928642290114085,0.909946293032705,0.8812701875611,0.789639157152064,0.899159627114245
2,4.95,1.38779751854853,0.937997559272029,0.920984591659924,0.887750985055532,0.80214241715411,0.905339494273952
2,4.96,1.38726845060575,0.947061177364177,0.931833850936719,0.894028382399533,0.814708999251139,0.911342680106
2,4.97,1.38632611372048,0.955814015711196,0.942476053330081,0.900101138532049,0.827269656950392,0.917164131869289
2,4.98,1.38500729271995,0.964238843741582,0.952893905870555,0.905968026561865,0.839765212608322,0.922799225550195
2,4.99,1.38333944220531,0.972320260048387,0.963070768164586,0.911627854160201,0.852145755489474,0.92824385279749
2,5,1.38134248432449,0.980044575304217,0.972990586584556,0.917079476378728,0.86436923702612,0.933494417872896
3,0,0,0,0,0,0,0
3,0.01,0,0,0,0,0,0
3,0.02,0,0,0,0,0,0
3,0.03,0,0,0,0,0,0
3,0.04,0,0,0,0,0,0
3,0.05,0,0,0,0,0,0
3,0.06,0,0,0,0,0,0
3,0.07,0,0,0,0,0,0
3,0.08,0,0,0,0,0,0
3,0.09,0,0,0,0,0,0
3,0.1,0,0,0,0,0,0
3,0.11,0,0,0,0,0,0
3,0.12,0,0,0,0,0,0
3,0.13,0,0,0,0,0,0
3,0.14,0,0,0,0,0,0
3,0.15,0,0,0,0,0,0
3,0.16,0,0,0,0,0,0
3,0.17,0,0,0,0,0,0
3,0.18,0,0,0,0,0,0
3,0.19,0,0,0,0,0,0
3,0.2,0,0,0,0,0,0
3,0.21,0,0,0,0,0,0
3,0.22,0,0,0,0,0,0
3,0.23,0,0,0,0,0,0
3,0.24,0,0,0,0,0,0
3,0.25,0,0,0,0,0,0
3,0.26,0,0,0,0,0,0
3,0.27,0,0,0,0,0,0
3,0.28,0,0,0,0,0,0
3,0.29,0,0,0,0,0,0
3,0.3,0,0,0,0,0,0
3,0.31,0,0,0,0,0,0
3,0.32,0,0,0,0,0,0
3,0.33,0,0,0,0,0,0
3,0.34,0,0,0,0,0,0
3,0.35,0,0,0,0,0,0
3,0.36,0,0,0,0,0,0
3,0.37,0,0,0,0,0,0
3,0.38,0,0,0,0,0,0
3,0.39,0,0,0,0,0,0
3,0.4,0,0,0,0,0,0
3,0.41,0,0,0,0,0,0
3,0.42,0,0,0,0,0,0
3,0.43,0,0,0,0,0,0
3,0.44,0,0,0,0,0,0
3,0.45,0,0,0,0,0,0
3,0.46,0,0,0,0,0,0
3,0.47,0,0,0,0,0,0
3,0.48,0,0,0,0,0,0
3,0.49,0,0,0,0,0,0
3,0.5,0,0,0,0,0,0
3,0.51,0,0,0,0,0,0
3,0.52,0,0,0,0,0,0
3,0.53,0,0,0,0,0,0
3,0.54,0,0,0,0,0,0
3,0.55,0,0,0,0,0,0
3,0.56,0,0,0,0,0,0
3,0.57,0,0,0,0,0,0
3,0.58,0,0,0,0,0,0
3,0.59,0,0,0,0,0,0
3,0.6,0,0,0,0,0,0
3,0.61,0,0,0,0,0,0
3,0.62,0,0,0,0,0,0
3,0.63,0,0,0,0,0,0
3,0.64,0,0,0,0,0,0
3,0.65,0,0,0,0,0,0
3,0.66,0,0,0,0,0,0
3,0.67,0,0,0,0,0,0
3,0.68,0,0,0,0,0,0
3,0.69,0,0,0,0,0,0
3,0.7,0,0,0,0,0,0
3,0.71,0,0,0,0,0,0
3,0.72,0,0,0,0,0,0
3,0.73,0,0,0,0,0,0
3,0.74,0,0,0,0,0,0
3,0.75,0,0,0,0,0,0
3,0.76,0,0,0,0,0,0
3,0.77,0,0,0,0,0,0
3,0.78,0,0,0,0,0,0
3,0.79,0,0,0,0,0,0
3,0.8,0,0,0,0,0,0
3,0.81,0,0,0,0,0,0
3,0.82,0,0,0,0,0,0
3,0.83,0,0,0,0,0,0
3,0.84,0,0,0,0,0,0
3,0.85,0,0,0,0,0,0
3,0.86,0,0,0,0,0,0
3,0.87,0,0,0,0,0,0
3,0.88,0,0,0,0,0,0
3,0.89,0,0,0,0,0,0
3,0.9,0,0,0,0,0,0
3,0.91,0,0,0,0,0,0
3,0.92,0,0,0,0,0,0
3,0.93,0,0,0,0,0,0
3,0.94,0,0,0,0,0,0
3,0.95,0,0,0,0,0,0
3,0.96,0,0,0,0,0,0
3,0.97,0,0,0,0,0,0
3,0.98,0,0,0,0,0,0
3,0.99,0,0,0,0,0,0
3,1,0,0,0,0,0,0
3,1.01,0.186399189426499,0.143214179369773,-0.182607830654219,0.0437329328656847,0.388002763571379,0.731691766073575
3,1.02,0.285585841030804,0.122414331149485,0.0436183275172433,-0.051365407494298,0.700861703178787,0.706135682449377
3,1.03,0.359768681965371,0.182050699085753,0.118552353130078,-0.101862439001092,0.966479754401745,0.732473739442088
3,1.04,0.421104977451835,0.245619538629994,0.193913083500843,-0.147348391096326,1.19473085475681,0.76710420767297
3,1.05,0.474541152636884,0.316069424214563,0.257712060282721,-0.169419512592565,1.38653587734155,0.811086788009248
3,1.06,0.522810914527486,0.389107804825455,0.315668058612526,-0.166140713032715,1.5396337570834,0.864749381834305
3,1.07,0.567661072950796,0.463069926463273,0.369278079557946,-0.136997629674463,1.65096499144439,0.927012440000112
3,1.08,0.610266695572325,0.536762963701639,0.419824799056149,-0.0847059024383209,1.71813265200152,0.995199147426539
3,1.09,0.651410431863661,0.609391531746834,0.468132565343461,-0.0140163536339352,1.74025354546409,1.06530784604822
3,1.1,0.691542700465555,0.680370505775796,0.514725646689514,0.0693231601893506,1.71841644020374,1.13262884340901
3,1.11,0.730785554305614,0.749249000144108,0.559911975627491,0.159611762524452,1.65588013100209,1.19245028840021
3,1.12,0.768930182789686,0.815680136433184,0.60387808751769,0.252004595652637,1.55814027385221,1.24070704480563
3,1.13,0.805487104409928,0.879401372578365,0.646775793142759,0.343001040176729,1.43286478587111,1.27451662041606
3,1.14,0.839837943735547,0.940202641382892,0.688759149756435,0.430555909580925,1.28950498161648,1.29254824208837
3,1.15,0.871467172031079,0.99788095129887,0.729951923730183,0.513794100782572,1.13834835809472,1.29513694703679
3,1.16,0.900147859683557,1.05220560312747,0.770369370522731,0.59244177689785,0.989103026041694,1.28408041705225
3,1.17,0.925963364392438,1.10291858006113,0.809850858842574,0.666239235333209,0.849586601282585,1.26218006424415
3,1.18,0.949202009548649,1.14976352746128,0.848052495610626,0.734604193848052,0.725093628782219,1.23269145411974
3,1.19,0.970237269436482,1.19251668666094,0.884510140578846,0.796631989362858,0.618512398395833,1.19882856619158
3,1.2,0.989445590895938,1.23100556857274,0.918740466474301,0.851318221292802,0.530884413495063,1.16340431977894
3,1.21,1.00716189145113,1.26511774438557,0.950331832670939,0.897824115947004,0.462057699482499,1.12863950336344
3,1.22,1.0236611027575,1.29480546652569,0.978994794447184,0.935663854924994,0.411218100370178,1.09612197412276
3,1.23,1.03915561822104,1.32008819939769,1.00457030704876,0.96478142026448,0.377235044612942,1.06686463322142
3,1.24,1.05380143927416,1.341052345925,1.02701073892093,0.985538799392885,0.358850741214957,1.04140774692214
3,1.25,1.06770820688841,1.35784723003195,1.04635120042846,0.998651425072138,0.354768979581465,1.01992775003875
3,1.26,1.08095009392457,1.37067735987106,1.06268305969537,1.0050996477972,0.363691062893367,1.00233417540333
3,1.27,1.09357582702798,1.37979183965997,1.07613467363357,1.00603369116907,0.384328556901874,0.988350003306178
3,1.28,1.10561698773213,1.38547212570934,1.0868596176229,1.00268140515933,0.415408031565955,0.977577234275646
3,1.29,1.11709430384414,1.38801929376694,1.09503048347977,0.996264244884209,0.455674372530265,0.969550913155321
3,1.3,1.1280219849993,1.38774184238815,1.10083583372963,0.987925694722026,0.503895121520214,0.963783757144306
3,1.31,1.138410362754,1.38494490940833,1.10447825486897,0.978675914483922,0.558866635764729,0.959801964235683
3,1.32,1.14826721349829,1.37992160327067,1.10617207914035,0.9693554118575,0.61942216305872,0.957171847697822
3,1.33,1.15759819097362,1.37294689141977,1.10614000137472,0.96061864195506,0.684441463003464,0.955516998920477
3,1.34,1.16640678188303,1.36427413980348,1.10460842311685,0.952935970199466,0.752861171270188,0.954526467146703
3,1.35,1.1746941331777,1.35413402946652,1.10180185623941,0.946610173341472,0.823684796764131,0.95395541871039
3,1.36,1.18245900047586,1.34273528975904,1.09793704513742,0.941802292158884,0.895991199011507,0.953620407885401
3,1.37,1.18969795524031,1.33026655732967,1.09321756929862,0.938561486646175,0.968940646731851,0.953391527332824
3,1.38,1.19640588410556,1.31689870750694,1.08782957221673,0.936854415399127,1.04177801129534,0.953183367040366
3,1.39,1.20257673220261,1.30278716301,1.08193899808661,0.936591107394707,1.1138331396892,0.95294612143266
3,1.4,1.20820439158813,1.28807389027704,1.07569040841248,0.93764581691885,1.1845188387249,0.95265758143888
3,1.41,1.21328361696316,1.27288897982273,1.06920719086417,0.93987259560083,1.25332711163413,0.95231628212847
3,1.42,1.21781085885262,1.25735183578749,1.06259281634972,0.943116128735216,1.31982431879156,0.951935793128134
3,1.43,1.22178493063656,1.24157206360242,1.05593275459303,0.947218782099898,1.3836458336926,0.951540012454629
3,1.44,1.22520746051281,1.22565015683524,1.04929669735962,0.952024894604568,1.44449059873913,0.951159300148714
3,1.45,1.22808311412297,1.20967806629103,1.04274082270815,0.95738325446539,1.5021158114362,0.950827313986768
3,1.46,1.23041960234262,1.19373970592451,1.03630992793953,0.963148513316993,1.5563318296417,0.950578448935624
3,1.47,1.23222750872929,1.17791142394877,1.03003934030892,0.969182089728207,1.60699729235971,0.950445814855444
3,1.48,1.23351998189474,1.16226244939929,1.02395657330725,0.975352925933919,1.65401441054357,0.950459705651591
3,1.49,1.23431234080801,1.14685531484122,1.01808273230883,0.98153830362435,1.69732437986307,0.950646517688673
3,1.5,1.23462163774323,1.13174625276306,1.01243369151617,0.987624800017669,1.7369028892594,0.951028069785089
3,1.51,1.23446621647025,1.11698556371825,1.00702107057806,0.993509373506385,1.77275573057614,0.951621266869373
3,1.52,1.23386529435036,1.10261795618171,1.0018530393116,0.999100506805155,1.80491454409655,0.952438039503262
3,1.53,1.23283858783334,1.08868285996767,0.996934976295521,1.0043193019172,1.83343275532749,0.953485485784485
3,1.54,1.2314059925452,1.07521471627926,0.992270003821685,1.00910041170188,1.85838176698025,0.954766142695413
3,1.55,1.22958732232486,1.06224324793442,0.987859418738904,1.01339270270121,1.87984746724523,0.956278321048488
3,1.56,1.22740210643723,1.04979371321504,0.983703036334644,1.0171595677207,1.89792710364868,0.958016450660365
3,1.57,1.22486944070311,1.03788714637545,0.979799462468322,1.02037883873585,1.91272655442716,0.959971398258447
3,1.58,1.22200788621775,1.02654058734543,0.976146307484341,1.0230422856204,1.92435800986963,0.962130737589007
3,1.59,1.21883540837711,1.01576730271578,0.972740353814548,1.02515471943158,1.93293805729032,0.964478967141557
3,1.6,1.21536934878412,1.00557699975524,0.969577687534855,1.02673274718611,1.93858614720193,0.966997684203865
3,1.61,1.21162642298904,0.995976034968841,0.96665380246339,1.02780324614966,1.94142340597728,0.969665733609755
3,1.62,1.20762273770495,0.986967618524297,0.963963683733291,1.02840163877175,1.94157175218737,0.97245935514246
3,1.63,1.20337382196721,0.978552015692068,0.961501876223349,1.02857005465964,1.93915326968474,0.975352355229281
3,1.64,1.19889466756116,0.970726746225985,0.959262541860577,1.02835546426316,1.93428978980342,0.978316326804585
3,1.65,1.19419977485785,0.963486782336542,0.957239508671323,1.0278078615721,1.9271026370234,0.981320936756243
3,1.66,1.18930320093639,0.956824745582869,0.955426313570327,1.0269785616653,1.91771249631236,0.984334294039645
3,1.67,1.18421860751956,0.950731102656013,0.953816240228708,1.02591866498095,1.90623936537594,0.987323404180873
3,1.68,1.17895930680688,0.945194359678921,0.952402352919469,1.02467772516393,1.89280256060083,0.990254708265171
3,1.69,1.17353830376279,0.940201254342646,0.951177526959451,1.02330264253644,1.87752075108031,0.993094697270127
3,1.7,1.16796833381887,0.935736944963018,0.950134476205015,1.02183679160809,1.86051200042862,0.995810586265014
3,1.71,1.1622618952879,0.931785195396189,0.949265777975585,1.02031937927863,1.8418938009053,0.998371027917902
3,1.72,1.15643127607582,0.928328554701773,0.948563895743823,1.01878502090129,1.82178308857477,1.00074684114466
3,1.73,1.15048857452167,0.925348530483636,0.948021199921856,1.01726351432671,1.80029623179293,1.00291172868144
3,1.74,1.14444571440458,0.92282575495663,0.947629987076111,1.01577978739226,1.77754898826759,1.00484295683622
3,1.75,1.13831445433243,0.92074014296223,0.947382497911007,1.01435399185459,1.75365642834345,1.00652197155942
3,1.76,1.13210639187476,0.919071041364207,0.947270934369644,1.01300171617176,1.72873282409139,1.00793492708956
3,1.77,1.12583296292231,0.917797369474624,0.947287476204934,1.01173429044956,1.70289150531065,1.00907310655867
3,1.78,1.11950543684938,0.916897750370767,0.947424297374698,1.01055915887646,1.67624468475225,1.00993321784742
3,1.79,1.11313490812269,0.916350633149682,0.947673582606352,1.00948029769574,1.64890325579835,1.01051755242394
3,1.8,1.10673228504218,0.916134406318369,0.948027544457538,1.00849865985287,1.62097656652922,1.010833999658
3,1.81,1.10030827631473,0.916227502628885,0.948478441165395,1.00761263061269,1.59257217460659,1.01089591397008
3,1.82,1.0938733761535,0.916608495737893,0.949018595526376,1.00681848143517,1.56379558772042,1.01072183697476
3,1.83,1.08743784856389,0.917256189102121,0.949640414979445,1.00611081206506,1.53474999449768,1.01033508135896
3,1.84,1.0810117114253,0.918149697520502,0.950336412978354,1.0054829730341,1.50553599076798,1.00976318747311
3,1.85,1.0746047209091,0.919268521707387,0.951099231636061,1.0049274625598,1.47625130593266,1.00903726740413
3,1.86,1.06822635669209,0.920592616237184,0.951921665510592,1.00443629316925,1.44699053390476,1.00819125455926
3,1.87,1.06188580833503,0.922102451146813,0.952796686283078,1.00400132433987,1.41784487269817,1.00726107945163
3,1.88,1.05559196310359,0.923779067425665,0.953717467963049,1.00361455811996,1.38890187626943,1.00628379438654
3,1.89,1.04935339541793,0.925604126569278,0.954677412151613,1.00326839517603,1.36024522168589,1.00529667105961
3,1.9,1.04317835803205,0.927559954327372,0.955670172808326,1.00295584911933,1.33195449414346,1.00433629566639
3,1.91,1.03707477496833,0.929629578742382,0.956689679909747,1.0026707173916,1.30410499181906,1.0034376859742
3,1.92,1.03105023616861,0.931796762553016,0.957730161362593,1.00240770752098,1.27676755205075,1.00263345392777
3,1.93,1.02511199377288,0.934046030029064,0.958786162545666,1.00216251824885,1.25000839991539,1.00195303577872
3,1.94,1.01926695989974,0.93636268830832,0.959852562902845,1.00193187589983,1.22388901993908,1.00142200949708
3,1.95,1.01352170577948,0.938732843322507,0.960924589092416,1.00171352741107,1.19846605143409,1.00106151641842
3,1.96,1.00788246207912,0.941143410424779,0.961997824310769,1.00150619261212,1.17379120780278,1.00088780080397
3,1.97,1.00235512025724,0.943582119864369,0.963068213543789,1.00130947958593,1.14991122006981,1.00091187736444
3,1.98,0.996945234793174,0.946037517291803,0.964132064648106,1.00112376816031,1.12686780487375,1.00113933295753
3,1.99,0.991658026146931,0.948498959518532,0.965186045316887,1.00095006768395,1.10469765714066,1.00157026475761
3,2,0.986498384321766,0.950956605795377,0.9662271761312,1.00078985614038,1.08343246764567,1.0021993533575
3,2.01,0.98147087291856,0.95340140491286,0.967252820029263,1.00064490826943,1.06309896561683,1.00301606562989
3,2.02,0.976579733588014,0.955825078461346,0.968260668634702,1.00051712063885,1.04371898642868,1.00400497886844
3,2.03,0.971828890802826,0.958220100618521,0.969248725966014,1.00040834150841,1.0253095642588,1.00514621484002
3,2.04,0.967221956886175,0.960579674854698,0.970215290099992,1.00032021285142,1.00788304933629,1.00641596998129
3,2.05,0.962762237244903,0.962897707962118,0.971158933381404,1.00025403107099,0.991447249104239,1.00778712610427
3,2.06,0.958452735765666,0.965168781822139,0.972078481761433,1.00021063182207,0.976005592263855,1.00922992465373
3,2.07,0.954296160340106,0.967388123324037,0.97297299381203,1.00019030299784,0.961557314286151,1.01071268677404
3,2.08,0.950294928491192,0.969551572841259,0.973841739907014,1.00019272844426,0.948097662593826,1.01220256116539
3,2.09,0.946451173077527,0.97165555165598,0.974684181989473,1.00021696342155,0.935618119254205,1.01366628189609
3,2.1,0.942766748056154,0.973697028701671,0.975499954264304,1.00026144132209,0.924106638707775,1.01507091893373
3,2.11,0.939243234287423,0.975673486967067,0.976288845070578,1.00032400976246,0.913547897803979,1.01638460510568
3,2.12,0.935881945368221,0.977582889874749,0.977050780105605,1.00040199295723,0.903923555240021,1.01757722443787
3,2.13,0.932683933482485,0.97942364791477,0.977785807095412,1.00049227630471,0.895212517406971,1.01862104829333
3,2.14,0.929649995260515,0.981194585779596,0.978494081937954,1.00059140839974,0.88739120764178,1.01949130738423
3,2.15,0.926780677641346,0.982894910212303,0.979175856287769,1.00069571524965,0.880433835960246,1.02016668951607
3,2.16,0.924076283735172,0.984524178746496,0.979831466505153,1.00080142130204,0.874312666496235,1.0206297547974
3,2.17,0.921536878685684,0.986082269484565,0.980461323859305,1.00090477197954,0.868998280085195,1.02086726197727
3,2.18,0.919162295534837,0.987569352031404,0.981065905852849,1.00100215272725,0.864459829691794,1.0208704015218
3,2.19,0.916952141095219,0.988985859673897,0.981645748523459,1.00109020007576,0.860665286678128,1.02063493298474
3,2.2,0.914905801837407,0.990332462872661,0.982201439575612,1.00116590086463,0.857581676226454,1.02016122613693
3,2.21,0.913022449801667,0.991610044111659,0.982733612200007,1.00122667651413,0.855175300555608,1.01945420717432
3,2.22,0.911301048544805,0.992819674133357,0.983242939448288,1.00127045003311,0.853411948891996,1.01852321310004
3,2.23,0.909740359133937,0.993962589571781,0.983730129044683,1.00129569426983,0.852257093464536,1.01738175905147
3,2.24,0.908338946199392,0.995040171982941,0.984195918532564,1.00130146071263,0.851676071080977,1.01604722489779
3,2.25,0.907095184058848,0.996053928261209,0.984641070671485,1.00128738890056,0.851634250105166,1.01454046884528
3,2.26,0.906007262924174,0.997005472421083,0.985066369017914,1.00125369718481,0.852097182887619,1.01288537703811
3,2.27,0.905073195201365,0.997896508715972,0.98547261363989,1.00120115617352,0.853030743903322,1.01110835921208
3,2.28,0.904290821892404,0.998728816058968,0.985860616931588,1.00113104668202,0.854401254020575,1.00923780133164
3,2.29,0.903657819105986,0.999504233704764,0.986231199508006,1.00104510439268,0.856175591463314,1.00730348680133
3,2.3,0.903171704681885,1.00022464814675,0.986585186172351,1.00094545370088,0.858321290138052,1.0053359982813
3,2.31,0.902829844931266,1.00089198117883,0.986923401959298,1.00083453338927,0.86080662607702,1.00336611234298
3,2.32,0.902629461492746,1.00150817906761,0.987246668265923,1.00071501683729,0.863600692803301,1.00142419917323
3,2.33,0.902567638301327,1.00207520277705,0.987555799089074,1.00058972944606,0.866673466453988,0.999539639272034
3,2.34,0.902641328664691,1.00259501918511,0.987851597393096,1.00046156584997,0.869995861505868,0.997740268595772
3,2.35,0.902847362438763,1.00306959322951,0.988134851635498,1.00033340930861,0.873539777937183,0.996051862884416
3,2.36,0.90318245329198,1.00350088091847,0.988406332480264,1.0002080554379,0.877278140631134,0.994497670991044
3,2.37,0.903643206045376,1.00389082314146,0.988666789729345,1.00008814216017,0.881184931784303,0.993098005924009
3,2.38,0.904226124073569,1.00424134021513,0.988916949502375,0.999976087442918,0.885235217028751,0.991869901038987
3,2.39,0.904927616749855,1.00455432710048,0.989157511693064,0.999874036065802,0.889405165912856,0.990826837406055
3,2.4,0.905744006917159,1.00483164922914,0.989389147728062,0.999783816317454,0.8936720673157,0.989978546855411
3,2.41,0.906671538365359,1.00507513887878,0.98961249865047,0.999706907187395,0.89801434029591,0.989330893606089
3,2.42,0.907706383294693,1.00528659204117,0.989828173545808,0.999644416293166,0.902411540801112,0.988885835738825
3,2.43,0.908844649744461,1.00546776572975,0.990036748323151,0.999597068476521,0.906844364591211,0.988641466121331
3,2.44,0.910082388966131,1.00562037567782,0.990238764858557,0.999565204721806,0.911294646660335,0.988592130766612
3,2.45,0.911415602720214,1.00574609438303,0.990434730501981,0.999548790799838,0.915745357380494,0.988728621036361
3,2.46,0.912840250476875,1.00584654945813,0.990625117942766,0.999547434825744,0.920180595536865,0.989038434624748
3,2.47,0.914352256501142,1.00592332225306,0.990810365422705,0.999560412742216,0.924585578381399,0.989506098903323
3,2.48,0.915947516804832,1.00597794671753,0.990990877279847,0.999586700602088,0.928946628799031,0.990113549002999
3,2.49,0.917621905948754,1.00601190847816,0.9911670248007,0.999625012426529,0.933251159659446,0.990840551978277
3,2.5,0.919371283680433,1.00602664410787,0.991339147353629,0.999673842356982,0.937487655416744,0.991665167562104
3,2.51,0.921191501394456,1.00602354056934,0.991507553772052,0.999731509798595,0.941645651018716,0.992564235392914
3,2.52,0.923078408404462,1.00600393481745,0.991672523952668,0.99979620626803,0.945715708195416,0.993513878189392
3,2.53,0.925027858017833,1.00596911354868,0.991834310631572,0.999866042705862,0.949689389211694,0.99449001016949
3,2.54,0.92703571340612,1.00592031308768,0.991993141299599,0.999939096089594,0.95355922818853,0.995468840059357
3,2.55,0.929097853266238,1.00585871940345,0.992149220217806,1.0000134542833,0.957318700121246,0.99642735831119
3,2.56,0.931210177269299,1.00578546824887,0.992302730494441,1.0000872581794,0.960962187747232,0.997343798637931
3,2.57,0.933368611295752,1.00570164541861,0.992453836186123,1.0001587403222,0.964484946439742,0.9981980646639
3,2.58,0.935569112457037,1.00560828712103,0.992602684388078,1.00022625934707,0.967883067326128,0.998972113366416
3,2.59,0.937807673905431,1.00550638046034,0.992749407281113,1.00028832971787,0.971153438847296,0.999650288022931
3,2.6,0.940080329434939,1.00539686402507,0.99289412410634,1.00034364639541,0.974293706989375,1.00021959455657
3,2.61,0.942383157877117,1.00528062857909,0.993036943042394,1.00039110421543,0.977302234427982,1.00066991646318
3,2.62,0.944712287296523,1.00515851785089,0.993177962963858,1.00042981189398,0.980178058830036,1.00099416487555
3,2.63,0.947063898991099,1.00503132941638,0.993317275063669,1.00045910070635,0.982920850557897,1.00118836174524
3,2.64,0.949434231303193,1.00489981567005,0.993454964326302,1.00047852800201,0.985530870016172,1.00125165556723
3,2.65,0.951819583247185,1.00476468487833,0.993591110842391,1.00048787581912,0.98800892487354,1.00118627050774
3,2.66,0.954216317959746,1.00462660230871,0.993725790959089,1.00048714494775,0.990356327381073,1.00099739118833
3,2.67,0.956620865978692,1.00448619142719,0.993859078263781,1.00047654486019,0.992574851995648,1.00069298670307
3,2.68,0.959029728356227,1.00434403515618,0.993991044401686,1.00045647997971,0.994666693502962,1.00028357867064
3,2.69,0.96143947961202,1.00420067718432,0.994121759730513,1.00042753279594,0.996634425820004,0.999781959227025
3,2.7,0.963846770531241,1.0040566233193,0.99425129381744,1.00039044435754,0.998480961642269,0.999202865823706
3,2.71,0.966248330812185,1.00391234287432,0.994379715785565,1.00034609268138,1.00020951308695,0.998562620494309
3,2.72,0.968640971567611,1.00376827007879,0.99450709451839,1.00029546961423,1.00182355346995,0.997878741873639
3,2.73,0.971021587683398,1.00362480550362,0.994633498732083,1.00023965666949,1.00332678034221,0.997169538687952
3,2.74,0.973387160037545,1.00348231749179,0.994758996926169,1.00017980033932,1.00472307989913,0.996453693677074
3,2.75,0.975734757581945,1.00334114358494,0.994883657223969,1.00011708735408,1.00601649286607,0.995749846956101
3,2.76,0.978061539288816,1.00320159193733,0.99500754711467,1.00005272032687,1.00721118195233,0.995076187679178
3,2.77,0.98036475596309,1.00306394270905,0.995130733109269,0.999987894183815,1.00831140095595,0.994450062536574
3,2.78,0.98264175192152,1.00292844943108,0.995253280322997,0.99992377374111,1.00932146559117,0.993887609109333
3,2.79,0.98488996653876,1.00279534033556,0.995375251997049,0.999861472748866,1.01024572609979,0.993403421437021
3,2.8,0.987106935660206,1.00266481964593,0.995496708972677,0.999802034680951,1.01108854169647,0.993010254340636
3,2.81,0.989290292880949,1.00253706882207,0.995617709130859,0.999746415508968,1.01185425688596,0.992718772104545
3,2.82,0.991437770689875,1.00241224775718,0.99573830681089,0.999695468658498,1.01254717967772,0.992537346080517
3,2.83,0.99354720147759,1.00229049592401,0.9958585522213,0.999649932306456,1.01317156170976,0.992471904657675
3,2.84,0.99561651840669,1.00217193346897,0.995978490856501,0.999610419140101,1.01373158027994,0.992525837869644
3,2.85,0.997643756142691,1.00205666225418,0.996098162932447,0.999577408660913,1.01423132226826,0.992699957710398
3,2.86,0.999627051443927,1.00194476684788,0.996217602854339,0.999551242079905,1.01467476991946,0.992992514029296
3,2.87,1.00156464360869,1.00183631546532,0.996336838729023,0.999532119815051,1.01506578844113,0.993399264699149
3,2.88,1.00345487477805,1.00173136086215,0.996455891934129,0.999520101566152,1.01540811535883,0.993913597623554
3,2.89,1.00529619009291,1.00162994118391,0.996574776755206,0.999515108907537,1.01570535155728,0.994526701094182
3,2.9,1.00708713770417,1.0015320807751,0.996693500101101,0.999516930304744,1.01596095392538,0.995227778046407
3,2.91,1.00882636863532,1.00143779095207,0.996812061306591,0.999525228427603,1.01617822951292,0.996004298911324
3,2.92,1.01051263649696,1.00134707074418,0.996930452029816,0.999539549599436,1.01636033109941,0.99684228703984
3,2.93,1.01214479705343,1.00125990760771,0.997048656250372,0.999559335190675,1.01651025406919,0.997726630093054
3,2.94,1.01372180764234,1.00117627811715,0.99716665037208,0.999583934735485,1.01663083448346,0.998641410362403
3,2.95,1.01524272644814,1.0010961486381,0.997284403432424,0.999612620522662,1.01672474823809,0.999570246709193
3,2.96,1.01670671163165,1.00101947598604,0.997401877418508,0.999644603387669,1.0167945111963,1.00049664069921
3,2.97,1.01811302031816,1.0009462080746,0.997519027687195,0.99967904941186,1.01684248018743,1.00140431955336
3,2.98,1.01946100744726,1.0008762845567,0.997635803484874,0.999715097218378,1.01687085476664,1.00227756873603
3,2.99,1.02075012448829,1.00080963746116,0.997752148560134,0.999751875542566,1.01688167963548,1.00310154735135
3,3,1.02197991802578,1.00074619182702,0.99786800186056,0.999788520748402,1.01687684762901,1.00386258000461
3,3.01,1.02315002822024,1.00068586633704,0.997983298302945,0.999824193962138,1.01685810318209,1.00454841939757
3,3.02,1.02426018714976,1.00062857395129,0.998097969604536,0.999858097500064,1.01682704619449,1.00514847464812
3,3.03,1.02531021703871,1.00057422254097,0.998211945161467,0.999889490279531,1.0167851362217,1.00565400113862
3,3.04,1.02630002838027,1.00052271552221,0.998325152959409,0.999917701920841,1.01673369692556,1.00605824858501
3,3.05,1.0272296179599,1.00047395248869,0.998437520500655,0.999942145272431,1.01667392072595,1.00635656495921
3,3.06,1.0280990667871,1.00042782984177,0.998548975731397,0.999962327122287,1.01660687360128,1.00654645487114
3,3.07,1.02890853794328,1.00038424141596,0.998659447952859,0.999977856894517,1.0165334999919,1.00662759200112
3,3.08,1.02965827435358,1.00034307909738,0.998768868700251,0.999988453170521,1.01645462776666,1.00660178614862
3,3.09,1.0303485964907,1.0003042334325,0.998877172574118,0.999993947918626,1.01637097321817,1.00647290640824
3,3.1,1.03097990001883,1.00026759422396,0.998984298009667,0.999994288363211,1.01628314605801,1.0062467628797
3,3.11,1.03155265338554,1.00023305111055,0.999090187970941,0.999989536473408,1.01619165438809,1.0059309501468
3,3.12,1.03206739536978,1.0002004941277,0.999194790558299,0.999979866101113,1.01609690962959,1.00553465650522
3,3.13,1.03252473259347,1.00016981424533,0.999298059519492,0.999965557847233,1.01599923139604,1.00506844356634
3,3.14,1.03292533700424,1.00014090387973,0.999399954656632,0.999946991782609,1.01589885230206,1.00454400140206
3,3.15,1.03326994333637,1.00011365737617,0.99950044212354,0.99992463819483,1.01579592270416,1.00397388481471
3,3.16,1.03355934655672,1.00008797145935,0.999599494610225,0.99989904657304,1.0156905153754,1.00337123661013
3,3.17,1.03379439930188,1.00006374564879,0.999697091413541,0.99987083307896,1.01558263011984,1.00274950391654
3,3.18,1.0339760093123,1.00004088263678,0.999793218395394,0.999840666782798,1.01547219833752,1.00212215362674
3,3.19,1.03410513686878,1.00001928862672,0.999887867832085,0.999809254966849,1.01535908755452,1.00150239294687
3,3.2,1.03418279223589,0.999998873629988,0.999981038160542,0.9997773278168,1.0152431059356,1.00090290081733
3,3.21,1.03421003311657,0.999979551720192,1.00007273362913,0.999745622830783,1.01512400679955,1.00033557563592
3,3.22,1.03418796212147,0.999961241243738,1.00016296386257,0.99971486927877,1.01500149315841,0.999811304270308
3,3.23,1.03411772425583,0.99994386498637,1.00025174335195,0.999685773040101,1.01487522230186,0.99933975680683
3,3.24,1.03400050442667,0.999927350295707,1.00033909088232,0.999659002134892,1.01474481044688,0.998929210859431
3,3.25,1.0338375249718,0.999911629160318,1.00042502891103,0.999635173246155,1.01460983747042,0.998586408570029
3,3.26,1.0336300432123,0.999896638246346,1.00050958291109,0.999614839504268,1.01446985173884,0.998316448686438
3,3.27,1.03337934902926,0.999882318893178,1.00059278069389,0.999598479774507,1.01432437504327,0.998122715322123
3,3.28,1.03308676246535,0.999868617070086,1.00067465172595,0.999586489652621,1.01417290764395,0.998006844201038
3,3.29,1.0327536313514,0.999855483296233,1.00075522645393,0.999579174333653,1.01401493342027,0.99796872638764
3,3.3,1.03238132895783,0.999842872526791,1.00083453565189,0.999576743476498,1.01384992511588,0.998006548713803
3,3.31,1.03197125167072,0.999830744008299,1.00091260980367,0.999579308141902,1.01367734966116,0.998116869357135
3,3.32,1.03152481669201,0.999819061106696,1.00098947853244,0.999586879835947,1.01349667354826,0.998294726314404
3,3.33,1.03104345976334,0.999807791111688,1.00106517008797,0.999599371645445,1.01330736822704,0.998533775863565
3,3.34,1.03052863291312,0.999796905021345,1.00113971090093,0.999616601407234,1.01310891548462,0.998826457530757
3,3.35,1.02998180222631,0.99978637731091,1.00121312521149,0.999638296810916,1.01290081276609,0.999164181585425
3,3.36,1.02940444563673,0.999776185689903,1.0012854347781,0.999664102295229,1.01268257839024,0.999537534686262
3,3.37,1.02879805074187,0.999766310851574,1.00135665867012,0.999693587562573,1.01245375661176,0.999936498999659
3,3.38,1.02816411264029,0.999756736218687,1.00142681314628,0.999726257505102,1.01221392248033,1.00035067991534
3,3.39,1.02750413179224,0.999747447689504,1.00149591161883,0.999761563309691,1.01196268644726,1.00076953739307
3,3.4,1.02681961190411,0.999738433387611,1.00156396470174,0.999798914488559,1.01169969867221,1.00118261598972
3,3.41,1.02611205783809,0.99972968341897,1.00163098033897,0.999837691567556,1.01142465298522,1.0015797687353
3,3.42,1.02538297354823,0.999721189639292,1.0016969640078,0.999877259155406,1.01113729046351,1.00195137024553
3,3.43,1.02463386004501,0.999712945434433,1.00176191899014,0.999916979114505,1.01083740258717,1.00228851477037
3,3.44,1.02386621339037,0.999704945516155,1.00182584670387,0.999956223557119,1.01052483394357,1.00258319527475
3,3.45,1.02308152272574,0.999697185735137,1.00188874708492,0.999994387399806,1.01019948445636,1.00282846011978
3,3.46,1.02228126833578,0.999689662912698,1.00195061900988,1.00003090022327,1.00986131112111,1.00301854444764
3,3.47,1.02146691975086,0.999682374692233,1.0020114607485,1.00006523720419,1.00951032923626,1.00314897396045
3,3.48,1.02063993389143,0.999675319410892,1.00207127043477,1.00009692890929,1.00914661312428,1.00321663940765
3,3.49,1.01980175325758,0.999668495991619,1.00213004654539,1.00012556976956,1.0087702963441,1.00321984074518
3,3.5,1.01895380416725,0.999661903855191,1.00218778837429,1.00015082508327,1.00838157140196,1.00315830058815
3,3.51,1.01809749504665,0.999655542851533,1.00224449649222,1.00017243642955,1.00798068897308,1.00303314723357
3,3.52,1.01723421477625,0.999649413209178,1.00230017318121,1.00019022540938,1.00756795665222,1.00284686816574
3,3.53,1.01636533109579,0.999643515501424,1.00235482283398,1.00020409566665,1.0071437372555,1.00260323556349
3,3.54,1.01549218907169,0.999637850627455,1.00240845230975,1.00021403317812,1.00670844670078,1.00230720589031
3,3.55,1.0146161096299,0.999632419806422,1.00246107123873,1.00022010483677,1.00626255149779,1.00196479615753
3,3.56,1.01373838815718,0.999627224582308,1.00251269226869,1.00022245538753,1.00580656588286,1.00158293989494
3,3.57,1.01286029317349,0.99962226683728,1.0025633312487,1.00022130280703,1.00534104863669,1.00116932623575
3,3.58,1.01198306507777,0.999617548811099,1.00261300734604,1.0002169322491,1.00486659962647,1.00073222581674
3,3.59,1.01110791496924,0.999613073124192,1.00266174309413,1.00020968870508,1.00438385611636,1.00028030740455
3,3.6,1.01023602354585,0.999608842801962,1.00270956437048,1.00019996855156,1.00389348889241,0.999822449283514
3,3.61,1.00936854008114,0.999604861298031,1.00275650030537,1.00018821017833,1.00339619824976,0.999367549476833
3,3.62,1.0085065814804,0.999601132514216,1.0028025831233,1.00017488390454,1.00289270989105,0.9989243388233
3,3.63,1.00765123141653,0.999597660815226,1.00284784792043,1.00016048140282,1.00238377078525,0.998501200798103
3,3.64,1.00680353954567,0.999594451036278,1.00289233238297,1.00014550485731,1.00187014503611,0.998106001752995
3,3.65,1.00596452080215,0.999591508482074,1.00293607645202,1.00013045608394,1.00135260980819,0.997745934964472
3,3.66,1.00513515477192,0.999588838915891,1.00297912194215,1.00011582583842,1.00083195135639,0.997427381525689
3,3.67,1.0043163851432,0.999586448537809,1.00302151212115,1.00010208353049,1.00030896120265,0.997155790707517
3,3.68,1.00350911923286,0.999584343951451,1.00306329125976,1.00008966755139,0.999784432499255,0.996935581955988
3,3.69,1.00271422758636,0.999582532118931,1.00310450416027,1.00007897640609,0.999259156614334,0.996770070198076
3,3.7,1.00193254364916,0.999581020304056,1.00314519567355,1.00007036082274,0.998733919969698,0.996661415606277
3,3.71,1.00116486350685,0.999579816004137,1.00318541021417,1.00006411698916,0.998209501155553,0.996610598436419
3,3.72,1.00041194569137,0.999578926871118,1.00322519128303,1.00006048104103,0.997686668340348,0.996617419014041
3,3.73,0.999674511050146,0.999578360622994,1.00326458100707,1.00005962489897,0.997166176987501,0.996680522413933
3,3.74,0.998953242675167,0.999578124946803,1.00330361970493,1.00006165352247,0.996648767884008,0.996797446866138
3,3.75,0.998248785888672,0.999578227394685,1.00334234548682,1.00006660361814,0.996135165479327,0.996964694440205
3,3.76,0.997561748282223,0.999578675274724,1.00338079389638,1.00007444380931,0.995626076526494,0.997177822117375
3,3.77,0.996892699805899,0.999579475538464,1.00341899760093,1.00008507624322,0.995122189011432,0.997431550966319
3,3.78,0.996242172904426,0.999580634667066,1.00345698613587,1.00009833958231,0.994624171350978,0.997719890799285
3,3.79,0.995610662697135,0.999582158558193,1.00349478570754,1.00011401329776,0.994132671835472,0.998036277408348
3,3.8,0.994998627198817,0.999584052415694,1.00353241905765,1.00013182315723,0.993648318287862,0.998373719270368
3,3.81,0.994406487578693,0.999586320644141,1.00356990539118,1.00015144777466,0.993171717908301,0.998724950467689
3,3.82,0.993834628454952,0.999588966750209,1.00360726036806,1.00017252606964,0.992703457271215,0.999082586500974
3,3.83,0.993283398222523,0.999591993252739,1.00364449615791,1.00019466546599,0.992244102440738,0.999439279671307
3,3.84,0.992753109412033,0.999595401603202,1.00368162155552,1.00021745064624,0.99179419917027,0.999787870779224
3,3.85,0.992244039078117,0.999599192118036,1.00371864215364,1.00024045266865,0.991354273152662,1.00012153402599
3,3.86,0.991756429215574,0.999603363924131,1.00375556056844,1.00026323824858,0.99092483028905,1.00043391220303
3,3.87,0.991290487202075,0.999607914918461,1.00379237671208,1.00028537900473,0.990506356946594,1.00071923951372
3,3.88,0.990846386266437,0.9996128417426,1.00382908810562,1.00030646047413,0.990099320178195,1.00097244968058
3,3.89,0.990424265981678,0.99961813977254,1.00386569022505,1.00032609070736,0.989704167880569,1.00118926734425
3,3.9,0.990024232782337,0.999623803123973,1.0039021768726,1.00034390826659,0.989321328870688,1.00136628114823
3,3.91,0.989646360505708,0.99962982467286,1.00393854056478,1.00035958946451,0.988951212864561,1.00150099731834
3,3.92,0.989290690956843,0.999636196090863,1.00397477292881,1.00037285470025,0.988594210346356,1.00159187297781
3,3.93,0.988957234497302,0.999642907894914,1.00401086509877,1.00038347376986,0.988250692320034,1.00163832887865
3,3.94,0.988645970657763,0.999649949509947,1.00404680810315,1.00039127005269,0.987921009939772,1.00164074166857
3,3.95,0.988356848774646,0.999657309343599,1.00408259323563,1.00039612350015,0.987605494019525,1.00160041624033
3,3.96,0.988089788650991,0.999664974871465,1.00411821240162,1.00039797238058,0.987304454425968,1.00151953911858
3,3.97,0.987844681241799,0.999672932731338,1.00415365843368,1.00039681376082,0.9870181793628,1.00140111422014
3,3.98,0.987621389364034,0.999681168824722,1.00418892536969,1.00039270273314,0.986746934557877,1.0012488826688
3,3.99,0.987419748431417,0.999689668423809,1.00422400868861,1.0003857504225,0.986490962367879,1.00106722864952
3,4,0.987239567214043,0.999698416282039,1.00425890549975,1.00037612083549,0.986250480818098,1.00086107354336
3,4.01,0.987080628622727,0.999707396746368,1.00429361468241,1.0003640266358,0.986025682597504,1.00063576078858
3,4.02,0.986942690517845,0.99971659386934,1.00432813697402,1.0003497239536,0.985816734031391,1.00039693406303
3,4.03,0.986825486542237,0.999725991519143,1.00436247500594,1.00033350635495,0.985623774055599,1.00015041147458
3,4.04,0.986728726977581,0.999735573485905,1.00439663328739,1.0003156981138,0.985446913217545,0.999902058480355
3,4.05,0.986652099623386,0.999745323582595,1.00443061813891,1.00029664694226,0.985286232729972,0.999657662231453
3,4.06,0.986595270697604,0.999755225739044,1.00446443757793,1.00027671634365,0.985141783603441,0.999422809959771
3,4.07,0.986557885757561,0.999765264087784,1.00449810116011,1.00025627775885,0.985013585883154,0.999202773889748
3,4.08,0.98653957063975,0.999775423040572,1.00453161978071,1.00023570267803,0.984901628014565,0.999002404974682
3,4.09,0.986539932416765,0.999785687354712,1.00456500544143,1.00021535488783,0.984805866360616,0.998826037528948
3,4.1,0.986558560369474,0.999796042188482,1.00459827098852,1.00019558301852,0.984726224891086,0.998677406560004
3,4.11,0.986595026972311,0.999806473145224,1.0046314298286,1.00017671354626,0.984662595061747,0.998559579303643
3,4.12,0.986648888889425,0.9998169663059,1.00466449562904,1.00015904439331,0.984614835897651,0.998474902139526
3,4.13,0.986719687979229,0.999827508250134,1.00469748200985,1.00014283925366,0.984582774291105,0.998424963718954
3,4.14,0.98680695230482,0.999838086066009,1.00473040223429,1.00012832275347,0.984566205520762,0.998410574780627
3,4.15,0.986910197147584,0.999848687349122,1.00476326890501,1.0001156765361,0.984564893993921,0.998431764770606
3,4.16,0.987028926021307,0.999859300191564,1.00479609367269,1.00010503633942,0.984578574209656,0.998487795027292
3,4.17,0.987162631684013,0.999869913161741,1.00482888696342,1.00009649011083,0.984606951935923,0.998577187948495
3,4.18,0.987310797144815,0.99988051527607,1.00486165773071,1.00009007718172,0.9846497055895,0.998697771232455
3,4.19,0.987472896663076,0.999891095963758,1.00489441323729,1.00008578849994,0.984706487803524,0.998846735984592
3,4.2,0.987648396737246,0.99990164502596,1.00492715887134,1.00008356789584,0.984776927163709,0.999020707212552
3,4.21,0.987836757080874,0.999912152590719,1.00495989800054,1.00008331433541,0.984860630091097,0.999215824998901
3,4.22,0.988037431583405,0.999922609065125,1.004992631867,1.00008488509352,0.984957182846541,0.999427834447835
3,4.23,0.988249869253558,0.999933005086155,1.00502535952454,1.00008809976153,0.985066153630046,0.999652182352787
3,4.24,0.988473515143254,0.999943331471645,1.00505807781956,1.00009274498708,0.985187094746718,0.999884118428242
3,4.25,0.988707811250291,0.9999535791728,1.00509078141503,1.0000985798298,0.98531954481035,1.00011879889261
3,4.26,0.988952197398162,0.999963739229565,1.00512346285683,1.00010534160574,0.985463030955637,1.00035139018016
3,4.27,0.989206112091676,0.999973802730095,1.00515611268038,1.00011275208502,0.985617071030585,1.00057717059793
3,4.28,0.989468993347282,0.99998376077542,1.00518871955479,1.00012052390229,0.985781175741923,1.00079162782658
3,4.29,0.98974027949721,0.999993604450263,1.00522127046097,1.00012836703769,0.985954850728059,1.00099055028991
3,4.3,0.990019409966842,1.00000332480079,1.0052537508996,1.00013599522732,0.986137598536309,1.00117011058268
3,4.31,0.990305826024901,1.00001291281994,1.00528614512406,1.00014313216665,0.986328920483818,1.00132693934612
3,4.32,0.99059897150633,1.00002235944064,1.00531843639322,1.00014951737731,0.986528318384419,1.00145818821074
3,4.33,0.99089829350789,1.00003165553735,1.00535060723845,1.00015491161796,0.986735296126933,1.00156158068072
3,4.34,0.991203243056743,1.00004079193573,1.00538263973932,1.00015910173182,0.986949361093619,1.00163545010827
3,4.35,0.991513275752424,1.00004975943039,1.00541451580194,1.00016190483813,0.987170025410914,1.00167876419277
3,4.36,0.991827852382773,1.00005854881043,1.00544621743447,1.00016317179067,0.987396807027939,1.0016911357331
3,4.37,0.992146439514513,1.00006715089215,1.00547772701414,1.00016278984401,0.987629230621552,1.00167281965526
3,4.38,0.992468510059268,1.00007555655829,1.00550902754046,1.00016068448615,0.987866828329915,1.00162469662523
3,4.39,0.992793543815853,1.00008375680305,1.00554010287001,1.00015682041542,0.988109140319531,1.00154824383341
3,4.4,0.993121027989765,1.00009174278184,1.00557093792824,1.00015120165801,0.988355715193542,1.00144549379551
3,4.41,0.99345045769076,1.00009950586491,1.00560151889462,1.00014387084103,0.988606110251586,1.00131898225145
3,4.42,0.99378133640944,1.00010703769348,1.00563183335803,1.00013490765403,0.988859891613816,1.00117168645314
3,4.43,0.994113176473715,1.00011433023757,1.00566187043996,1.00012442654826,0.989116634223652,1.00100695531019
3,4.44,0.994445499485964,1.00012137585399,1.00569162088372,1.00011257373838,0.989375921745465,1.00082843300751
3,4.45,0.994777836741627,1.00012816734358,1.00572107710882,1.0000995235848,0.989637346374725,1.00063997781603
3,4.46,0.995109729629891,1.00013469800642,1.00575023323035,1.00008547444633,0.989900508579057,1.00044557788782
3,4.47,0.995440730017016,1.00014096169387,1.00577908504363,1.00007064410228,0.990165016789232,1.00024926585771
3,4.48,0.995770400612712,1.00014695285654,1.00580762997576,1.00005526485001,0.990430487059305,1.00005503406525
3,4.49,0.996098315319899,1.00015266658709,1.00583586700558,1.00003957838879,0.990696542714918,0.999866752165199
3,4.5,0.996424059567999,1.00015809865713,1.00586379655479,1.00002383060281,0.990962814008177,0.999688088812224
3,4.51,0.996747230629813,1.00016324554743,1.00589142035327,1.00000826635591,0.991228937796584,0.999522438989308
3,4.52,0.997067437921903,1.00016810447091,1.00591874128194,0.999993124408064,0.991494557262172,0.999372858402367
3,4.53,0.997384303288265,1.00017267338796,1.00594576319733,0.999978632558614,0.991759321685314,0.999242006189219
3,4.54,0.997697461266972,1.00017695101385,1.00597249074179,0.999965003114145,0.992022886285772,0.999132096993692
3,4.55,0.998006559339364,1.00018093681806,1.00599892914401,0.999952428770101,0.992284912141291,0.999044863239827
3,4.56,0.998311258161281,1.00018463101556,1.00602508401414,0.999941078984451,0.99254506619163,0.998981528211627
3,4.57,0.998611231775739,1.0001880345504,1.00605096113815,0.999931096909721,0.992803021333375,0.998942790305794
3,4.58,0.998906167806428,1.00019114907166,1.00607656627581,0.999922596936505,0.993058456608157,0.998928818583415
3,4.59,0.999195767631355,1.00019397690262,1.00610190496662,0.999915662887567,0.993311057484265,0.998939259506928
3,4.6,0.999479746535949,1.00019652100338,1.00612698234761,0.999910346887098,0.993560516228954,0.998973254515685
3,4.61,0.999757833844944,1.00019878492806,1.00615180298672,0.999906668914992,0.99380653236624,0.999029467872023
3,4.62,1.00002977303242,1.00020077277701,1.00617637073499,0.999904617041384,0.994048813212597,0.999106124004297
3,4.63,1.00029532180936,1.00020248914527,1.00620068860038,0.999904148322508,0.994287074480836,0.999201053387828
3,4.64,1.00055425218824,1.0002039390681,1.00622475864549,0.999905190325478,0.994521040940625,0.9993117458428
3,4.65,1.00080635052419,1.00020512796453,1.0062485819108,0.99990764323706,0.994750447122556,0.999435409992691
3,4.66,1.00105141753239,1.00020606158011,1.00627215836477,0.999911382500251,0.994975038051505,0.999569037520274
3,4.67,1.00128926828146,1.00020674592973,1.00629548688108,0.999916261912589,0.99519456999425,0.999709470782264
3,4.68,1.00151973216279,1.00020718724157,1.00631856524329,0.999922117111865,0.995408811205869,0.999853472299347
3,4.69,1.00174265283583,1.00020739190314,1.00634139017597,0.999928769368373,0.995617542659433,0.999997794625997
3,4.7,1.00195788814957,1.00020736641024,1.00636395740141,0.999936029598117,0.995820558743818,1.00013924912384
3,4.71,1.00216531004042,1.00020711731962,1.00638626172007,0.999943702508602,0.996017667915141,1.00027477221232
3,4.72,1.00236480440717,1.00020665120612,1.00640829711261,0.999951590787898,0.996208693288293,1.00040148774958
3,4.73,1.00255627096349,1.00020597462477,1.00643005686109,0.999959499248655,0.996393473156318,1.00051676430242
3,4.74,1.0027396230688,1.00020509407847,1.00645153368624,0.999967238841523,0.996571861426842,1.00061826619445
3,4.75,1.0029147875384,1.00020401599134,1.00647271989765,0.999974630456941,0.996743727966456,1.00070399737261
3,4.76,1.00308170443393,1.00020274668822,1.00649360755357,0.999981508440354,0.996908958845752,1.000772337301
3,4.77,1.00324032683511,1.00020129238023,1.00651418862663,0.999987723753436,0.997067456479649,1.00082206827299
3,4.78,1.00339062059424,1.00019965915638,1.00653445517195,0.999993146722664,0.997219139659567,1.00085239372434
3,4.79,1.00353256407447,1.000197852981,1.00655439949408,0.999997669326373,0.997363943476046,1.00086294732705
3,4.8,1.00366614787341,1.00019587969684,1.00657401430919,1.00000120698202,0.997501819132313,1.00085379284154
3,4.81,1.00379137453342,1.00019374503316,1.00659329289926,1.00000369980656,0.997632733651219,1.0008254148998
3,4.82,1.00390825823983,1.00019145461861,1.00661222925516,1.00000511333429,0.997756669479785,1.00077870107979
3,4.83,1.00401682450884,1.00018901399804,1.00663081820574,1.0000054386882,0.997873623997257,1.00071491580787
3,4.84,1.00411710986621,1.00018642865269,1.00664905553054,1.00000469221214,0.997983608934157,1.00063566678864
3,4.85,1.00420916151828,1.00018370402308,1.00666693805403,1.00000291458227,0.998086649711179,1.00054286480558
3,4.86,1.00429303701663,1.00018084553365,1.00668446371959,1.0000001694266,0.998182784708006,1.00043867786042
3,4.87,1.00436880391765,1.00017785861861,1.0067016316422,0.999996541491168,0.998272064473123,1.00032548072036
3,4.88,1.00443653943825,1.00017474874802,1.00671844213891,0.999992134399805,0.998354550886524,1.00020580101962
3,4.89,1.00449633010877,1.00017152145331,1.00673489673693,0.999987068062251,0.998430316287767,1.00008226311319
3,4.9,1.00454827142421,1.00016818235171,1.00675099815938,0.999981475791275,0.998499442582219,0.99995753090639
3,4.91,1.00459246749456,1.00016473716859,1.00676675028941,0.999975501194502,0.998562020338409,0.99983425088273
3,4.92,1.00462903069526,1.00016119175725,1.00678215811384,0.999969294909974,0.998618147889337,0.99971499652637
3,4.93,1.00465808131823,1.00015755211553,1.0067972276475,0.999963011256366,0.998667930450174,0.999602215284186
3,4.94,1.00467974722427,1.00015382439871,1.00681196584044,0.999956804869189,0.998711479264254,0.999498179138081
3,4.95,1.00469416349715,1.00015001492834,1.00682638046988,0.999950827393284,0.998748910788397,0.9994049397627
3,4.96,1.00470147209992,1.00014613019665,1.0068404800195,0.999945224299345,0.998780345927628,0.999324289129406
3,4.97,1.00470182153347,1.00014217686637,1.00685427354859,0.999940131888423,0.998805909328113,0.999257726286993
3,4.98,1.00469536649778,1.00013816176582,1.00686777055399,0.999935674543255,0.998825728735776,0.999206430906326
3,4.99,1.00468226755562,1.00013409187932,1.00688098082752,0.999931962279032,0.998839934426554,0.999171244022985
3,5,1.00466269079907,1.00012997433299,1.00689391431208,0.999929088639085,0.998848658712624,0.999152656252593
4,0,0,0,0,0,0,0
4,0.01,0.000825579875282183,0.00406734576385967,-0.00553638723667411,0.0118661740971057,0.0135290186475509,0.00216145172775939
4,0.02,0.00293829702626931,0.00500868028202629,0.00218686001216973,0.0210542826876943,0.0263764633406235,0.0112515760241101
4,0.03,0.00600723335942286,0.00757163391536833,0.0111619743733997,0.0333671510181139,0.0395232419664922,0.0208402101180832
4,0.04,0.00991806649680034,0.0110883764211889,0.0216839383476609,0.047056187257841,0.0555630408673823,0.0308148680158932
4,0.05,0.0145769169306512,0.0150546966355314,0.0341699038007737,0.0596765591232565,0.0720007002426895,0.0428582268913788
4,0.06,0.0199086498926012,0.0198894163489142,0.0473029553040287,0.0718283401208133,0.0871209937380337,0.0565191601805691
4,0.07,0.0258703771692343,0.0258174736527338,0.0602982492163088,0.0846553348163164,0.102076182969534,0.0706019479669155
4,0.08,0.0324330565682729,0.0326936978160083,0.0732392642836114,0.0982505484269423,0.118017689200616,0.0847329369368114
4,0.09,0.0395672858698312,0.0402742552161508,0.0864793817000713,0.111936598281828,0.134684974316452,0.0993247097436435
4,0.1,0.0472440616869861,0.0484584943258902,0.100108057740161,0.125224415263758,0.151242204618568,0.114754047679006
4,0.11,0.0554408488927949,0.0573685314984936,0.113765931676334,0.138465543520188,0.167478414675691,0.130716021194923
4,0.12,0.0641436319974282,0.0670911978310007,0.127182507808465,0.152185748118372,0.183937490264853,0.146676915206263
4,0.13,0.0733409780594702,0.0774728320781258,0.140608693892799,0.166108953475113,0.20092771676268,0.162734032520402
4,0.14,0.0830187934958576,0.0883799060922234,0.154264910959598,0.17973761268018,0.218045684477163,0.179260435151152
4,0.15,0.0931645444112455,0.0999069254772934,0.16789648431304,0.193320527305418,0.235002305294845,0.196056116770188
4,0.16,0.103771630176943,0.112100504484009,0.181350952571189,0.207182509823715,0.252082080785767,0.212785452725843
4,0.17,0.114834729453416,0.12483487393496,0.194841739977033,0.221029122345951,0.269426866949081,0.229612960343988
4,0.18,0.126346756049763,0.138077323212857,0.208390340396906,0.23472071734801,0.286798733014493,0.246637942408293
4,0.19,0.138302870526269,0.151879382822893,0.221841363066245,0.248488352645427,0.304153518348775,0.263644883553611
4,0.2,0.150700809393848,0.166192506144775,0.235248253429461,0.262281004975022,0.321605838316195,0.280623120642505
4,0.21,0.163537930071971,0.180970543479765,0.248659902796766,0.275983017238242,0.33909680808901,0.297638651520496
4,0.22,0.176812205286443,0.196220335108722,0.262013798051381,0.289678476163072,0.356570734106469,0.314598227408055
4,0.23,0.19052292131321,0.211912804206933,0.275320831193106,0.303354071637956,0.374048342641798,0.331479505462293
4,0.24,0.204669471866292,0.228016636434667,0.28859553868246,0.316968638183837,0.391501044504278,0.348290676273139
4,0.25,0.219251506052042,0.244516001604206,0.301818950036614,0.330545138091849,0.408898934511625,0.364989197745545
4,0.26,0.234268968851079,0.26138360376964,0.31499435840244,0.344072437215189,0.426229619627463,0.381559994600517
4,0.27,0.249721630630846,0.278593381335523,0.328121157294077,0.357542203773371,0.443467908652003,0.397988547891513
4,0.28,0.265608973328647,0.29612051095779,0.341194828061878,0.370955793958048,0.460589886011565,0.414253467971444
4,0.29,0.281929948208113,0.313937630401615,0.354214825777509,0.384307587137992,0.477572345214451,0.430340334588751
4,0.3,0.298682670805382,0.332017644280455,0.367178956775369,0.397595324857051,0.49438980624712,0.446233340529738
4,0.31,0.315864138485131,0.350332781140868,0.380085481842346,0.410816698852537,0.511016794853802,0.461917822983798
4,0.32,0.333469893091221,0.368854808295243,0.392932889024359,0.423969415248586,0.527427116238435,0.477380219951514
4,0.33,0.351493663840515,0.387555249427863,0.405719689643928,0.437051739863093,0.543594143930233,0.492607524512205
4,0.34,0.36992698463249,0.406405414908293,0.418444624992658,0.450062048294741,0.559491055022874,0.507587587482298
4,0.35,0.388758788853139,0.425376575918015,0.431106604952735,0.462998945707058,0.575091005833742,0.52230895729002
4,0.36,0.407974989387928,0.444440094688863,0.443704755295527,0.475861153077637,0.590367406860481,0.536760917808507
4,0.37,0.427558051539196,0.463567579845339,0.456238428071442,0.488647452269851,0.605294205377877,0.550933490007475
4,0.38,0.447486570594488,0.482731044242579,0.468707213690773,0.501356612763801,0.619846212834551,0.564817461385893
4,0.39,0.467734868474093,0.501903066115609,0.481110944506123,0.513987314738461,0.633999463639957,0.578404434507936
4,0.4,0.488272627262248,0.521056949263339,0.493449688387606,0.526538069667178,0.647731603209482,0.591686896047052
4,0.41,0.509064580641513,0.540166877452257,0.505723730332533,0.539007139560434,0.661022298378548,0.60465830768569
4,0.42,0.530070287201375,0.55920805769989,0.517933539889934,0.55139245802818,0.673853661460517,0.617313217867987
4,0.43,0.551244011920977,0.578156846338988,0.530079722812146,0.563691556162431,0.686210676537219,0.629647392610726
4,0.44,0.572534743435861,0.596990851377596,0.542162955893351,0.575901496892425,0.698081613824627,0.641657961729859
4,0.45,0.59388637453328,0.615689004555137,0.554183904875635,0.588018821709888,0.709458415420921,0.653343574956728
4,0.46,0.615238071192471,0.634231596837505,0.566143126462645,0.600039513778798,0.720337033626574,0.664704560302272
4,0.47,0.636524850920408,0.652600271988968,0.578040956879291,0.611958981262112,0.730717701612149,0.675743074902853
4,0.48,0.657678383727256,0.670777974394703,0.589877390965614,0.623772064174638,0.740605115821062,0.686463236626121
4,0.49,0.678628018585963,0.688748849520033,0.60165195736893,0.635473067157568,0.75000851047219,0.696871223179637
4,0.5,0.699302024618747,0.706498098244578,0.613363596827866,0.647055819253387,0.758941607177512,0.706975324633676
4,0.51,0.719629019894463,0.724011789672399,0.625010551616912,0.658513760070419,0.76742242723391,0.716785935445951
4,0.52,0.739539542416015,0.741276640658003,0.636590274717461,0.669840049751012,0.775472960659998,0.726315473546856
4,0.53,0.758967699001009,0.758279773862815,0.648099366993916,0.68102769804707,0.783118694387562,0.73557821703405
4,0.54,0.77785281029956,0.775008469241183,0.659533549430271,0.692069705774527,0.790388011758677,0.744590053639983
4,0.55,0.796140956701463,0.791449925978181,0.670887675272979,0.702959210229302,0.797311485869004,0.75336814429386
4,0.56,0.813786323262445,0.80759105261291,0.682155783821008,0.713689625088998,0.803921099244663,0.76193050946415
4,0.57,0.830752244848982,0.82341830203534,0.693331193863908,0.724254765164488,0.810249430490254,0.770295554896053
4,0.58,0.847011867545614,0.838917565094385,0.704406630823715,0.734648947288961,0.816328853453388,0.77848156089324
4,0.59,0.862548369516014,0.854074131832436,0.715374378068738,0.744867060676301,0.822190794860939,0.78650616523615
4,0.6,0.877354722177209,0.868872723323636,0.726226440246089,0.754904603078953,0.827865091581313,0.794385872923774
4,0.61,0.891433016280721,0.883297590500202,0.736954705355553,0.764757682639196,0.833379478819359,0.80213562515271
4,0.62,0.904793420554631,0.897332670161025,0.747551092965815,0.774422988891671,0.838759226872018,0.809768454875491
4,0.63,0.917452875239428,0.910961783538608,0.75800767841542,0.783897739313608,0.84402692871677,0.817295247355885
4,0.64,0.92943364251836,0.92416886010339,0.76831678661693,0.793179609613442,0.849202426304893,0.824724612755624
4,0.65,0.940761837047925,0.936938169034855,0.778471053451295,0.80226665634408,0.854302852405816,0.832062866027058
4,0.66,0.951466043503249,0.94925454279413,0.788463456835843,0.811157239515231,0.859342758715358,0.839314099459034
4,0.67,0.961576099353938,0.961103580845012,0.798287322633983,0.819849951053606,0.864334299936285,0.846480326796813
4,0.68,0.971122087378435,0.972471825894279,0.807936312239351,0.8283435527644,0.869287446707915,0.853561675576136
4,0.69,0.98013355091949,0.98334690918509,0.817404398910458,0.836636925387404,0.874210205943969,0.860556605723342
4,0.7,0.988638920552777,0.993717664752507,0.826685839083793,0.844729028744523,0.879108833605538,0.86746213636255
4,0.71,0.996665125607967,1.00357421485307,0.835775143439164,0.852618871953611,0.883988030874538,0.874274067701029
4,0.72,1.00423735717104,1.01290803003335,0.844667050890856,0.86030549217957,0.888851119393742,0.88098718964731
4,0.73,1.01137894866932,1.02171196771938,0.853356507252994,0.86778794026703,0.893700194528167,0.887595472744464
4,0.74,1.01811134342917,1.02998029306826,0.861838649232609,0.875065271699863,0.898536257640775,0.894092239829799
4,0.75,1.02445412362951,1.03770868538025,0.870108793663341,0.88213654154256,0.903359329463032,0.900470318635781
4,0.76,1.03042508044424,1.04489423281188,0.878162431455219,0.889000802259548,0.908168547083555,0.906722176547026
4,0.77,1.03604031008378,1.05153541757581,0.885995225523032,0.895657103538747,0.912962247124762,0.912840039172912
4,0.78,1.04131432457296,1.05763209332317,0.893603011891735,0.902104493446096,0.917738037506327,0.918815994495183
4,0.79,1.0462601693738,1.06318545600097,0.900981803201802,0.908342020403495,0.922492859921335,0.924642084259314
4,0.8,1.05088954245152,1.06819800916221,0.908127793908357,0.914368735615207,0.927223044846436,0.930310384098783
4,0.81,1.05521291121993,1.07267352447076,0.91503736655801,0.920183695671658,0.931924360609829,0.935813073674198
4,0.82,1.05923962512312,1.07661699797204,0.921707098621138,0.925785965139935,0.936592057769978,0.941142497908169
4,0.83,1.06297802253815,1.08003460258098,0.928133769446159,0.931174619011739,0.941220909821174,0.946291220218144
4,0.84,1.06643553131876,1.08293363715903,0.93431436698279,0.936348744926273,0.945805251040563,0.951252068499166
4,0.85,1.06961876272347,1.08532247250016,0.94024609399193,0.941307445120795,0.950339012122907,0.956018174486893
4,0.86,1.07253359874308,1.08721049451592,0.945926373521242,0.94604983808795,0.954815754110332,0.96058300703571
4,0.87,1.07518527300869,1.08860804489345,0.951352853478354,0.950575059938553,0.959228701010639,0.964940399773598
4,0.88,1.07757844555358,1.08952635949472,0.956523410179214,0.954882265482776,0.963570771405189,0.969084573540658
4,0.89,1.07971727174616,1.0899775047651,0.961436150788289,0.958970629052836,0.967834609272526,0.973010153978022
4,0.9,1.08160546572301,1.08997431242361,0.966089414601202,0.96283934509731,0.972012614193304,0.976712184605011
4,0.91,1.08324635864249,1.08953031271245,0.970481773149573,0.966487628581611,0.976096971053284,0.980186135702017
4,0.92,1.08464295206074,1.0886596664893,0.974612029133042,0.969914715231759,0.980079679321762,0.983427909302326
4,0.93,1.08579796670659,1.08737709645116,0.978479214205039,0.973119861659472,0.983952581950973,0.98643384058618
4,0.94,1.08671388690658,1.08569781778189,0.982082585657317,0.976102345406459,0.987707393916348,0.989200695963233
4,0.95,1.08739300088669,1.0836374685181,0.985421622063672,0.978861464944582,0.991335730396672,0.991725668124151
4,0.96,1.08783743715612,1.08121203992741,0.988496017956043,0.981396539666734,0.9948291345764,0.994006368337519
4,0.97,1.08804919716177,1.07843780719114,0.99130567761632,0.983706909900848,0.998179105038813,0.996040816263858
4,0.98,1.08803018438925,1.07533126067864,0.993850708074969,0.985791936976693,1.00137712270787,0.997827427553982
4,0.99,1.08778223007884,1.07190903809403,0.996131411413044,0.987651003372035,1.00441467728822,0.999364999493851
4,1,1.08730711572111,1.06818785776685,0.998148276467563,0.989283512961542,1.00728329314623,1.00065269495224
4,1.01,1.08660659249751,1.06418445334765,0.999901970041611,0.990688891388524,1.00997455457033,1.00169002488099
4,1.02,1.08568239783501,1.05991551015668,1.00139332772012,0.991866586576341,1.01248013034431,1.00247682961019
4,1.03,1.08453626925029,1.05539760341998,1.00262334439028,0.992816069393147,1.01479179756325,1.0030132591723
4,1.04,1.08316995566722,1.05064713861125,1.00359316456194,0.993536834480486,1.01690146461667,1.00329975288036
4,1.05,1.08158522639916,1.04568029410182,1.00430407257886,0.994028401252876,1.01880119326286,1.00333701837592
4,1.06,1.07978387799202,1.04051296630334,1.00475748280569,0.994290315071583,1.02048321972938,1.00312601035163
4,1.07,1.07776773912459,1.03516071747027,1.00495492986979,0.994322148591763,1.02193997480631,1.00266790914248
4,1.08,1.07553867376151,1.02963872631087,1.00489805902944,0.994123503279442,1.02316410293772,1.00196409936641
4,1.09,1.0730985827631,1.02396174153622,1.00458861673269,0.993694011095437,1.02414848031624,1.00101614878115
4,1.1,1.07044940417935,1.01814403845719,1.00402844142182,0.993033336345773,1.02488623189811,0.99982578751244
4,1.11,1.06759311247501,1.01219937871958,1.00321945462919,0.992141177695841,1.02537074712615,0.998394887800066
4,1.12,1.06453171691364,1.00614097325063,1.0021636524032,0.991017270333661,1.02559569414656,0.996725444400516
4,1.13,1.06126725926274,0.999981448474331,1.00086309709758,0.989661388254646,1.02555503256211,0.994819555767999
4,1.14,1.05780181092654,0.993732815837243,0.999319909552526,0.988073346643844,1.02524302508922,0.992679406107836
4,1.15,1.05413746963735,0.987406444667141,0.997536261687012,0.986253004351583,1.02465424846303,0.990307248372603
4,1.16,1.05027635591489,0.981013038367486,0.995514369510745,0.984200266467491,1.02378360347042,0.987705388269349
4,1.17,1.04622060952392,0.974562613934482,0.993256486556279,0.981915086978036,1.02262632360666,0.984876169355443
4,1.18,1.04197238607598,0.968064484772354,0.990764897730039,0.979397471468262,1.02117798205954,0.981821959290364
4,1.19,1.03753385381832,0.961527246771495,0.988041913580399,0.976647479832978,1.01943449728519,0.978545137274552
4,1.2,1.03290719063549,0.954958767600492,0.985089864976563,0.973665228986584,1.01739213765843,0.975048082674576
4,1.21,1.02809458133462,0.948366179148555,0.981911098185326,0.970450895568407,1.01504752537631,0.971333164829584
4,1.22,1.02309821530654,0.941755873042903,0.978507970328307,0.967004718625683,1.01239763944639,0.967402734041669
4,1.23,1.01792028462203,0.935133499156407,0.974882845201221,0.963327002244334,1.00943981759282,0.963259113746489
4,1.24,1.01256298257827,0.928503967012367,0.971038089436527,0.959418118102005,1.00617175712497,0.958904593840198
4,1.25,1.00702850269039,0.921871449984832,0.966976068989943,0.95527850792672,1.00259151492725,0.954341425121456
4,1.26,1.00131903812031,0.915239392184872,0.962699145930301,0.950908685846131,0.99869750668419,0.949571814800236
4,1.27,0.995436781531721,0.908610517916299,0.958209675511978,0.946309240609132,0.994488505381905,0.944597923022008
4,1.28,0.989383925349934,0.901986843578488,0.953510003509637,0.941480837660102,0.989963639113116,0.939421860350604
4,1.29,0.983162662394609,0.895369691888937,0.948602463795979,0.936424221047465,0.985122388232602,0.93404568614638
4,1.3,0.976775186845842,0.888759708293917,0.943489376144363,0.93114021515003,0.979964581923819,0.928471407770837
4,1.31,0.970223695498624,0.882156879432029,0.938173044239583,0.925629726205502,0.974490394235661,0.922700980545354
4,1.32,0.963510389256676,0.875560553512723,0.932655753881751,0.919893743626192,0.968700339642999,0.916736308389549
4,1.33,0.956637474813279,0.868969462469808,0.926939771370078,0.913933341087825,0.962595268182021,0.910579245063277
4,1.34,0.94960716646425,0.862381745748671,0.921027342055271,0.907749677378541,0.956176360210852,0.90423159593562
4,1.35,0.942421687996549,0.85579497558526,0.914920689051329,0.901343996996538,0.949445120845315,0.897695120204375
4,1.36,0.935083274595265,0.849206183634902,0.908622012099492,0.894717630486192,0.942403374118504,0.890971533490541
4,1.37,0.927594174711589,0.842611888809623,0.902133486579143,0.887871994504095,0.935053256911494,0.884062510734088
4,1.38,0.919956651834945,0.836008126183837,0.895457262662342,0.880808591608125,0.927397212701116,0.876969689319746
4,1.39,0.912172986113509,0.829390476829985,0.888595464610522,0.873529009764556,0.919437985169375,0.869694672364657
4,1.4,0.90424547576898,0.822754098447956,0.881550190213472,0.866034921570213,0.911178611717587,0.862239032103398
4,1.41,0.89617643825349,0.816093756654808,0.874323510372263,0.858328083188872,0.902622416926715,0.854604313310105
4,1.42,0.887968211099098,0.809403856804456,0.866917468828975,0.850410333003355,0.893773006003537,0.846792036702109
4,1.43,0.879623152413156,0.802678476210487,0.859334082047155,0.842283589987229,0.884634258250265,0.838803702274629
4,1.44,0.871143640976176,0.795911396649148,0.851575339247682,0.833949851802489,0.875210320592875,0.830640792521515
4,1.45,0.862532075902461,0.789096137023729,0.84364320260525,0.825411192632224,0.865505601200737,0.822304775502913
4,1.46,0.853790875827781,0.782225986075986,0.83553960761092,0.816669760759848,0.855524763227107,0.813797107726762
4,1.47,0.844922477592741,0.775294035034959,0.827266463606164,0.807727775909146,0.845272718696544,0.80511923681739
4,1.48,0.83592933439516,0.768293210098386,0.818825654493545,0.798587526361949,0.834754622561431,0.796272603950967
4,1.49,0.826813913389781,0.761216304646958,0.810219039628631,0.789251365872805,0.823975866945363,0.787258646044173
4,1.5,0.817578692718921,0.754056011096789,0.801448454896919,0.779721710402391,0.812942075586365,0.778078797689126
4,1.51,0.808226157963191,0.746804952300769,0.792515713978568,0.770001034693682,0.80165909848755,0.768734492834285
4,1.52,0.798758798007214,0.739455712414701,0.783422609802464,0.760091868716903,0.790133006777159,0.759227166217604
4,1.53,0.789179100321168,0.732000867149529,0.774170916189762,0.749996794011089,0.778370087773773,0.749558254564695
4,1.54,0.779489545665082,0.724433013336253,0.76476238968547,0.739718439951589,0.766376840246119,0.739729197570918
4,1.55,0.769692602228924,0.716744797735494,0.755198771574959,0.729259479973973,0.754159969850232,0.72974143869222
4,1.56,0.759790719227605,0.708928945028928,0.745481790080521,0.718622627785659,0.741726384719977,0.719596425775011
4,1.57,0.749786319976088,0.700978284935059,0.735613162731265,0.707810633596968,0.729083191180189,0.709295611560311
4,1.58,0.739681794475578,0.692885778396959,0.72559459889782,0.696826280403348,0.716237689545003,0.698840454101759
4,1.59,0.729479491547376,0.68464454279466,0.715427802481481,0.68567238035012,0.703197369957572,0.688232417140747
4,1.6,0.719181710556155,0.676247876139874,0.705114474745733,0.674351771210302,0.689969908221377,0.677472970484771
4,1.61,0.708790692769197,0.667689280215557,0.694656317276371,0.662867313004846,0.676563161567875,0.6665635904371
4,1.62,0.698308612402327,0.658962482627602,0.684055035054966,0.651221884793072,0.662985164300453,0.655505760326894
4,1.63,0.687737567406879,0.650061457740526,0.673312339629031,0.639418381659084,0.649244123250736,0.644300971188929
4,1.64,0.677079570054935,0.640980446473529,0.662429952361083,0.627459711917743,0.635348412980268,0.632950722641035
4,1.65,0.666336537382243,0.631713974937628,0.651409607737821,0.615348794561158,0.621306570658653,0.621456524005273
4,1.66,0.655510281549574,0.622256871898759,0.640253056719899,0.603088556963932,0.60712729054841,0.609819895715627
4,1.67,0.644602500183846,0.612604285055801,0.628962070112305,0.59068193286238,0.59281941802722,0.598042371050774
4,1.68,0.633614766760066,0.602751696126369,0.617538441935072,0.578131860619892,0.578391943079843,0.586125498225147
4,1.69,0.622548521084075,0.592694934736944,0.605983992774103,0.565441281787433,0.563853993194912,0.574070842865324
4,1.7,0.611405059934222,0.582430191117506,0.594300573092114,0.552613139965022,0.549214825605912,0.561879990891612
4,1.71,0.600185527917534,0.571954027604244,0.58249006648025,0.539650379966913,0.534483818821028,0.549554551816942
4,1.72,0.588890908592717,0.561263388957165,0.570554392831631,0.526555947290197,0.519670463392965,0.537096162466686
4,1.73,0.577522015908549,0.550355611502536,0.558495511419079,0.513332787883667,0.504784351887367,0.524506491114198
4,1.74,0.566079486001965,0.539228431112982,0.546315423860422,0.499983848211128,0.489835168016844,0.511787242017744
4,1.75,0.554563769395557,0.527879990040847,0.534016176956107,0.486512075600864,0.474832674916791,0.498940160335278
4,1.76,0.542975123629369,0.516308842623012,0.52159986538534,0.472920418870799,0.459786702548965,0.485967037384482
4,1.77,0.531313606356963,0.504513959877798,0.509068634248595,0.459211829216926,0.444707134228987,0.472869716206693
4,1.78,0.51957906893084,0.492494733016818,0.496424681446007,0.445389261350972,0.429603892284417,0.459650097385122
4,1.79,0.507771150497549,0.480250975896812,0.483670259882982,0.431455674871846,0.414486922860592,0.44631014506019
4,1.8,0.495889272618399,0.467782926438383,0.470807679496098,0.417414035854389,0.399366179901828,0.432851893078106
4,1.81,0.483932634427637,0.455091247040393,0.457839309094271,0.403267318638071,0.384251608345713,0.419277451203119
4,1.82,0.471900208336412,0.4421770240204,0.444767578011867,0.389018507797768,0.369153126577856,0.405589011319343
4,1.83,0.459790736287979,0.429041766113018,0.431594977572259,0.374670600278391,0.354080608203436,0.391788853544699
4,1.84,0.447602726567375,0.415687402059431,0.418324062361963,0.36022660767503,0.339043863200078,0.377879352177612
4,1.85,0.435334451167402,0.402116277322467,0.404957451317081,0.345689558640368,0.32405261852384,0.363862981396424
4,1.86,0.422983943712207,0.388331149962712,0.391497828625239,0.331062501401344,0.309116498246204,0.349742320632331
4,1.87,0.410548997940142,0.374335185712013,0.377947944447524,0.316348506367432,0.294245003305002,0.335520059538833
4,1.88,0.398027166748898,0.360131952281445,0.364310615466085,0.301550668813399,0.279447490955902,0.321199002484187
4,1.89,0.385415761808244,0.34572541294142,0.350588725264037,0.286672111620046,0.264733154013451,0.306782072498235
4,1.9,0.372711853749113,0.331119919411949,0.33678522454511,0.271715988057068,0.250110999971718,0.292272314610967
4,1.91,0.359912272942114,0.316320204101303,0.322903131201041,0.256685484592983,0.235589830094143,0.277672898527311
4,1.92,0.347013610884097,0.301331371731296,0.308945530235064,0.241583823717876,0.22117821856041,0.262987120590694
4,1.93,0.334012222217892,0.28615889038717,0.294915573549963,0.226414266765582,0.206884491754956,0.248218404996813
4,1.94,0.32090422741797,0.270808582029583,0.280816479609008,0.211180116722845,0.192716707777127,0.23337030422852
4,1.95,0.307685516183463,0.255286612505425,0.26665153297768,0.195884721013939,0.178682636247129,0.218446498692781
4,1.96,0.294351751589709,0.239599481093149,0.25242408375341,0.180531474250244,0.164789738474734,0.203450795550851
4,1.97,0.280898375060281,0.223754009616881,0.238137546889587,0.165123820935226,0.151045148049445,0.188387126743277
4,1.98,0.267320612233285,0.207757331161815,0.223795401418811,0.149665258116352,0.137455651901375,0.173259546221611
4,1.99,0.253613479808525,0.191616878421275,0.209401189578796,0.134159337976416,0.124027671871854,0.158072226408826
4,2,0.239771793475941,0.175340371703165,0.194958515842462,0.118609670357801,0.11076724682158,0.142829453920099
4,2.01,0.225790177040415,0.158935806620535,0.180471045851531,0.103019925214098,0.097680015292385,0.127535624584763
4,2.02,0.211663072873605,0.142411441487379,0.16594250525047,0.0873938349843628,0.0847711987263829,0.11219523781866
4,2.03,0.197384753839788,0.1257757844367,0.151376678414762,0.071735196886066,0.0720455852337107,0.0968128904037177
4,2.04,0.182949336859615,0.109037580273192,0.136777407064443,0.0560478751232291,0.059507513887411,0.0813932697382619
4,2.05,0.168350798293129,0.0922057970676671,0.12214858875039,0.0403358030066138,0.0471608595113978,0.0659411466272544
4,2.06,0.15358299134107,0.0752896124944496,0.107494175197192,0.0246029849828646,0.0350090179154245,0.0504613676860298
4,2.07,0.138639665681197,0.0582983999064977,0.0928181704826333,0.00885349856893121,0.023054891519378,0.0349588474346898
4,2.08,0.123514489573758,0.0412417141358895,0.0781246290297458,-0.00690850381270899,0.0113008752986971,0.0194385601623309
4,2.09,0.108201074686877,0.0241292769996694,0.0634176533831048,-0.0226787931038531,-0.000251157026467513,0.00390553164111654
4,2.1,0.092693003908097,0.00697096248264823,0.0487013917371519,-0.0384530619937737,-0.0115998666434254,-0.0116351692298383
4,2.11,0.0769838624219322,-0.0102232184398512,0.0339800351797923,-0.0542269234266019,-0.0227444632310568,-0.0271784387727972
4,2.12,0.0610672723443625,-0.0274431333857151,0.0192578146109787,-0.0699959092480302,-0.0336847185696199,-0.0427191467964025
4,2.13,0.0449369312129117,-0.0446785446119772,0.00453899729198208,-0.0857554690107442,-0.0444209802702208,-0.0582521447062149
4,2.14,0.0285866546342484,-0.0619191255885885,-0.0101721170216959,-0.101500968964327,-0.0549541857148509,-0.0737722733945088
4,2.15,0.012010423389037,-0.0791544781750644,-0.0248712004136779,-0.117227691261714,-0.0652858762907974,-0.0892743708498151
4,2.16,-0.00479756471528225,-0.0963741504845986,-0.0395539016573219,-0.132930833422861,-0.0754182119918616,-0.104753279433745
4,2.17,-0.0218428379704381,-0.113567655528753,-0.0542158516353514,-0.14860550810485,-0.0853539864424331,-0.1202038527815
4,2.18,-0.0391305886258659,-0.130724490743764,-0.0688526693787209,-0.164246743238335,-0.0950966423787055,-0.135620962291525
4,2.19,-0.0566656052725402,-0.147834158505606,-0.0834599687724783,-0.179849482600691,-0.104650287593425,-0.150999503180499
4,2.2,-0.0744521995970704,-0.164886187745435,-0.0980333659709758,-0.195408586908547,-0.114019711316403,-0.166334400090598
4,2.21,-0.0924941274186033,-0.181870156778696,-0.112568487557649,-0.210918835524089,-0.123210400961883,-0.181620612248115
4,2.22,-0.110794504005803,-0.198775717459666,-0.127060979474278,-0.226374928881986,-0.132228559125683,-0.196853138184753
4,2.23,-0.129355713774797,-0.215592620767797,-0.14150651673122,-0.241771491755582,-0.141081120659519,-0.212027020045859
4,2.24,-0.148179314593,-0.232310743921737,-0.155900813893756,-0.257103077491645,-0.149775769587387,-0.227137347523068
4,2.25,-0.167265937059286,-0.248920119101128,-0.170239636319115,-0.272364173352251,-0.158320955559214,-0.242179261462069
4,2.26,-0.186615179298752,-0.265410963833624,-0.184518812095278,-0.28754920710875,-0.166725909461449,-0.2571479572095
4,2.27,-0.20622549800011,-0.281773713074945,-0.198734244604851,-0.302652555036167,-0.175000657723163,-0.272038687775748
4,2.28,-0.226094096634677,-0.297999052971834,-0.212881925606789,-0.31766855145491,-0.183156034771698,-0.28684676690274
4,2.29,-0.246216812025743,-0.314077956251473,-0.22695794869466,-0.33259149996035,-0.191203693005289,-0.301567572136968
4,2.3,-0.2665880006824,-0.330001719125434,-0.240958522954433,-0.347415686467469,-0.199156109564334,-0.316196548017929
4,2.31,-0.287200426567642,-0.345761999531998,-0.254879986607175,-0.362135394177612,-0.207026589100726,-0.330729209500127
4,2.32,-0.308045152230033,-0.361350856467633,-0.268718820385089,-0.376744920545469,-0.2148292616698,-0.345161145732658
4,2.33,-0.329111435483074,-0.376760790077892,-0.28247166035352,-0.391238596287004,-0.222579074805712,-0.35948802432322
4,2.34,-0.350386634056381,-0.391984782091037,-0.296135309859727,-0.405610806422171,-0.230291778793211,-0.373705596213085
4,2.35,-0.371856120856149,-0.407016336086855,-0.309706750262918,-0.419856013290475,-0.237983904121427,-0.387809701285108
4,2.36,-0.393503212646116,-0.421849517000967,-0.323183150082075,-0.433968781412827,-0.245672730103118,-0.401796274818112
4,2.37,-0.415309115080307,-0.436478989175259,-0.336561872190647,-0.447943804001431,-0.253376243671062,-0.41566135488701
4,2.38,-0.437252887071218,-0.45090005218208,-0.349840478692884,-0.461775930841797,-0.261113087425269,-0.429401090788842
4,2.39,-0.459311427448044,-0.465108673578456,-0.363016733137413,-0.475460197190451,-0.268902496104931,-0.443011752549591
4,2.4,-0.481459486737058,-0.47910151769213,-0.376088599761468,-0.488991853251212,-0.276764220798819,-0.456489741535647
4,2.41,-0.503669706670576,-0.492875969509231,-0.389054239514999,-0.502366393716111,-0.284718440388939,-0.469831602156389
4,2.42,-0.525912689695896,-0.506430152729108,-0.401912002687832,-0.515579586788068,-0.292785659943006,-0.483034034601461
4,2.43,-0.548157100309548,-0.519762941080334,-0.414660418054419,-0.528627502046135,-0.300986596029525,-0.496093908507738
4,2.44,-0.570369799488337,-0.532873962056837,-0.427298178557156,-0.541506536474669,-0.309342049219336,-0.5090082773981
4,2.45,-0.592516012836154,-0.54576359233728,-0.439824123667717,-0.554213437959735,-0.317872764353101,-0.521774393677508
4,2.46,-0.614559532328938,-0.558432944294859,-0.452237218691436,-0.566745325562786,-0.326599279485893,-0.534389723913354
4,2.47,-0.636462950739582,-0.57088384318732,-0.46453653140704,-0.579099705915948,-0.335541764758002,-0.546851964068071
4,2.48,-0.658187926984299,-0.583118794834644,-0.47672120655613,-0.591274485146441,-0.344719852773787,-0.559159054294657
4,2.49,-0.679695479779948,-0.595140943838165,-0.488790438806988,-0.603267975829406,-0.354152462386252,-0.571309192852462
4,2.5,-0.700946306167205,-0.606954022661686,-0.500743444908088,-0.615078898586978,-0.363857618073042,-0.583300848653511
4,2.51,-0.721901120666765,-0.618562292171632,-0.51257943581184,-0.626706378092768,-0.37385226733923,-0.59513277191161
4,2.52,-0.74252101012225,-0.629970474507465,-0.524297589582666,-0.638149933399924,-0.384152098785422,-0.606804002339984
4,2.53,-0.762767798668473,-0.641183679412256,-0.535897025901661,-0.649409462680243,-0.394771363629513,-0.618313874330911
4,2.54,-0.782604416766496,-0.652207325383201,-0.547376782940435,-0.660485222633859,-0.405722703562915,-0.629662018555145
4,2.55,-0.801995267882204,-0.663047057190374,-0.558735797299624,-0.671377802994745,-0.417016987854904,-0.640848359442371
4,2.56,-0.820906586162162,-0.673708661447922,-0.569972887595236,-0.682088096708301,-0.428663162591811,-0.651873108048341
4,2.57,-0.839306778384289,-0.684197981996645,-0.581086742133602,-0.692617266485328,-0.440668114851863,-0.662736749881679
4,2.58,-0.857166743533057,-0.694520836864561,-0.592075910950068,-0.7029667085349,-0.453036554473243,-0.673440027354625
4,2.59,-0.87446016356918,-0.704682938510712,-0.602938802306685,-0.713138014341685,-0.465770915873707,-0.683983916637984
4,2.6,-0.891163759331255,-0.714689818928711,-0.613673683560002,-0.723132931378141,-0.478871282125588,-0.694369598840964
4,2.61,-0.907257506021234,-0.724546760996152,-0.624278686132265,-0.732953323627871,-0.492335333180003,-0.704598425600056
4,2.62,-0.922724803387446,-0.734258737213303,-0.634751814158445,-0.742601132745174,-0.506158319767621,-0.714671879344978
4,2.63,-0.937552596529075,-0.743830356692202,-0.645090956247006,-0.752078340591646,-0.520333064078998,-0.724591528709559
4,2.64,-0.951731444204405,-0.753265820950356,-0.65529389969211,-0.761386933779886,-0.534849987845207,-0.73435897976485
4,2.65,-0.965255532628189,-0.76256888874851,-0.665358346414583,-0.770528870725119,-0.549697167900856,-0.743975823962461
4,2.66,-0.978122633981058,-0.771742849906336,-0.675281929891306,-0.779506051566895,-0.564860418723041,-0.753443583877452
4,2.67,-0.990334010206309,-0.780790507749847,-0.685062232357141,-0.788320291184393,-0.580323400812276,-0.762763658020131
4,2.68,-1.00189426410414,-0.789714169604075,-0.69469680162685,-0.796973295399466,-0.596067753133656,-0.771937266131166
4,2.69,-1.01281114120406,-0.798515644555277,-0.704183166979927,-0.805466640348874,-0.612073247193064,-0.780965396471496
4,2.7,-1.02309528734185,-0.80719624757589,-0.713518853670223,-0.813801754917375,-0.628317959716127,-0.789848756654906
4,2.71,-1.032759968215,-0.815756809035164,-0.722701395754084,-0.821979906059558,-0.644778460362243,-0.798587729537455
4,2.72,-1.04182075836102,-0.824197688606795,-0.731728347064446,-0.830002186801461,-0.661430010480053,-0.807182335568553
4,2.73,-1.05029520791516,-0.832518792625467,-0.740597290283452,-0.837869506701041,-0.678246768628549,-0.815632202823186
4,2.74,-1.0582024960878,-0.840719594026765,-0.749305844173651,-0.845582584555084,-0.695201998477267,-0.823936545679936
4,2.75,-1.06556308050253,-0.848799154117096,-0.757851669111333,-0.85314194316336,-0.712268274776188,-0.832094152797449
4,2.76,-1.07239835132657,-0.85675614554837,-0.766232471121725,-0.860547905991741,-0.72941768335297,-0.840103384691343
4,2.77,-1.0787302985089,-0.864588876003373,-0.774446004644289,-0.867800595608065,-0.746622011538094,-0.847962180846805
4,2.78,-1.08458119945698,-0.872295312220817,-0.782490074260263,-0.874899933791868,-0.763852926008092,-0.855668075943983
4,2.79,-1.08997333319776,-0.879873104095782,-0.7903625355987,-0.881845643237816,-0.781082135731043,-0.863218224447803
4,2.8,-1.09492872557845,-0.887319608676627,-0.798061295608194,-0.888637250780632,-0.798281538446789,-0.870609432541879
4,2.81,-1.09946892847477,-0.894631913942179,-0.805584312345791,-0.895274092066694,-0.815423349863762,-0.877838196183059
4,2.82,-1.10361483440054,-0.901806862284251,-0.812929594398371,-0.901755317585965,-0.83248021545564,-0.884900743927234
4,2.83,-1.10738652645481,-0.908841073644144,-0.82009520001974,-0.908079899960807,-0.849425305353206,-0.891793083129249
4,2.84,-1.11080316228242,-0.91573096826216,-0.827079236041592,-0.914246642368778,-0.866232393321316,-0.898511048144184
4,2.85,-1.11388288971713,-0.922472789001481,-0.833879856599556,-0.920254187958451,-0.882875921173114,-0.905050349242455
4,2.86,-1.11664279104827,-0.929062623206125,-0.840495261706274,-0.926101030103205,-0.899331050202518,-0.911406621082391
4,2.87,-1.11909885240246,-0.935496424050704,-0.846923695700358,-0.931785523329732,-0.915573701322101,-0.917575469744992
4,2.88,-1.12126595453549,-0.941770031339174,-0.85316344560115,-0.937305894756381,-0.931580585595188,-0.923552517511037
4,2.89,-1.12315788134722,-0.94787919171184,-0.859212839402362,-0.942660255881219,-0.947329226771713,-0.929333444737319
4,2.9,-1.12478734261557,-0.953819578224506,-0.865070244341139,-0.947846614569868,-0.962797977301199,-0.934914028356258
4,2.91,-1.12616600774451,-0.959586809270165,-0.870734065181632,-0.952862887107499,-0.977966029125888,-0.940290176674443
4,2.92,-1.12730454768923,-0.965176466821316,-0.876202742553014,-0.957706910196212,-0.992813420371825,-0.945457960277002
4,2.93,-1.12821268262103,-0.97058411397878,-0.881474751380858,-0.962376452797059,-1.00732103887048,-0.950413638954684
4,2.94,-1.12889923329331,-0.975805311820131,-0.886548599448003,-0.966869227734009,-1.02147062326888,-0.955153684659765
4,2.95,-1.12937217444852,-0.980835635546933,-0.891422826116844,-0.971182902994142,-1.03524476232882,-0.959674800567175
4,2.96,-1.12963868894897,-0.985670689934655,-0.89609600123984,-0.975315112673915,-1.04862689287871,-0.963973936371031
4,2.97,-1.12970522161569,-0.990306124092279,-0.900566724279399,-0.979263467534912,-1.0616012967663,-0.968048299986743
4,2.98,-1.12957753201701,-0.994737645540335,-0.904833623652537,-0.983025565144137,-1.07415309706518,-0.971895365857591
4,2.99,-1.12926074566239,-0.998961033616609,-0.90889535631016,-0.986598999583505,-1.08626825371212,-0.975512880084476
4,3,-1.12875940323179,-1.00297215221827,-0.912750607555688,-0.989981370721032,-1.09793355869219,-0.978898862610412
4,3.01,-1.12807750761005,-1.006766961888,-0.916398091103082,-0.99317029304234,-1.10913663084295,-0.982051606698821
4,3.02,-1.12721856860437,-1.01034153125001,-0.919836549370337,-0.996163404045902,-1.11986591031413,-0.984969675948091
4,3.03,-1.12618564530627,-1.01369204780001,-0.923064754001063,-0.998958372208933,-1.1301106526943,-0.987651899085164
4,3.04,-1.12498138612111,-1.01681482805137,-0.926081506603908,-1.00155290453342,-1.13986092279778,-0.990097362778791
4,3.05,-1.12360806653299,-1.01970632703779,-0.928885639697226,-1.00394475368351,-1.14910758809269,-0.992305402709164
4,3.06,-1.12206762470332,-1.02236314717132,-0.931476017844534,-1.00613172472644,-1.15784231174263,-0.994275593125202
4,3.07,-1.12036169502145,-1.02478204645351,-0.93385153896484,-1.00811168148994,-1.16605754522978,-0.996007735114183
4,3.08,-1.11849163973669,-1.02695994603634,-0.936011135800803,-1.00988255254888,-1.17374652052386,-0.997501843800882
4,3.09,-1.11645857880562,-1.02889393712937,-0.937953777526904,-1.01144233685394,-1.18090324176072,-0.998758134684997
4,3.1,-1.114263418088,-1.03058128724931,-0.939678471479269,-1.01278910901442,-1.18752247639359,-0.999777009316605
4,3.11,-1.11190687602024,-1.03201944580861,-0.941184264988467,-1.01392102424684,-1.19359974578111,-1.00055904049975
4,3.12,-1.10938950888792,-1.03320604904041,-0.942470247296527,-1.01483632300001,-1.19913131517709,-1.00110495720407
4,3.13,-1.10671173480951,-1.03413892425807,-0.943535551539441,-1.01553333526631,-1.20411418308822,-1.00141562935379
4,3.14,-1.10387385653249,-1.03481609344904,-0.944379356776665,-1.01601048458818,-1.2085460699679,-1.00149205265231
4,3.15,-1.10087608313106,-1.03523577620427,-0.945000890049488,-1.01626629176748,-1.21242540621583,-1.00133533358939
4,3.16,-1.09771855068179,-1.03539639198641,-0.945399428450574,-1.01629937828475,-1.21575131945511,-1.00094667476604
4,3.17,-1.09440134198092,-1.03529656174181,-0.945574301187621,-1.01610846943391,-1.21852362106092,-1.00032736066072
4,3.18,-1.09092450535319,-1.03493510886382,-0.945524891624744,-1.01569239717758,-1.2207427919171,-0.999478743947949
4,3.19,-1.08728807258969,-1.03431105951708,-0.945250639285981,-1.01505010272683,-1.22240996737999,-0.998402232468455
4,3.2,-1.08349207603864,-1.03342364233476,-0.944751041806227,-1.01418063884853,-1.223526921432,-0.997099276937728
4,3.21,-1.07953656486116,-1.03227228750344,-0.944025656815834,-1.01308317190301,-1.22409605001111,-0.995571359467251
4,3.22,-1.07542162045193,-1.03085662525239,-0.943074103746205,-1.01175698361363,-1.22412035350683,-0.993819982960527
4,3.23,-1.07114737101357,-1.02917648376671,-0.941896065544807,-1.01020147257003,-1.22360341841777,-0.991846661433609
4,3.24,-1.06671400526374,-1.02723188654603,-0.94049129028923,-1.00841615546591,-1.22254939817161,-0.989652911297659
4,3.25,-1.06212178524461,-1.02502304923274,-0.938859592691197,-1.00640066807261,-1.22096299311391,-0.987240243629026
4,3.26,-1.057371058197,-1.02255037593584,-0.937000855482714,-1.00415476594923,-1.21884942967873,-0.984610157440543
4,3.27,-1.05246226745501,-1.01981445507863,-0.934915030677949,-1.00167832489058,-1.2162144387603,-0.981764133956239
4,3.28,-1.04739596231284,-1.01681605480033,-0.932602140705812,-0.998971341114303,-1.2130642333119,-0.978703631880605
4,3.29,-1.04217280681221,-1.01355611794323,-0.930062279409642,-0.996033931189096,-1.20940548520528,-0.975430083642948
4,3.3,-1.03679358739797,-1.01003575665881,-0.927295612911826,-0.992866331706384,-1.20524530139199,-0.97194489258729
4,3.31,-1.03125921938973,-1.00625624666713,-0.924302380342574,-0.989468898698837,-1.2005911994194,-0.968249431068768
4,3.32,-1.02557075221915,-1.00221902120522,-0.921082894433354,-0.985842106810044,-1.19545108236794,-0.964345039408514
4,3.33,-1.01972937338687,-0.997925664700849,-0.917637541976756,-0.981986548221218,-1.18983321329269,-0.960233025650727
4,3.34,-1.01373641109949,-0.99337790620861,-0.913966784155754,-0.977902931342362,-1.18374618926464,-0.955914666058388
4,3.35,-1.00759333555861,-0.988577612646092,-0.910071156746592,-0.973592079276618,-1.17719891510564,-0.951391206278521
4,3.36,-1.00130175888872,-0.983526781867815,-0.905951270200979,-0.969054928066773,-1.17020057688915,-0.946663863104841
4,3.37,-0.994863433707545,-0.978227535614745,-0.9016078096147,-0.964292524731837,-1.16276061524421,-0.941733826764839
4,3.38,-0.988280250355641,-0.972682112376493,-0.897041534590836,-0.959306025100463,-1.15488869848197,-0.936602263658411
4,3.39,-0.98155423280765,-0.966892860202201,-0.892253279005989,-0.954096691449161,-1.14659469560158,-0.931270319473248
4,3.4,-0.974687533288487,-0.960862229494935,-0.88724395068707,-0.948665889958921,-1.13788864933267,-0.925739122596841
4,3.41,-0.967682425623015,-0.954592765823417,-0.882014531005117,-0.94301508801259,-1.12878074947934,-0.920009787738894
4,3.42,-0.960541297368698,-0.948087102784398,-0.87656607439245,-0.937145851360771,-1.11928130684352,-0.914083419677963
4,3.43,-0.953266640816721,-0.941347954948096,-0.870899707791172,-0.931059841179449,-1.10940072786417,-0.907961117058046
4,3.44,-0.945861042982012,-0.934378110917293,-0.865016630043586,-0.924758811028366,-1.09914948988536,-0.901643976181594
4,3.45,-0.93832717471581,-0.927180426527702,-0.858918111236199,-0.918244603706473,-1.08853811684306,-0.895133094762581
4,3.46,-0.930667779060676,-0.919757818214052,-0.852605492006963,-0.911519148002858,-1.07757715526955,-0.888429575604692
4,3.47,-0.922885658945315,-0.912113256564098,-0.846080182821059,-0.904584455360022,-1.06627715078872,-0.881534530156923
4,3.48,-0.91498366431084,-0.904249760081641,-0.839343663216972,-0.897442616485941,-1.05464862547673,-0.874449081888274
4,3.49,-0.906964678779488,-0.896170389178428,-0.832397481024388,-0.890095797953716,-1.04270205640676,-0.867174369431292
4,3.5,-0.898831606004513,-0.887878240412522,-0.825243251557862,-0.88254623880966,-1.03044785543503,-0.859711549470257
4,3.51,-0.890587355852336,-0.879376440987349,-0.817882656792381,-0.874796247189008,-1.01789635005499,-0.85206179937646
4,3.52,-0.882234830556914,-0.870668143522408,-0.810317444526319,-0.866848196931691,-1.00505776512755,-0.844226319603372
4,3.53,-0.873776910963673,-0.861756521104432,-0.802549427534332,-0.85870452420167,-0.991942205454091,-0.836206335848192
4,3.54,-0.865216442963046,-0.85264476262643,-0.794580482709864,-0.850367724128154,-0.978559639313754,-0.828003100977406
4,3.55,-0.856556224207242,-0.843336068420646,-0.786412550195834,-0.841840347491458,-0.96491988310999,-0.819617896714815
4,3.56,-0.847798991202214,-0.833833646189577,-0.778047632502724,-0.833124997468733,-0.951032587182429,-0.811052035101269
4,3.57,-0.838947406861366,-0.824140707237055,-0.769487793614182,-0.824224326444795,-0.93690722274747,-0.802306859746841
4,3.58,-0.830004048596088,-0.814260462999561,-0.760735158080355,-0.815141032888783,-0.922553069903791,-0.793383746901312
4,3.59,-0.820971397003753,-0.804196121876615,-0.751791910098667,-0.805877858299207,-0.907979206666548,-0.784284106367733
4,3.6,-0.811851825200154,-0.793950886358104,-0.742660292581206,-0.796437584222986,-0.893194499026709,-0.775009382280972
4,3.61,-0.802647588831793,-0.783527950445541,-0.733342606207805,-0.786823029354827,-0.878207592040479,-0.765561053771939
4,3.62,-0.793360816793109,-0.77293049736335,-0.723841208464234,-0.777037046721637,-0.863026901942933,-0.755940635538413
4,3.63,-0.783993502663797,-0.762161697555547,-0.714158512665316,-0.767082520954643,-0.847660609268001,-0.746149678343437
4,3.64,-0.774547496871638,-0.751224706962551,-0.704296986963209,-0.756962365650765,-0.832116652953116,-0.736189769461022
4,3.65,-0.765024499577127,-0.740122665572487,-0.694259153341387,-0.746679520824535,-0.816402725409689,-0.726062533086598
4,3.66,-0.755426054268021,-0.728858696241034,-0.684047586595195,-0.736236950451768,-0.800526268544112,-0.715769630726976
4,3.67,-0.745753542044848,-0.717435903773684,-0.673664913300258,-0.725637640105933,-0.784494470716197,-0.705312761581954
4,3.68,-0.736008176572348,-0.705857374264159,-0.663113810770387,-0.714884594687723,-0.768314264622712,-0.694693662927136
4,3.69,-0.726190999666773,-0.69412617468265,-0.652397006007047,-0.703980836247925,-0.751992326094778,-0.683914110505033
4,3.7,-0.716302877484856,-0.682245352707558,-0.641517274642793,-0.692929401903318,-0.735535073799237,-0.672975918928993
4,3.71,-0.706344497277074,-0.670217936794423,-0.630477439881392,-0.681733341845065,-0.718948669836047,-0.661880942102119
4,3.72,-0.696316364665531,-0.658046936475778,-0.619280371437649,-0.670395717438769,-0.702239021225458,-0.650631073651134
4,3.73,-0.686218801405337,-0.645735342885731,-0.607928984480148,-0.658919599415095,-0.68541178228054,-0.639228247373219
4,3.74,-0.676051943587636,-0.633286129503142,-0.596426238580326,-0.647308066149544,-0.668472357862033,-0.627674437692219
4,3.75,-0.66581574024245,-0.62070225310728,-0.58477513667142,-0.63556420202964,-0.651425907514012,-0.615971660119294
4,3.76,-0.655509952300095,-0.607986654939907,-0.572978724020879,-0.623691095907484,-0.634277350480095,-0.60412197171212
4,3.77,-0.645134151871093,-0.595142262067714,-0.561040087219894,-0.611691839635242,-0.617031371601035,-0.592127471526139
4,3.78,-0.634687721806192,-0.582171988939037,-0.54896235319362,-0.599569526680801,-0.599692428095506,-0.579990301051051
4,3.79,-0.624169855500109,-0.569078739128686,-0.536748688235613,-0.587327250820399,-0.582264757226669,-0.567712644625863
4,3.8,-0.613579556905152,-0.555865407264694,-0.524402297069862,-0.574968104904658,-0.564752384857724,-0.555296729826215
4,3.81,-0.602915640723552,-0.542534881130593,-0.511926421943611,-0.562495179693979,-0.547159134900031,-0.542744827818431
4,3.82,-0.592176732750452,-0.529090043936742,-0.499324341753947,-0.549911562758849,-0.529488639657719,-0.530059253675819
4,3.83,-0.581361270342742,-0.515533776753973,-0.486599371210871,-0.537220337440103,-0.511744351072718,-0.517242366654065
4,3.84,-0.570467502992431,-0.50186896110264,-0.473754860039235,-0.524424581863765,-0.493929552874146,-0.504296570424095
4,3.85,-0.559493492986933,-0.488098481689873,-0.460794192221608,-0.511527368004544,-0.476047373635704,-0.491224313262633
4,3.86,-0.548437116142514,-0.474225229287536,-0.447720785283708,-0.498531760791681,-0.458100800744395,-0.478028088202601
4,3.87,-0.537296062601136,-0.46025210374308,-0.434538089623656,-0.485440817250224,-0.440092695283199,-0.464710433147666
4,3.88,-0.526067837685153,-0.44618201711509,-0.421249587885777,-0.472257585670502,-0.422025807829755,-0.451273930957445
4,3.89,-0.514749762808663,-0.432017896924943,-0.407858794379194,-0.458985104797966,-0.403902795171909,-0.437721209512243
4,3.9,-0.503338976448833,-0.417762689515551,-0.394369254540916,-0.445626403035245,-0.385726237940057,-0.424054941768484
4,3.91,-0.491832435185268,-0.403419363507667,-0.380784544442453,-0.432184497647775,-0.367498659154517,-0.410277845818418
4,3.92,-0.480226914820415,-0.388990913343717,-0.367108270338398,-0.418662393964037,-0.349222543684618,-0.396392684969972
4,3.93,-0.468519011599178,-0.374480362908538,-0.353344068254664,-0.405063084561081,-0.330900358613899,-0.382402267864882
4,3.94,-0.456705143551355,-0.359890769215737,-0.339495603613289,-0.39138954842573,-0.312534574503501,-0.368309448655373
4,3.95,-0.444781551986245,-0.345225226147699,-0.325566570889886,-0.37764475008165,-0.294127687542661,-0.354117127261644
4,3.96,-0.432744303174832,-0.330486868236443,-0.311560693298907,-0.36383163867231,-0.275682242571871,-0.339828249734204
4,3.97,-0.420589290261381,-0.315678874471644,-0.297481722500865,-0.349953146989753,-0.257200856959936,-0.325445808746706
4,3.98,-0.40831223545308,-0.300804472121115,-0.283333438324611,-0.336012190439192,-0.238686245311442,-0.310972844246128
4,3.99,-0.39590869254365,-0.28586694054792,-0.269119648496552,-0.322011665929478,-0.220141244975286,-0.296412444288262
4,4,-0.383374049834501,-0.270869615006936,-0.254844188367468,-0.307954450679828,-0.201568842318427,-0.281767746086907
4,4.01,-0.370703533525276,-0.255815890402302,-0.240510920626114,-0.293843400933582,-0.182972199721244,-0.267041937305468
4,4.02,-0.357892211654284,-0.240709224985419,-0.226123734987411,-0.279681350570272,-0.164354683242076,-0.252238257619339
4,4.03,-0.344934998678646,-0.225553143971317,-0.211686547841333,-0.265471109608092,-0.145719890888317,-0.237360000576635
4,4.04,-0.331826660793706,-0.210351243049078,-0.197203301846836,-0.25121546258989,-0.127071681420057,-0.222410515783419
4,4.05,-0.318561822101662,-0.195107191759465,-0.182677965453464,-0.236917166846815,-0.108414203598958,-0.20739321143759
4,4.06,-0.305134971750182,-0.179824736710286,-0.168114532331051,-0.222578950635531,-0.0897519257805027,-0.19231155723275
4,4.07,-0.291540472173143,-0.164507704596779,-0.153517020686116,-0.208203511146409,-0.0710896657311518,-0.177169087649906
4,4.08,-0.277772568577379,-0.149160004990976,-0.138889472441044,-0.19379351238253,-0.0524326205336397,-0.161969405650362
4,4.09,-0.263825399831412,-0.133785632859992,-0.12423595225019,-0.179351582911599,-0.0337863964233766,-0.146716186777881
4,4.1,-0.24969301092444,-0.118388670769044,-0.109560546324329,-0.164880313496051,-0.0151570383765602,-0.131413183671794
4,4.11,-0.235369367176195,-0.102973290720112,-0.0948673610328301,-0.150382254609799,0.00344894075348958,-0.116064230985268
4,4.12,-0.220848370390413,-0.0875437555721607,-0.0801605212502363,-0.135859913854204,0.0220245317817414,-0.100673250694328
4,4.13,-0.206123877156397,-0.0721044199830854,-0.0654441684118538,-0.121315753290047,0.0405622016764793,-0.0852442577734051
4,4.14,-0.191189719514054,-0.0566597308076375,-0.0507224582405592,-0.106752186707507,0.0590538672719022,-0.0697813662018495
4,4.15,-0.176039728207564,-0.0412142268790804,-0.0359995581052646,-0.0921715768614016,0.0774908705277547,-0.0542887952536593
4,4.16,-0.160667758760878,-0.0257725380957583,-0.0212796439694895,-0.0775762327055588,0.0958639556881025,-0.0387708760083449
4,4.17,-0.145067720614125,-0.0103393837266267,-0.00656689688769208,-0.0629684066663598,0.114163248725233,-0.0232320580060889
4,4.18,-0.129233609562902,0.00508043015698133,0.00813450099420655,-0.0483502920035447,0.132378239488591,-0.00767691595317435
4,4.19,-0.113159543741745,0.0204820142233084,0.0228203709769891,-0.0337240203134634,0.150497767012755,0.00788984363369144
4,4.2,-0.0968398033877726,0.0358604005021644,0.0374865429275306,-0.0190916592390995,0.168510008471337,0.0234633759751701
4,4.21,-0.0802688746097939,0.0512105481996728,0.052128861019158,-0.00445521045911398,0.186402472295073,0.0390386919197995
4,4.22,-0.0634414973708684,0.066527350823385,0.0667431901299058,0.010183391962093,0.204161996000605,0.0546106523491933
4,4.23,-0.0463527178673448,0.0818056447395559,0.081325422929928,0.0248222827729884,0.221774749301021,0.0701739632907704
4,4.24,-0.0289979454535781,0.0970402192863134,0.0958714876828548,0.039459666182459,0.239226243088239,0.0857231719525598
4,4.25,-0.0113730142175984,0.112225828566492,0.110377356776457,0.0540938158486748,0.256501344889764,0.101252663915171
4,4.26,0.00652575074222852,0.127357205040768,0.12483905598677,0.0687230740937773,0.273584301406248,0.116756661735919
4,4.27,0.0247014623571881,0.142429075035127,0.139252674465857,0.0833458502225022,0.290458768730092,0.132229225237941
4,4.28,0.0431565960436438,0.157436176265877,0.153614375426411,0.0979606178182378,0.307107850827163,0.147664253772218
4,4.29,0.061892909768122,0.17237327746947,0.167920407476737,0.112565910887655,0.323514146831997,0.163055490751491
4,4.3,0.0809113600264729,0.187235200202614,0.182167116537042,0.127160318725026,0.339659807659378,0.17839653076171
4,4.31,0.100212014166581,0.202016842849796,0.196350958242477,0.141742479370948,0.355526602370198,0.193680829556799
4,4.32,0.119793959623575,0.216713206839872,0.210468510709861,0.156311071548043,0.371095994645738,0.208901717235105
4,4.33,0.139655210789289,0.231319425029878,0.224516487514676,0.170864804968365,0.386349229620676,0.224052414879578
4,4.34,0.159792614402004,0.245830792162579,0.238491750692668,0.185402408924418,0.401267431199614,0.239126054917519
4,4.35,0.180201754515514,0.260242797244319,0.252391323547057,0.199922619099228,0.415831709835015,0.254115705417126
4,4.36,0.200876858284652,0.274551157621479,0.266212403009341,0.214424162559987,0.430023280575903,0.269014398487157
4,4.37,0.221810703982865,0.288751854458009,0.279952371270019,0.22890574093549,0.443823591007658,0.283815162880992
4,4.38,0.242994532840584,0.302841169234031,0.293608806366794,0.243366011819591,0.457214458494949,0.298511060826856
4,4.39,0.264417966454364,0.316815720798086,0.307179491393598,0.257803568491184,0.470178215915852,0.313095229011697
4,4.4,0.286068931658649,0.330672502415196,0.320662421976319,0.272216918094892,0.482697864838475,0.327560923537585
4,4.41,0.307933594866611,0.344408918162453,0.334055811652045,0.286604458484883,0.494757234846938,0.341901568547908
4,4.42,0.329996307965518,0.358022817936722,0.347358094789856,0.300964453996467,0.506341147477635,0.356110808087019
4,4.43,0.352239567887572,0.371512530258884,0.360567926705209,0.315295010472935,0.517435582985209,0.370182560615876
4,4.44,0.374643991961583,0.384876891990602,0.373684180647227,0.329594049938891,0.528027847929211,0.384111075459086
4,4.45,0.397188311078038,0.398115274027024,0.386705941381156,0.343859285371,0.538106741364031,0.39789099031273
4,4.46,0.419849382565523,0.411227601997409,0.399632495146198,0.358088196072687,0.547662717235988,0.411517388800605
4,4.47,0.442602224477743,0.424214370999271,0.412463315842995,0.372278004205526,0.556688040449505,0.424985856937463
4,4.48,0.46542007272792,0.437076653415093,0.42519804739317,0.386425653066334,0.565176933968197,0.438292537246279
4,4.49,0.488274462184341,0.44981609891665,0.437836482314715,0.400527787720634,0.573125714272214,0.451434179191088
4,4.5,0.511135332463649,0.46243492585334,0.450378536668176,0.414580738609327,0.580532912506996,0.464408184532856
4,4.51,0.533971158736252,0.474935903348223,0.462824221646495,0.428580508732883,0.58739937873373,0.477212646200329
4,4.52,0.556749107402632,0.487322323588351,0.475173612201586,0.442522764985324,0.593728366830778,0.489846379295175
4,4.53,0.579435216023901,0.499597963992126,0.487426813218208,0.456402834158031,0.599525597797722,0.502308942924706
4,4.54,0.601994596409063,0.511767039161744,0.499583923855791,0.470215704060214,0.604799299476868,0.514600651678071
4,4.55,0.624391659289483,0.523834142777789,0.511645000775776,0.483956030110868,0.609560221026798,0.52672257573173
4,4.56,0.64659035856103,0.535804179858352,0.52361002105147,0.497618147646399,0.613821620851969,0.538676528785573
4,4.57,0.668554452657177,0.547682290078603,0.535478845614382,0.511196090062855,0.617599227104,0.550465043285965
4,4.58,0.690247780239351,0.559473763118981,0.547251184122537,0.524683612773574,0.620911170314671,0.56209133268026
4,4.59,0.71163454705797,0.571183947271973,0.558926562139329,0.538074222817181,0.623777888188833,0.573559240758858
4,4.6,0.73267962054835,0.582818152778715,0.570504291485058,0.551361213800109,0.626222003067499,0.584873178466406
4,4.61,0.753348828476241,0.594381551578815,0.581983444566939,0.564537705707936,0.628268173058669,0.596038048891353
4,4.62,0.773609257731183,0.605879075331137,0.593362833408329,0.57759668897422,0.629942918317538,0.607059161462416
4,4.63,0.793429549174203,0.617315313692937,0.604640993986021,0.590531072059807,0.631274424431101,0.617942136680333
4,4.64,0.81278018427198,0.628694414923772,0.615816176349,0.6033337316735,0.632292325318338,0.628692802984565
4,4.65,0.831633759087973,0.640019990904715,0.626886340836678,0.615997564661357,0.633027468489428,0.639317087589002
4,4.66,0.849965241052873,0.651295028629695,0.637849160543909,0.628515540510521,0.633511665909351,0.649820903312098
4,4.67,0.867752203810486,0.662521810132994,0.648702029998983,0.640880753358428,0.633777434075458,0.660210033570686
4,4.68,0.884975035348774,0.673701842665191,0.659442079834647,0.653086472372859,0.633857727235373,0.670490017800486
4,4.69,0.901617114607291,0.684835800720819,0.670066197046859,0.665126189375895,0.633785667930356,0.68066603960825
4,4.7,0.917664951839867,0.695923481258002,0.68057105025752,0.67699366262787,0.633594279234758,0.690742819950792
4,4.71,0.933108288250631,0.706963773138358,0.690953119232278,0.688682955768043,0.633316223158999,0.700724517574245
4,4.72,0.947940150861397,0.717954641461306,0.701208727759595,0.700188471027417,0.632983549671775,0.71061463883344
4,4.73,0.962156859255078,0.728893127079805,0.711334078879397,0.711504975985732,0.63262746065937,0.720415958845498
4,4.74,0.975757981807849,0.739775361175704,0.721325291365978,0.722627623336217,0.632278092858136,0.730130455713353
4,4.75,0.988746240286734,0.750596594356304,0.731178436326654,0.733551963343682,0.631964323359508,0.739759259282939
4,4.76,1.00112736323387,0.76135123932535,0.7408895727807,0.744273948925925,0.631713600691302,0.749302615572414
4,4.77,1.01290989033201,0.772032925799661,0.750454781135954,0.754789933544875,0.631551803733525,0.758759867634681
4,4.78,1.02410493185598,0.782634566005802,0.759870193584465,0.765096662349149,0.631503129854119,0.768129453190666
4,4.79,1.0347258892322,0.793148428818407,0.769132020591613,0.775191257248115,0.631590012688288,0.777408918910072
4,4.8,1.04478814449595,0.803566220409828,0.778236572849127,0.785071196803676,0.63183306898733,0.786594950733749
4,4.81,1.05430872788488,0.813879169182667,0.787180278291444,0.794734291983866,0.63225107299212,0.795683419149099
4,4.82,1.06330597378125,0.824078112760025,0.795959694022643,0.804178658920335,0.632860955910706,0.804669437873252
4,4.83,1.07179917559243,0.834153584912987,0.804571513251042,0.813402689841734,0.633677827362482,0.813547433998079
4,4.84,1.07980824987862,0.844095900503358,0.813012567562122,0.822405023315965,0.63471501514473,0.822311227335371
4,4.85,1.08735341910748,0.853895236796014,0.821279825060365,0.831184514831452,0.635984119412139,0.83095411649487
4,4.86,1.09445492092621,0.863541709827209,0.829370385062241,0.83974020859331,0.637495077342559,0.839468969148169
4,4.87,1.10113274994232,0.873025444875961,0.837281470116627,0.848071311221117,0.639256234573313,0.847848313982573
4,4.88,1.10740643589061,0.882336640447394,0.845010416162081,0.856177167830587,0.641274420089928,0.856084432021922
4,4.89,1.11329485994041,0.891465625513744,0.852554661606116,0.864057240780416,0.643555021776578,0.864169445265534
4,4.9,1.11881610895096,0.900402910050036,0.85991173603917,0.871711091184335,0.646102060431908,0.872095400941979
4,4.91,1.12398736585546,0.909139229133438,0.867079249188677,0.879138363137972,0.648918260655977,0.879854350057131
4,4.92,1.1288248331304,0.917665581042249,0.874054880591532,0.886338770496521,0.652005117575024,0.887438419302578
4,4.93,1.13334368550866,0.925973259893693,0.880836370330887,0.893312085963009,0.655362958856612,0.894839875752436
4,4.94,1.13755804769604,0.934053883406448,0.887421511057751,0.90005813220476,0.658991001860467,0.902051184093536
4,4.95,1.14148099278763,0.941899416374697,0.893808141407867,0.906576774701503,0.662887406065423,0.909065056394194
4,4.96,1.14512455727225,0.949502190407826,0.899994140834691,0.912867916035522,0.66704932111706,0.915874494616851
4,4.97,1.1484997688765,0.956854920435483,0.905977425811482,0.918931491355352,0.671472930966015,0.922472826222964
4,4.98,1.15161668395987,0.963950718411928,0.911755947308288,0.92476746477391,0.676153494629732,0.928853733311651
4,4.99,1.15448443166863,0.970783104584527,0.917327689420409,0.930375826494973,0.681085384125929,0.935011275786135
4,5,1.15711126254532,0.977346016624705,0.922690669010058,0.935756590495229,0.686262120108727,0.940939909063433
5,0,0,0,0,0,0,0
5,0.01,0,0,0,0,0,0
5,0.02,0,0,0,0,0,0
5,0.03,0,0,0,0,0,0
5,0.04,0,0,0,0,0,0
5,0.05,0,0,0,0,0,0
5,0.06,0,0,0,0,0,0
5,0.07,0,0,0,0,0,0
5,0.08,0,0,0,0,0,0
5,0.09,0,0,0,0,0,0
5,0.1,0,0,0,0,0,0
5,0.11,0,0,0,0,0,0
5,0.12,0,0,0,0,0,0
5,0.13,0,0,0,0,0,0
5,0.14,0,0,0,0,0,0
5,0.15,0,0,0,0,0,0
5,0.16,0,0,0,0,0,0
5,0.17,0,0,0,0,0,0
5,0.18,0,0,0,0,0,0
5,0.19,0,0,0,0,0,0
5,0.2,0,0,0,0,0,0
5,0.21,0,0,0,0,0,0
5,0.22,0,0,0,0,0,0
5,0.23,0,0,0,0,0,0
5,0.24,0,0,0,0,0,0
5,0.25,0,0,0,0,0,0
5,0.26,0,0,0,0,0,0
5,0.27,0,0,0,0,0,0
5,0.28,0,0,0,0,0,0
5,0.29,0,0,0,0,0,0
5,0.3,0,0,0,0,0,0
5,0.31,0,0,0,0,0,0
5,0.32,0,0,0,0,0,0
5,0.33,0,0,0,0,0,0
5,0.34,0,0,0,0,0,0
5,0.35,0,0,0,0,0,0
5,0.36,0,0,0,0,0,0
5,0.37,0,0,0,0,0,0
5,0.38,0,0,0,0,0,0
5,0.39,0,0,0,0,0,0
5,0.4,0,0,0,0,0,0
5,0.41,0,0,0,0,0,0
5,0.42,0,0,0,0,0,0
5,0.43,0,0,0,0,0,0
5,0.44,0,0,0,0,0,0
5,0.45,0,0,0,0,0,0
5,0.46,0,0,0,0,0,0
5,0.47,0,0,0,0,0,0
5,0.48,0,0,0,0,0,0
5,0.49,0,0,0,0,0,0
5,0.5,0,0,0,0,0,0
5,0.51,0,0,0,0,0,0
5,0.52,0,0,0,0,0,0
5,0.53,0,0,0,0,0,0
5,0.54,0,0,0,0,0,0
5,0.55,0,0,0,0,0,0
5,0.56,0,0,0,0,0,0
5,0.57,0,0,0,0,0,0
5,0.58,0,0,0,0,0,0
5,0.59,0,0,0,0,0,0
5,0.6,0,0,0,0,0,0
5,0.61,0,0,0,0,0,0
5,0.62,0,0,0,0,0,0
5,0.63,0,0,0,0,0,0
5,0.64,0,0,0,0,0,0
5,0.65,0,0,0,0,0,0
5,0.66,0,0,0,0,0,0
5,0.67,0,0,0,0,0,0
5,0.68,0,0,0,0,0,0
5,0.69,0,0,0,0,0,0
5,0.7,0,0,0,0,0,0
5,0.71,0,0,0,0,0,0
5,0.72,0,0,0,0,0,0
5,0.73,0,0,0,0,0,0
5,0.74,0,0,0,0,0,0
5,0.75,0,0,0,0,0,0
5,0.76,0,0,0,0,0,0
5,0.77,0,0,0,0,0,0
5,0.78,0,0,0,0,0,0
5,0.79,0,0,0,0,0,0
5,0.8,0,0,0,0,0,0
5,0.81,0,0,0,0,0,0
5,0.82,0,0,0,0,0,0
5,0.83,0,0,0,0,0,0
5,0.84,0,0,0,0,0,0
5,0.85,0,0,0,0,0,0
5,0.86,0,0,0,0,0,0
5,0.87,0,0,0,0,0,0
5,0.88,0,0,0,0,0,0
5,0.89,0,0,0,0,0,0
5,0.9,0,0,0,0,0,0
5,0.91,0,0,0,0,0,0
5,0.92,0,0,0,0,0,0
5,0.93,0,0,0,0,0,0
5,0.94,0,0,0,0,0,0
5,0.95,0,0,0,0,0,0
5,0.96,0,0,0,0,0,0
5,0.97,0,0,0,0,0,0
5,0.98,0,0,0,0,0,0
5,0.99,0,0,0,0,0,0
5,1,0,0,0,0,0,0
5,1.01,0.00898102129383575,-0.307461205163469,0.789117199107043,-0.84245799785997,0.491732517743804,1.0781565732075
5,1.02,0.027299438172709,-0.125643176124912,0.590685360113748,-0.598066242656449,0.896900322976794,1.1034584492556
5,1.03,0.0420127274359549,0.0388204358947683,0.45215501569776,-0.418531421060823,1.18843552440144,1.08689212044818
5,1.04,0.0534640527657657,0.174458808008246,0.386094288556999,-0.287883454248434,1.37184766770882,1.00198862534302
5,1.05,0.0627180153469373,0.296781917899461,0.353077842268028,-0.165838767966045,1.46876334557981,0.948047101344256
5,1.06,0.0706055703933078,0.409244498791901,0.341684913998226,-0.0420323772926323,1.50213501307364,0.963635939348583
5,1.07,0.0778649593308679,0.513389901400858,0.345787318735327,0.0846367011976476,1.49185356111953,1.00961626234019
5,1.08,0.0852719146142436,0.610017369391535,0.361474795792617,0.211115991385742,1.45709930694639,1.03105757359771
5,1.09,0.0938574339920589,0.699472366268488,0.386010217221117,0.333438839377237,1.41347418543208,1.01483921166029
5,1.1,0.105148884072102,0.781770700805186,0.417311622168886,0.447093419729982,1.3686604073518,0.988818803457669
5,1.11,0.121392318508466,0.856709976227825,0.453598655982973,0.54776224939738,1.32256609234798,0.981851925449971
5,1.12,0.145852777533304,0.923938667655905,0.49326388599269,0.632991644538061,1.27156361360691,0.995503318820114
5,1.13,0.183307650501603,0.982948291789894,0.534891436322356,0.702901109377063,1.21185819264953,1.01096564715113
5,1.14,0.240395182874895,1.03299876644407,0.577307336395102,0.759341974756349,1.13956037630401,1.01333283983944
5,1.15,0.324310082808864,1.07313320769451,0.619663756574633,0.804442637465311,1.05048510692768,1.00433317025929
5,1.16,0.437510666718945,1.10267171206546,0.661520068459358,0.839416622498093,0.944894640065029,0.995141071235231
5,1.17,0.570433045129985,1.12233962073636,0.702569877206951,0.864031059941849,0.835989590950766,0.99322439154383
5,1.18,0.702924613943851,1.13480998356301,0.742014577685889,0.877490781414788,0.747811704246483,0.997625662574985
5,1.19,0.817312786653069,1.14330995786417,0.778688322240099,0.880034097476705,0.697473698764897,1.00274052430332
5,1.2,0.907655584703683,1.14982985205997,0.811921313065269,0.873223923067179,0.683846177487221,1.00420936476263
5,1.21,0.977267020118627,1.1549028510353,0.841782779202961,0.859281330368261,0.694106949170226,1.00210205703282
5,1.22,1.03214749097537,1.15840704936258,0.86865267137713,0.840764399536242,0.71508719780423,0.999425158441434
5,1.23,1.07714872324133,1.16020283471221,0.892853199030289,0.820606228803639,0.738643687036757,0.998475273089248
5,1.24,1.11528912776741,1.16031533405997,0.914572726432438,0.801939479563967,0.761388219540758,0.999056675800612
5,1.25,1.14829353811436,1.15888661062335,0.933933767131011,0.787587109342689,0.782619215549161,0.999624343346258
5,1.26,1.17716266514558,1.15610034444964,0.95105821869573,0.77957993696835,0.802667001371811,0.999285404170898
5,1.27,1.20250461657739,1.15214497606916,0.966088223414552,0.779011448891452,0.822054314030412,0.998462173791151
5,1.28,1.22469676342581,1.14720612786653,0.979181290981365,0.786189363455737,0.841193154783732,0.998041179605665
5,1.29,1.24397094840244,1.14146485704046,0.990503563967339,0.800840285478998,0.860313860165227,0.998345701830339
5,1.3,1.26047004472879,1.13509178280557,1.00022695132261,0.822211002780955,0.879466952737925,0.998987558266053
5,1.31,1.27428916026639,1.12824071398873,1.00852402636567,0.849100487063849,0.89854919621578,0.999450780852557
5,1.32,1.28550408882363,1.12104707035026,1.01555782761522,0.879932123937616,0.917344963566224,0.999603119246325
5,1.33,1.29419178269016,1.11363061770502,1.02147156192815,0.912907755896309,0.935574556126228,0.999668881670827
5,1.34,1.30044741861683,1.10609838642433,1.02638436776062,0.946192936513944,0.952939092499798,0.999870066381653
5,1.35,1.30439719377656,1.09854536231563,1.03039396661865,0.97806439761562,0.969156778833909,1.00019268676323
5,1.36,1.30620323928032,1.09105390126325,1.03358249405618,1.00699810334334,0.983990155883147,1.00046301752546
5,1.37,1.30606060113671,1.08369386440973,1.03602189824536,1.03172272461571,0.997264349883937,1.00055883895442
5,1.38,1.30419026924594,1.07652418912568,1.03777777803777,1.05126744332213,1.00887586724354,1.0005077116388
5,1.39,1.30083151941892,1.06959520912676,1.03891203922892,1.06500737962743,1.01879240319428,1.00041367413963
5,1.4,1.29623376662878,1.06295076162881,1.03948465639347,1.07269002050891,1.027045146172,1.00033768694881
5,1.41,1.29064731226597,1.05662960269624,1.03955441992593,1.07442913729527,1.03371546650514,1.00026078686502
5,1.42,1.2843138743657,1.05066612140348,1.03917867491091,1.07066857744357,1.03891859752363,1.00013755921414
5,1.43,1.27745860136148,1.04509048442052,1.03841250156321,1.0621284701004,1.04278770774975,0.999958402686009
5,1.44,1.27028427915025,1.03992825494549,1.03730803540114,1.04974407698825,1.04546125261423,0.99975722312372
5,1.45,1.26296725866437,1.03519944266508,1.03591448482604,1.03459993627226,1.04707460821505,0.99957432297453
5,1.46,1.25565462667104,1.03091703546222,1.03427898701738,1.01785859693277,1.0477552243642,0.999424287865514
5,1.47,1.24846280300829,1.02708533472489,1.03244798487014,1.00068616341741,1.04762000613659,0.999297883994058
5,1.48,1.24147793927127,1.02369864943455,1.03046854364211,0.984181155004835,1.04677403255616,0.999185002313677
5,1.49,1.23475803401123,1.02074087064831,1.02838907141727,0.969313885522448,1.04531017030463,0.999089691106235
5,1.5,1.22833620206834,1.01818614377404,1.02625917621636,0.956880431205458,1.04330930011736,0.999025312309116
5,1.51,1.22222446472715,1.01600049972366,1.02412867868898,0.947471534546167,1.0408409627277,0.999000882529693
5,1.52,1.21641761711578,1.01414410672385,1.02204596474798,0.941455185643637,1.03796441230696,0.999014621589627
5,1.53,1.21089690195917,1.0125737875295,1.02005592328488,0.938972027572065,1.03473019973254,0.999058657027961
5,1.54,1.20563332897399,1.01124550590153,1.01819775098477,0.93994333129728,1.03118233060667,0.999126830383967
5,1.55,1.20059060841842,1.01011658060262,1.01650294195126,0.94409084805892,1.02736081560074,0.999217171584586
5,1.56,1.1957278057693,1.00914744140045,1.01499376991051,0.950966692569275,1.02330425914608,0.999328488617988
5,1.57,1.19100188093403,1.0083028317126,1.01368248393151,0.959990570600931,1.01905214092402,0.999456407862067
5,1.58,1.18637021705985,1.00755247472568,1.0125713045995,0.970491634769003,1.01464659115433,0.999593055014426
5,1.59,1.1817931319204,1.0068713055567,1.01165318303042,0.981752663186223,1.01013362277752,0.999729751156175
5,1.6,1.17723626998675,1.0062393994735,1.01091319817108,0.993054491248986,1.00556387192773,0.99985943678243
5,1.61,1.17267271638857,1.00564170686633,1.01033040979067,1.00371850036901,1.00099290004686,0.999976899758167
5,1.62,1.16808464850499,1.00506767282397,1.00987994322016,1.0131447856614,0.996481067266956,1.00007765108952
5,1.63,1.16346435078305,1.00451079387742,1.00953506540884,1.02084375881528,0.992092946711673,1.00015732757316
5,1.64,1.15881447221606,1.00396814582579,1.00926903772389,1.02645946058622,0.987896241405513,1.00021234966823
5,1.65,1.15414749293975,1.00343989612638,1.00905660105157,1.02978354726473,0.983960192383335,1.00024103914833
5,1.66,1.14948445793414,1.00292879171597,1.0088750415776,1.03075955755319,0.980353518281709,1.00024410467952
5,1.67,1.14485310851377,1.00243959740547,1.00870486973138,1.02947761841031,0.977141991410883,1.00022423993713
5,1.68,1.14028559058576,1.00197846062043,1.00853019714581,1.02616029178417,0.974385819635472,1.00018539014565
5,1.69,1.13581594639304,1.00155219693161,1.0083389103393,1.02114083909303,0.97213704855836,1.0001322669058
5,1.7,1.13147760515749,1.00116752047759,1.00812272177701,1.01483571167597,0.970437205938887,1.00007017083601
5,1.71,1.12730107579799,1.00083027291237,1.00787714240734,1.00771343954321,0.969315375248977,1.00000480534456
5,1.72,1.12331201172845,1.00054472416915,1.00760137955321,1.00026222007185,0.968786823286015,0.999941855448249
5,1.73,1.11952976808465,1.00031302255338,1.0072981331663,0.992958423084004,0.968852243419761,0.999886424544881
5,1.74,1.1159665129762,1.00013485920573,1.00697325076603,0.986237989713848,0.969497629202605,0.999842581994991
5,1.75,1.11262689516214,1.00000738516253,1.00663520981427,0.980472356204433,0.970694763665989,0.999813163241424
5,1.76,1.10950821990106,0.99992538368842,1.00629442216051,0.975950104423302,0.972402287250613,0.999799766523606
5,1.77,1.10660105007365,0.999881664409878,1.00596238960482,0.972865055873553,0.974567282312937,0.999802814370405
5,1.78,1.10389013409626,0.999867617599551,1.00565077178921,0.971311032221431,0.977127283040668,0.999821618349345
5,1.79,1.10135556308064,0.99987385265501,1.00537044889942,0.971283056370042,0.980012592140273,0.999854479461617
5,1.8,1.09897407061929,0.999890845551537,1.00513066793854,0.972684399659116,0.983148767432208,0.999898871212234
5,1.81,1.09672040221248,0.99990953258951,1.00493835294101,0.975338601180169,0.986459137489854,0.999951697507618
5,1.82,1.09456869228297,0.99992180668365,1.00479763947615,0.97900538580013,0.989867216462965,1.00000956909331
5,1.83,1.09249379250852,0.999920892552923,1.00470966630348,0.983399278851738,0.993298911242533,1.0000690468988
5,1.84,1.0904724963909,0.999901594776685,1.00467262660885,0.988209654519296,0.996684443672919,1.00012683953914
5,1.85,1.08848460440618,0.999860425755045,1.00468205247784,0.993120961594636,0.99995994036917,1.00017996979742
5,1.86,1.08651377555492,0.999795628455199,1.00473128338731,0.997831941493958,1.00306866785057,1.00022592111098
5,1.87,1.08454811786,0.999707111782203,1.00481205562143,1.00207278186727,1.0059619089461,1.0002627562148
5,1.88,1.08258048375459,0.999596315624768,1.00491514592603,1.00561932554184,1.00859948866488,1.00028919139657
5,1.89,1.08060845565709,0.999466019723274,1.00503100862865,1.0083036697688,1.01094996680632,1.00030461843398
5,1.9,1.07863402999552,0.999320107195803,1.00515035834777,1.0100207350162,1.01299052336146,1.00030908038719
5,1.91,1.07666303138311,0.999163291243023,1.00526466672363,1.01073064345335,1.01470657248407,1.00030321372965
5,1.92,1.07470430942433,0.999000813087493,1.00536655760713,1.01045700907191,1.01609115073783,1.00028816618207
5,1.93,1.07276878619618,0.998838120784329,1.0054500978435,1.00928148667661,1.01714413346427,1.00026549466491
5,1.94,1.07086843115294,0.998680541710855,1.00551098855996,1.00733513932334,1.01787133752352,1.00023704735633
5,1.95,1.06901524139481,0.998532965294938,1.00554666469346,1.00478734980525,1.01828356842411,1.00020483725498
5,1.96,1.06722029923096,0.998399555544807,1.00555630973593,1.00183311207913,1.01839566535116,1.00017091714859
5,1.97,1.0654929669001,0.998283513895297,1.00554079044788,0.998679587994678,1.01822559007461,1.0001372646558
5,1.98,1.063840262004,0.998186910905181,1.00550251471516,0.995532802912645,1.01779359661866,1.00010568239784
5,1.99,1.06226643890123,0.9981106002664,1.00544521626297,0.992585285284317,1.01712150899137,1.00007771541106
5,2,1.06077278330894,0.998054221059177,1.00537367305871,0.990005339123028,1.01623212473909,1.00005458703101
5,2.01,1.05935761164754,0.998016285476308,1.00529337140057,0.98792848699639,1.01514875271102,1.00003715471079
5,2.02,1.05801645453011,0.997994340882106,1.00521013366876,0.98645144869305,1.01389488421121,1.00002588700769
5,2.03,1.05674239569073,0.997985188459656,1.00512973301179,0.985628840754751,1.012493987903,1.00002086181704
5,2.04,1.0555265332134,0.997985136760024,1.00505752150509,0.985472606699716,1.01096941094941,1.00002178455911
5,2.05,1.05435852828397,0.997990267503629,1.00499809867077,0.985954026835839,1.00934436263891,1.00002802421415
5,2.06,1.05322720678309,0.997996692710463,1.00495504440749,0.987008017513053,1.00764195278428,1.00003866489056
5,2.07,1.05212117999084,0.998000785940269,1.00493073467091,0.988539317677086,1.00588525578029,1.00005257046758
5,2.08,1.0510294520044,0.997999375200916,1.004926250472,0.990430078877513,1.00409737222012,1.00006845935446
5,2.09,1.04994198315964,0.997989890056567,1.00494138202308,0.992548325044291,1.00230146291704,1.00008498561822
5,2.1,1.0488501811212,0.997970459952212,1.00497472135307,0.994756730650487,1.00052073444955,1.00010082201368
5,2.11,1.04774729482437,0.997939964354385,1.0050238295165,0.99692117944805,0.998778360428881,1.00011474007594
5,2.12,1.04662869147816,0.997898037850335,1.0050854594475,0.998918608788496,0.997097328275797,1.00012568243998
5,2.13,1.04549200345934,0.997845034934909,1.00515581297531,1.00064371340154,0.99550020728352,1.00013282286076
5,2.14,1.04433713987753,0.997781960076821,1.00523081050864,1.00201417291245,0.994008840096395,1.00013561001638
5,2.15,1.04316616628766,0.997710369085999,1.00530635400007,1.00297417363375,0.992643966317725,1.0001337921597
5,2.16,1.04198306467683,0.997632248075392,1.00537856733579,1.00349611058083,0.991424793436889,1.00012742106436
5,2.17,1.0407933936144,0.997549876617171,1.00544400247156,1.00358047292838,0.990368536086398,1.00011683536601
5,2.18,1.03960387457316,0.997465682106762,1.00549980374037,1.0032540278086,0.989489949146249,1.0001026250916
5,2.19,1.03842193435548,0.997382092810591,1.00554382629058,1.00256651642894,0.988800882806011,1.00008558065875
5,2.2,1.03725523500313,0.99730139742004,1.00557470735584,1.00158615690683,0.988309887992294,1.0000666307514
5,2.21,1.03611122152438,0.997225618945618,1.00559189105599,1.00039430539747,0.988021898500579,1.00004677416109
5,2.22,1.03499671448864,0.997156410256858,1.00559560890848,0.999079658294525,0.987938011979157,1.00002701089708
5,2.23,1.03391756947717,0.997094977380847,1.00558681948496,0.997732382814722,0.988055386080353,1.00000827761331
5,2.24,1.03287841913776,0.997042034819181,1.00556711191849,0.996438542464246,0.988367259226022,0.999991391715259
5,2.25,1.03188250682614,0.996997794773446,1.00553857936203,0.995275140855989,0.988863098154393,0.99997700748829
5,2.26,1.03093161414786,0.996961989542978,1.00550366997019,0.994306046638156,0.98952886729473,0.999965586369636
5,2.27,1.03002607865794,0.996933923797252,1.00546502433729,0.993578989345586,0.990347408537736,0.999957382220135
5,2.28,1.02916489289096,0.996912551244284,1.00542530932161,0.993123736597313,0.991298914518817,0.999952441268613
5,2.29,1.02834587197459,0.996896568662013,1.00538705856617,0.992951482896874,0.992361474392059,0.999950615393377
5,2.3,1.02756587436633,0.996884519467289,1.00535252961626,0.993055404452323,0.9935116684204,0.999951586626237
5,2.31,1.02682105868421,0.996874898978259,1.00532358627884,0.993412267190626,0.994725186599188,0.999954900239894
5,2.32,1.0261071590601,0.996866254183385,1.00530161285107,0.99398491977223,0.995977446901247,0.999960003509469
5,2.33,1.02541976180117,0.99685727199263,1.00528746426561,0.994725462152327,0.997244190406412,0.999966287201228
5,2.34,1.02475456729211,0.996846851410458,1.00528145334253,0.995578854309664,0.998502033299418,0.999973126997429
5,2.35,1.024107622916,0.996834156641266,1.00528337351433,0.996486719457665,0.999728959187815,0.99997992236941
5,2.36,1.02347551523484,0.996818649657561,1.00529255289608,0.997391100807971,1.00090473910655,0.999986130817422
5,2.37,1.02285551265508,0.996800102123044,1.00530793363394,0.998237949474036,1.00201127067116,0.999991295868097
5,2.38,1.02224565317967,0.996778587712721,1.00532816921884,0.9989801514504,1.00303283189781,0.999995067728426
5,2.39,1.02164477544303,0.99675445679893,1.00535173193111,0.999579941334894,1.00395624905503,0.999997216011952
5,2.4,1.02105249482646,0.996728296191959,1.00537702272686,1.00001059674674,1.00477098141552,0.999997634453476
5,2.41,1.02046912982199,0.996700877162798,1.00540247656105,1.0002573571713,1.00546912882827,0.999996337989105
5,2.42,1.01989558671992,0.99667309535564,1.0054266572022,1.00031756110477,1.00604537054183,0.999993452978171
5,2.43,1.01933321293672,0.99664590642768,1.00544833686582,1.00020004286672,1.00649684560462,0.999989201665503
5,2.44,1.01878363072863,0.996620261326941,1.00546655733839,0.999923872572324,1.00682298639975,0.999983882215655
5,2.45,1.01824856357947,0.996597045017693,1.00548067058285,0.999516557244596,1.00702531742245,0.999977845789339
5,2.46,1.01772966721504,0.99657702216824,1.00549035805439,0.999011846220568,1.00710723129815,0.999971472177435
5,2.47,1.0172283760646,0.99656079281742,1.0054956290895,0.998447298865342,1.00707375332757,0.999965145466099
5,2.48,1.01674577420635,0.996548760343825,1.00549679975895,0.997861776870637,1.00693130462306,0.999959231089123
5,2.49,1.01628249758811,0.996541113209616,1.00549445449454,0.997293017493714,1.00668747228318,0.999954055445454
5,2.5,1.01583867181013,0.996537820998322,1.00548939359936,0.996775429029167,1.00635079316964,0.999949889036433
5,2.51,1.01541388719746,0.996538644290295,1.00548257040369,0.996338227152203,1.00593055583629,0.999946933824651
5,2.52,1.01500721045139,0.99654315700575,1.00547502229518,0.996004002446762,1.00543662314524,0.999945315248707
5,2.53,1.01461722999423,0.996550779072743,1.00546780008676,0.995787777562441,1.00487927621081,0.999945079058506
5,2.54,1.01424213031045,0.996560816708691,1.0054619001542,0.995696579209497,1.00426907864405,0.999946192875122
5,2.55,1.01387978919859,0.996572507275934,1.00545820345834,0.995729517689698,1.00361675871308,0.999948552137264
5,2.56,1.013527890911,0.996585065593055,1.00545742497586,0.995878336752704,1.00293310604627,0.999951989881298
5,2.57,1.01318404767215,0.996597728735836,1.00546007623503,0.996128370844885,1.00222887891912,0.999956289621033
5,2.58,1.01284592201628,0.996609796705971,1.00546644265706,0.996459826502118,1.00151471798321,0.999961200453781
5,2.59,1.01251134274235,0.996620666830412,1.00547657632275,0.996849290557058,1.00080106249673,0.999966453426654
5,2.6,1.01217840800945,0.996629860323992,1.00549030371308,0.997271360403852,1.00009806565558,0.999971778156792
5,2.61,1.011845570141,0.996637040050737,1.00550724699828,0.997700290807753,0.999415506442389,0.999976918714589
5,2.62,1.01151169800886,0.996642019111355,1.00552685664822,0.998111557305445,0.998762696435206,0.999981647851164
5,2.63,1.01117611435522,0.996644760432917,1.00554845255702,0.998483247417924,0.998148381168148,0.999985778777813
5,2.64,1.01083860699555,0.996645368019515,1.00557127054306,0.99879720671096,0.997580636828266,0.999989173879858
5,2.65,1.01049941443405,0.996644070926417,1.00559451099758,0.999039885988197,0.997066764220899,0.999991749959688
5,2.66,1.01015918791829,0.996641201337685,1.00561738658999,0.999202857245611,0.99661318295722,0.999993479839783
5,2.67,1.00981893326833,0.996637168354914,1.00563916625442,0.999282988049743,0.996225329637422,0.999994390399218
5,2.68,1.00947993685907,0.996632429240493,1.00565921313478,0.999282285348742,0.995907564358745,0.999994557348591
5,2.69,1.0091436808533,0.996627459901399,1.00567701470667,0.999207439117493,0.995663090125349,0.999994097251133
5,2.7,1.0088117531423,0.996622726348923,1.00569220388058,0.999069112594704,0.995493889655347,0.999993157457005
5,2.71,1.00848575744554,0.996618658727961,1.005704570486,0.998881038356573,0.995400683672472,0.99999190472274
5,2.72,1.0081672286716,0.996615629282956,1.00571406311173,0.998658987545199,0.995382914064342,0.9999905133324
5,2.73,1.00785755799424,0.996613935327716,1.00572078181061,0.998419682998587,0.995438754336252,0.999989153521108
5,2.74,1.0075579312146,0.996613787930576,1.00572496265,0.998179725891188,0.995565148656733,0.999987980929863
5,2.75,1.00726928293903,0.996615306637913,1.00572695548527,0.997954600154192,0.995757879557039,0.999987127702279
5,2.76,1.00699226798135,0.996618520164355,1.00572719663946,0.997757810011415,0.996011663093782,0.999986695681435
5,2.77,1.00672725027791,0.996623372605448,1.0057261783744,0.997600194234109,0.996320269091818,0.999986751992666
5,2.78,1.00647430855239,0.996629734404138,1.00572441712815,0.997489447101815,0.996676663024306,0.999987327120113
5,2.79,1.00623325704504,0.996637417048027,1.00572242246567,0.997429861523569,0.997073165216719,0.999988415414637
5,2.8,1.00600367887007,0.996646190304743,1.00572066854602,0.997422295277849,0.99750162242346,0.999989977819479
5,2.81,1.00578496901617,0.996655800724718,1.00571956966071,0.997464347751239,0.997953586443835,0.999991946476278
5,2.82,1.00557638367286,0.996665990152882,1.005719461061,0.997550722654311,0.998420494325247,0.999994230783292
5,2.83,1.00537709245043,0.996676513084659,1.00572058589331,0.997673742570966,0.99889384483584,0.999996724422273
5,2.84,1.00518623015492,0.996687151863153,1.0057230886299,0.997823974276036,0.99936536625284,0.999999312850321
5,2.85,1.00500294506047,0.996697728925993,1.00572701494964,0.997990919765999,0.999827171072009,1.00000188076568
5,2.86,1.00482644106227,0.996708115553225,1.00573231762117,0.998163726930057,1.00027189395581,1.00000431909766
5,2.87,1.00465601165827,0.996718236823367,1.00573886759418,0.998331875606124,1.00069281005682,1.00000653113553
5,2.88,1.00449106435775,0.996728072736684,1.00574646923558,0.99848579912346,1.00108393173121,1.00000843749275
5,2.89,1.00433113480621,0.996737655698731,1.00575487846619,0.998617407905103,1.00144008254854,1.0000099796959
5,2.9,1.00417589060655,0.996747064761928,1.00576382246766,0.998720489766304,1.00175694836644,1.00001112228444
5,2.91,1.00402512546294,0.996756417189869,1.00577301963262,0.998790970615553,1.00203110603414,1.00001185340382
5,2.92,1.00387874484047,0.996765858032392,1.00578219851724,0.99882702873519,1.00226003098681,1.00001218396352
5,2.93,1.00373674478883,0.996775548475658,1.00579111470911,0.998829065094942,1.00244208556899,1.00001214550976
5,2.94,1.00359918590005,0.996785653759393,1.00579956473026,0.998799540688343,1.00257649036468,1.00001178702671
5,2.95,1.00346616454616,0.996796331434062,1.00580739633617,0.99874269921096,1.00266328110572,1.00001117092656
5,2.96,1.00333778357122,0.996807720667182,1.00581451483263,0.998664199154737,1.00270325387969,1.00001036851736
5,2.97,1.00321412449959,0.996819933205556,1.00582088529463,0.998570683326446,1.00269790137075,1.00000945524787
5,2.98,1.0030952230877,0.996833046466466,1.0058265308231,0.998469315788448,1.0026493427568,1.0000085060212
5,2.99,1.00298104971043,0.996847099074744,1.00583152720217,0.998367316270492,1.00256024967309,1.00000759084558
5,3,1.00287149566711,0.996862088994867,1.00583599451234,0.998271520333872,1.00243377035985,1.00000677105385
5,3.01,1.00276636604371,0.996877974238732,1.00584008640387,0.998187990208028,1.00227345376585,1.00000609627601
5,3.02,1.00266537931065,0.996894675971476,1.00584397783469,0.998121696571031,1.0020831750072,1.00000560229423
5,3.03,1.00256817339633,0.996912083699509,1.00584785212424,0.998076285973278,1.00186706320689,1.00000530985148
5,3.04,1.00247431758214,0.996930062114719,1.00585188816812,0.998053942504171,1.00162943238894,1.00000522442553
5,3.05,1.00238332923479,0.996948459092284,1.00585624860121,0.998055346075841,1.0013747157905,1.00000533692394
5,3.06,1.00229469414188,0.996967114299513,1.00586106959411,0.998079723728595,1.00110740370196,1.00000562520479
5,3.07,1.0022078890559,0.996985867869668,1.00586645282786,0.998124984991542,1.00083198475726,1.00000605628521
5,3.08,1.00212240498442,0.997004568625421,1.00587246002566,0.998187927842618,1.00055289048066,1.00000658906703
5,3.09,1.00203776978706,0.997023081396743,1.00587911023907,0.998264498417549,1.00027444285022,1.0000071773879
5,3.1,1.00195356874805,0.997041293061623,1.00588637990366,0.998350085451059,1.00000080465729,1.00000777319684
5,3.11,1.00186946197365,0.997059117037847,1.00589420550581,0.998439829547957,0.999735932516134,1.00000832965658
5,3.12,1.00178519770374,0.997076496062953,1.00590248855093,0.998528927749071,0.999483532494983,1.00000880398978
5,3.13,1.00170062090804,0.997093403210017,1.0059111024,0.998612915376958,0.999247018485238,1.00000915991117
5,3.14,1.00161567684167,0.997109841192822,1.00591990045435,0.998687909655572,0.999029473582002,1.00000936952114
5,3.15,1.00153040954292,0.997125840109244,1.00592872511919,0.998750802884204,0.998833614901216,1.00000941457609
5,3.16,1.00144495554908,0.997141453852059,1.00593741696548,0.998799396762634,0.998661762390502,1.00000928709335
5,3.17,1.00135953336806,0.997156755478167,1.0059458235352,0.998832473548352,0.998515812289402,1.00000898929226
5,3.18,1.00127442945922,0.997171831868395,1.00595380729207,0.998849803814173,0.998397215949304,1.00000853291407
5,3.19,1.00118998163652,0.997186778029529,1.00596125230244,0.998852094417887,0.998306964727038,1.00000793799956
5,3.2,1.00110656090376,0.997201691388174,1.00596806933277,0.998840883676829,0.998245581615607,1.00000723123255
5,3.21,1.00102455276323,0.997216666403907,1.00597419916321,0.998818393482958,0.998213120171489,1.00000644397856
5,3.22,1.00094433900705,0.997231789789177,1.0059796140339,0.998787350071816,0.998209171145055,1.00000561015869
5,3.23,1.00086628091149,0.997247136568839,1.00598431725479,0.998750786299646,0.99823287702683,1.00000476410082
5,3.24,1.00079070461689,0.997262767147132,1.0059883411152,0.998711838570984,0.99828295449816,1.00000393850235
5,3.25,1.000717889301,0.997278725478625,1.00599174331948,0.998673551031352,0.998357724533157,1.00000316262318
5,3.26,1.00064805855528,0.997295038366959,1.00599460224739,0.99863869838099,0.998455149653016,1.00000246080521
5,3.27,1.00058137516484,0.997311715845578,1.00599701138739,0.998609636799881,0.998572877597667,1.00000185138795
5,3.28,1.00051793928685,0.997328752532251,1.00599907331793,0.99858819015461,0.99870829046602,1.00000134606017
5,3.29,1.00045778983122,0.997346129797505,1.00600089361445,0.998575576054396,0.998858558195976,1.00000094965792
5,3.3,1.0004009086822,0.9973638185487,1.00600257504034,0.998572373613656,0.999020695117738,1.00000066039069
5,3.31,1.00034722726679,0.99738178240795,1.00600421233994,0.998578532132852,0.999191618225061,1.00000047045244
5,3.32,1.00029663488292,0.997399981053932,1.00600588789518,0.998593417484332,0.99936820577213,1.0000003669537
5,3.33,1.00024898814814,0.997418373504268,1.00600766843879,0.998615890917502,0.999547354819215,1.00000033309552
5,3.34,1.00020412091917,0.997436921135141,1.00600960294049,0.998644413380149,0.99972603641564,1.00000034949742
5,3.35,1.00016185406173,0.997455590265972,1.00601172170435,0.998677167358006,0.999901347219134,1.00000039558789
5,3.36,1.00012200451361,0.997474354176502,1.00601403663985,0.99871218769444,1.00007055649946,1.00000045096905
5,3.37,1.00008439317603,0.997493194468563,1.00601654260099,0.998747492863025,1.00023114765302,1.00000049667477
5,3.38,1.00004885128146,0.997512101731949,1.00601921963033,0.998781208691028,1.00038085355449,1.00000051625367
5,3.39,1.00001522501193,0.997531075520142,1.00602203590199,0.99881167750658,1.00051768528242,1.0000004966239
5,3.4,0.999983378271919,0.99755012368451,1.0060249511296,0.998837547018492,1.00063995396722,1.00000042866372
5,3.41,0.999953193645766,0.997569261152537,1.00602792019385,0.998857834831517,1.00074628571545,1.00000030752053
5,3.42,0.999924571684469,0.997588508264983,1.00603089674875,0.99887196623858,1.00083562975339,1.00000013263871
5,3.43,0.999897428763478,0.997607888807278,1.00603383658418,0.998879784700888,1.00090726010104,0.999999907523455
5,3.44,0.999871693827608,0.997627427881321,1.00603670055324,0.998881536118253,1.00096077122923,0.999999639272434
5,3.45,0.999847304388093,0.997647149765096,1.00603945691334,0.998877829508248,1.00099606826397,0.999999337918597
5,3.46,0.999824202158804,0.997667075899726,1.00604208297641,0.99886957797378,1.00101335238247,0.99999901563588
5,3.47,0.999802328714225,0.997687223127634,1.00604456601386,0.998857924784489,1.00101310209471,0.999998685864255
5,3.48,0.999781621522978,0.997707602282949,1.0060469034112,0.998844159991122,1.00099605112393,0.999998362411702
5,3.49,0.999762010660941,0.997728217207875,1.00604910211437,0.998829633220486,1.00096316359305,0.999998058588288
5,3.5,0.999743416441839,0.997749064238318,1.00605117745096,0.998815668171225,1.00091560719471,0.999997786422159
5,3.51,0.999725748125815,0.997770132170816,1.00605315144269,0.998803483878042,1.0008547249758,0.999997555999198
5,3.52,0.999708903783479,0.99779140269258,1.00605505075021,0.998794127082231,1.00078200630798,0.999997374958209
5,3.53,0.99969277130984,0.99781285122908,1.00605690440515,0.998788419101207,1.00069905754825,0.999997248162212
5,3.54,0.999677230504522,0.997834448140616,1.00605874148809,0.998786919500046,1.0006075728244,0.999997177554783
5,3.55,0.999662156066255,0.997856160181831,1.0060605889053,0.998789907708693,1.00050930531145,0.99999716219878
5,3.56,0.999647421294482,0.99787795212691,1.0060624694015,0.998797382573982,1.0004060393031,0.999997198484115
5,3.57,0.999632902251675,0.99789978845853,1.00606439992343,0.998809078755105,1.00029956332681,0.999997280481977
5,3.58,0.999618482117974,0.997921635020382,1.00606639042052,0.99882449792517,1.00019164450678,0.999997400415499
5,3.59,0.999604055465589,0.997943460540747,1.00606844313688,0.998842951978404,1.00008400434439,0.999997549211705
5,3.6,0.99958953219311,0.997965237947345,1.00607055241539,0.998863614896726,0.999978296061852,0.999997717096802
5,3.61,0.999574840887921,0.997986945410313,1.00607270500184,0.998885579619982,0.999876083640328,0.999997894196511
5,3.62,0.999559931425667,0.998008567069623,1.00607488080713,0.998907916194602,0.999778822676776,0.999998071105137
5,3.63,0.999544776666126,0.998030093423934,1.00607705405979,0.998929727634919,0.999687843182538,0.999998239391108
5,3.64,0.999529373161325,0.998051521378742,1.0060791947611,0.99895020029558,0.999604334447982,0.999998392012488
5,3.65,0.99951374085061,0.998072853971248,1.00608127034172,0.998968646087523,0.999529332099285,0.999998523622996
5,3.66,0.99949792177501,0.998094099806793,1.00608324741216,0.998984534530794,0.999463707472827,0.999998630756906
5,3.67,0.999481977896294,0.998115272255853,1.00608509349988,0.998997513377201,0.999408159427484,0.999998711889242
5,3.68,0.999465988151636,0.998136388471112,1.00608677867265,0.99900741730465,0.99936320870359,0.9999987673755
5,3.69,0.999450044910596,0.998157468290399,1.00608827696021,0.999014264934733,0.999329194918243,0.999998799282217
5,3.7,0.999434250025539,0.998178533093374,1.00608956750303,0.99901824511172,0.999306276259361,0.999998811125661
5,3.71,0.999418710678955,0.998199604677815,1.0060906353774,0.999019693966927,0.999294431905636,0.999998807540427
5,3.72,0.999403535231246,0.998220704215612,1.00609147206747,0.999019064748652,0.999293467156931,0.999998793902656
5,3.73,0.999388829261317,0.99824185133971,1.00609207557758,0.999016892705131,0.999303021211244,0.999998775933774
5,3.74,0.999374691970909,0.998263063401914,1.00609245019906,0.999013757457265,0.999322577471798,0.99999875931017
5,3.75,0.999361213094044,0.998284354928628,1.00609260596507,0.999010245290304,0.999351476213523,0.999998749302222
5,3.76,0.999348470417403,0.998305737287945,1.00609255784281,0.999006913639905,0.999388929384456,0.999998750462757
5,3.77,0.99933652797839,0.998327218568092,1.00609232472453,0.999004259766628,0.999434037266985,0.999998766380667
5,3.78,0.999325434967546,0.998348803654713,1.00609192828644,0.999002695229352,0.999485806678779,0.999998799510401
5,3.79,0.9993152253233,0.998370494483593,1.00609139178772,0.999002527312129,0.99954317035578,0.999998851082679
5,3.8,0.999305917971842,0.998392290436762,1.00609073888036,0.999003948062844,0.999605007131632,0.999998921096467
5,3.81,0.999297517635091,0.9984141888438,1.00608999249543,0.999007031098405,0.999670162510673,0.999999008387302
5,3.82,0.999290016106556,0.998436185546836,1.00608917386211,0.999011735850982,0.999737469225868,0.999999110762701
5,3.83,0.999283393879279,0.99845827548715,1.00608830170432,0.999017918500545,0.999805767379178,0.99999922519197
5,3.84,0.999277622002337,0.998480453273375,1.00608739164627,0.999025348483318,0.999873923779354,0.999999348035231
5,3.85,0.999272664042423,0.998502713695655,1.00608645584349,0.999033729200428,0.999940850120433,0.999999475295158
5,3.86,0.999268478034269,0.998525052156399,1.00608550284179,0.999042721386229,1.00000551968178,0.999999602874615
5,3.87,0.999265018317078,0.998547464995892,1.00608453765255,0.999051967534964,1.00006698227594,0.999999726824182
5,3.88,0.999262237172469,0.998569949699499,1.00608356202119,0.999061115824455,1.0001243772219,0.999999843565219
5,3.89,0.999260086201233,0.998592504981834,1.00608257485551,0.999069842107551,1.0001769441764,0.999999950076563
5,3.9,0.999258517399788,0.998615130751702,1.00608157277385,0.999077868752118,1.00022403171285,1.00000004403593
5,3.91,0.999257483921135,0.998637827969098,1.00608055072872,0.999084979380673,1.00026510359403,1.00000012391042
5,3.92,0.999256940527746,0.998660598411971,1.00607950266049,0.999091028871167,1.00029974273905,1.00000018899396
5,3.93,0.999256843763986,0.998683444375212,1.00607842213747,0.999095948309549,1.00032765293547,1.00000023939289
5,3.94,0.999257151892142,0.998706368327436,1.00607730294275,0.999099744911421,1.00034865839302,1.00000027596378
5,3.95,0.999257824648357,0.998729372552418,1.00607613957488,0.999102497234852,1.00036270127404,1.00000030021048
5,3.96,0.999258822882097,0.998752458801532,1.00607492763708,0.999104346272122,1.00036983736799,1.00000031414903
5,3.97,0.999260108145219,0.998775627981443,1.00607366409879,0.999105483221294,1.0003702301019,1.0000003201507
5,3.98,0.999261642294469,0.998798879897766,1.00607234742267,0.999106134889585,1.00036414309622,1.00000032077404
5,3.99,0.999263387164666,0.998822213070816,1.00607097755912,0.999106547764278,1.00035193148597,1.0000003185966
5,4,0.999265304359841,0.998845624634166,1.00606955581908,0.999106971802699,1.00033403223075,1.00000031605655
5,4.01,0.999267355196869,0.998869110321039,1.00606808464245,0.999107644943918,1.00031095363617,1.00000031531314
5,4.02,0.999269500821833,0.99889266453778,1.00606656728556,0.999108779238414,1.00028326430225,1.00000031813308
5,4.03,0.99927170250438,0.9989162805183,1.00606500745468,0.999110549338051,1.00025158170482,1.00000032580814
5,4.04,0.999273922100792,0.99893995054862,1.00606340891416,0.999113083899723,1.00021656060267,1.00000033910686
5,4.05,0.99927612266323,0.99896366624687,1.00606177509808,0.999116460245513,1.0001788814489,1.00000035826128
5,4.06,0.999278269161435,0.998987418881327,1.00606010875211,0.999120702404274,1.0001392389692,1.00000038298717
5,4.07,0.999280329274714,0.999011199707574,1.00605841162897,0.999125782447899,1.00009833105415,1.00000041253444
5,4.08,0.99928227420665,0.999035000305508,1.00605668425623,0.999131624842423,1.00005684809697,1.00000044576294
5,4.09,0.999284079472857,0.999058812897803,1.00605492578935,0.999138113370082,1.00001546289397,1.0000004812373
5,4.1,0.999285725613283,0.999082630633269,1.00605313395715,0.99914510005159,0.999974821210713,1.00000051733408
5,4.11,0.999287198784723,0.999106447821347,1.00605130510037,0.999152415413353,0.999935533104821,1.00000055235388
5,4.12,0.999288491196021,0.999130260107341,1.00604943429844,0.999159879404726,0.999898165084161,1.00000058463141
5,4.13,0.999289601357377,0.999154064581857,1.00604751557402,0.999167312275055,0.999863233168657,1.00000061263692
5,4.14,0.999290534125497,0.99917785982184,1.00604554216083,0.99917454476619,0.99983119691324,1.0000006350635
5,4.15,0.999291300537546,0.999201645864546,1.00604350681696,0.999181427057948,0.999802454439333,1.0000006508958
5,4.16,0.999291917438017,0.99922542411935,1.00604140216395,0.999187836014402,0.999777338511812,1.00000065945718
5,4.17,0.999292406913325,0.999249197225398,1.00603922103122,0.999193680409447,0.999756113687542,1.0000006604338
5,4.18,0.999292795558353,0.999272968865542,1.00603695678627,0.999198903951637,0.9997389745501,1.00000065387566
5,4.19,0.999293113606982,0.999296743548701,1.00603460363248,0.999203486071624,0.999726045033,1.0000006401759
5,4.2,0.999293393964362,0.999320526373692,1.00603215685939,0.999207440571808,0.999717378820558,1.00000062003114
5,4.21,0.99929367118216,0.99934432278765,1.00602961303369,0.99921081235935,0.999712960801662,1.00000059438613
5,4.22,0.999293980419169,0.99936813835152,1.00602697012307,0.999213672584091,0.999712709537147,1.00000056436742
5,4.23,0.999294356428471,0.999391978523745,1.00602422754933,0.999216112577456,0.999716480686674,1.00000053121045
5,4.24,0.999294832609154,0.999415848471432,1.00602138617142,0.999218237034269,0.999724071326166,1.00000049618493
5,4.25,0.999295440155514,0.999439752915999,1.00601844820281,0.999220156895699,0.999735225072549,1.00000046052321
5,4.26,0.999296207330247,0.9994636960178,1.00601541707104,0.999221982379131,0.999749637919062,1.00000042535555
5,4.27,0.999297158880769,0.999487681301661,1.00601229723012,0.999223816562346,0.999766964672419,1.00000039165596
5,4.28,0.999298315609887,0.999511711622742,1.0060090939383,0.999225749868861,0.999786825872853,1.00000036020084
5,4.29,0.99929969410419,0.999535789169933,1.00600581301486,0.999227855723842,0.999808815070116,1.00000033154245
5,4.3,0.999301306616035,0.99955991550201,1.00600246058998,0.999230187561352,0.99983250632314,1.00000030599741
5,4.31,0.999303161088337,0.999584091610355,1.00599904286078,0.999232777269946,0.999857461788472,1.00000028365017
5,4.32,0.999305261305844,0.999608318001027,1.00599556586589,0.999235635070787,0.999883239262988,1.00000026437013
5,4.33,0.999307607152337,0.999632594788509,1.00599203528844,0.999238750736053,0.999909399549807,1.00000024784046
5,4.34,0.999310194950515,0.999656921793516,1.00598845629548,0.999242095980257,0.999935513522598,1.00000023359604
5,4.35,0.999313017860029,0.999681298637723,1.00598483341876,0.999245627797034,0.999961168772555,1.00000022106762
5,4.36,0.999316066309409,0.999705724829218,1.00598117047944,0.999249292471606,0.999985975733738,1.00000020962914
5,4.37,0.99931932843915,0.999730199833692,1.00597747055632,0.999253029975899,1.00000957319612,1.00000019864501
5,4.38,0.99932279053584,0.999754723127839,1.00597373599488,0.999256778449389,1.00003163313077,1.00000018751456
5,4.39,0.999326437440776,0.99977929423299,1.00596996845223,0.999260478483104,1.00005186476818,1.00000017571111
5,4.4,0.999330252920519,0.99980391272857,1.00596616897135,0.999264076954822,1.00007001788745,1.00000016281358
5,4.41,0.999334219991236,0.999828578246465,1.00596233807705,0.999267530207402,1.00008588529168,1.00000014852929
5,4.42,0.99933832119298,0.999853290448649,1.00595847588521,0.999270806415938,1.00009930446152,1.00000013270703
5,4.43,0.99934253881408,0.999878048991503,1.00595458221699,0.99927388704903,1.000110158395,1.00000011534039
5,4.44,0.999346855069363,0.999902853481005,1.00595065671025,0.999276767391074,1.00011837565713,1.00000009656154
5,4.45,0.99935125223875,0.999927703423374,1.00594669892104,0.999279456152044,1.00012392967579,1.00000007662671
5,4.46,0.999355712774754,0.999952598175892,1.00594270840956,0.999281974245498,1.00012683733295,1.00000005589463
5,4.47,0.999360219388588,0.999977536902363,1.0059386848065,0.999284352861317,1.00012715690966,1.00000003479971
5,4.48,0.999364755124806,1.0000025185372,1.00593462785708,0.999286630994992,1.00012498545189,1.00000001382197
5,4.49,0.999369303433872,1.00002754176135,1.00593053744226,0.999288852618372,1.00012045562999,0.999999993455768
5,4.5,0.999373848250743,1.00005260499243,1.00592641357775,0.999291063687313,1.00011373216901,0.99999997417927
5,4.51,0.999378374085725,1.00007770639029,1.00592225639323,0.999293309179585,1.00010500792922,0.999999956426482
5,4.52,0.999382866131576,1.00010284387832,1.00591806609531,0.999295630342743,1.00009449971724,0.999999940563426
5,4.53,0.999387310388384,1.00012801517968,1.00591384291851,0.999298062307971,1.00008244390705,0.99999992686964
5,4.54,0.999391693805213,1.00015321786669,1.00590958706933,0.999300632194211,1.00006909194828,0.999999915525803
5,4.55,0.999396004435172,1.00017844942094,1.00590529866845,0.999303357789702,1.00005470583614,0.999999906607882
5,4.56,0.999400231598506,1.00020370730091,1.00590097769606,0.999306246857829,1.00003955361311,0.999999900087757
5,4.57,0.999404366046681,1.00022898901363,1.00589662394492,0.999309297073712,1.00002390496801,0.999999895839915
5,4.58,0.999408400119364,1.00025429218673,1.0058922369847,0.999312496559555,1.00000802699297,0.999999893653452
5,4.59,0.999412327885673,1.00027961463713,1.0058878161407,0.999315824952719,0.999992180153038,0.999999893248338
5,4.6,0.999416145261197,1.00030495443316,1.00588336048843,0.999319254912521,0.999976614517673,0.999999894294733
5,4.61,0.999419850092925,1.00033030994714,1.00587886886499,0.999322753951188,0.999961566297376,0.99999989643402
5,4.62,0.999423442205441,1.00035567989611,1.00587433989639,0.999326286461986,0.999947254722643,0.999999899300189
5,4.63,0.999426923403337,1.00038106336904,1.00586977203964,0.999329815813582,0.999933879296592,0.999999902540302
5,4.64,0.999430297426741,1.00040645983982,1.00586516363693,0.999333306383782,0.999921617446503,0.999999905832864
5,4.65,0.999433569858995,1.00043186916581,1.00586051297901,0.999336725417264,0.999910622593518,0.999999908903155
5,4.66,0.999436747987676,1.0004572915726,1.005855818374,0.999340044609591,0.999901022653808,0.999999911534805
5,4.67,0.999439840622314,1.00048272762637,1.00585107821793,0.999343241342166,0.999892918978494,0.999999913577165
5,4.68,0.999442857874063,1.00050817819563,1.00584629106313,0.999346299518277,0.999886385733714,0.999999914948319
5,4.69,0.999445810904244,1.0005336444046,1.00584145568093,0.999349209977214,0.999881469716347,0.999999915633828
5,4.7,0.999448711649927,1.00055912758085,1.00583657111546,0.999351970489932,0.999878190595069,0.999999915681584
5,4.71,0.999451572535602,1.00058462919972,1.00583163672598,0.999354585364311,0.999876541560804,0.99999991519332
5,4.72,0.999454406180325,1.00061015082824,1.00582665221603,0.99935706470937,0.999876490365112,0.999999914313523
5,4.73,0.999457225109698,1.00063569407098,1.00582161764808,0.999359423424757,0.999877980719861,0.999999913216575
5,4.74,0.999460041481507,1.00066126051986,1.00581653344372,0.999361679993745,0.999880934026665,0.999999912093027
5,4.75,0.999462866832965,1.00068685170982,1.00581140036964,0.999363855164366,0.999885251400121,0.999999911135875
5,4.76,0.999465711856292,1.00071246908161,1.00580621951089,0.999365970604241,0.999890815945003,0.999999910527674
5,4.77,0.999468586207912,1.00073811395244,1.00580099223308,0.999368047610428,0.999897495244276,0.999999910429206
5,4.78,0.999471498354949,1.00076378749491,1.00579572013588,0.999370105946693,0.999905144012231,0.999999910970277
5,4.79,0.999474455461037,1.00078949072405,1.00579040500044,0.999372162868038,0.999913606865244,0.999999912243057
5,4.8,0.99947746331184,1.00081522449187,1.00578504873348,0.999374232376874,0.999922721161719,0.999999914298199
5,4.81,0.999480526279147,1.0008409894886,1.00577965331082,0.99937632473823,0.999932319862673,0.999999917143772
5,4.82,0.999483647321068,1.00086678624942,1.00577422072288,0.99937844626385,0.999942234365232,0.999999920746885
5,4.83,0.999486828014763,1.00089261516529,1.00576875292447,0.999380599358031,0.999952297262979,0.999999925037729
5,4.84,0.999490068617282,1.00091847649664,1.0057632517907,0.999382782802696,0.999962344989589,0.999999929915614
5,4.85,0.999493368149584,1.00094437038842,1.00575771908056,0.999384992246188,0.999972220305513,0.999999935256504
5,4.86,0.999496724498507,1.00097029688527,1.00575215640888,0.999387220850299,0.999981774591402,0.999999940921496
5,4.87,0.999500134531542,1.00099625594574,1.00574656522715,0.999389460043515,0.999990869916611,0.999999946765647
5,4.88,0.999503594219481,1.00102224745477,1.00574094681303,0.999391700325524,0.999999380856117,0.999999952646599
5,4.89,0.999507098762556,1.00104827123369,1.005735302268,0.999393932068632,1.00000719603466,0.999999958432479
5,4.9,0.999510642716243,1.0010743270475,1.00572963252212,0.99939614626565,1.00001421938254,0.999999964008643
5,4.91,0.999514220113728,1.00110041460946,1.00572393834468,0.999398335180485,1.00002037109316,0.999999969282926
5,4.92,0.999517824582746,1.00112653358304,1.00571822035924,0.999400492866652,1.00002558827823,0.999999974189173
5,4.93,0.999521449455328,1.00115268358183,1.00571247906169,0.999402615529396,1.00002982532187,0.999999978688942
5,4.94,0.999525087869692,1.00117886416782,1.00570671483946,0.99940470171842,1.00003305394024,0.999999982771407
5,4.95,0.999528732864157,1.00120507484888,1.00570092799094,0.999406752349579,1.00003526295805,0.999999986451563
5,4.96,0.999532377463441,1.00123131507624,1.00569511874334,0.999408770564648,1.00003645781771,0.999999989766967
5,4.97,0.999536014758105,1.00125758424245,1.00568928726851,0.999410761447751,1.0000366598408,0.999999992773311
5,4.98,0.999539637978067,1.00128388168087,1.00568343369563,0.999412731624812,1.00003590526465,0.999999995539146
5,4.99,0.999543240561203,1.00131020666696,1.00567755812055,0.999414688778033,1.00003424407957,0.999999998140177
5,5,0.99954681621797,1.00133655842197,1.00567166061163,0.999416641110758,1.0000317386945,1.00000000065346
6,0,0,0,0,0,0,0
6,0.01,0.000281187066354831,-0.00401172134780242,0.00904684865857327,0.00578066322759116,0.0145004553599523,0.0112372543360808
6,0.02,0.00130664093106063,-0.00683149483083646,0.0181108176915171,0.0163405307790271,0.0297685036151453,0.027077108803585
6,0.03,0.00317542165845894,-0.00750354827484099,0.026390375891859,0.0274387548412675,0.0450860467873871,0.0424705486869722
6,0.04,0.00590397232566747,-0.0060327030828989,0.034510566610651,0.0387301054461088,0.0600262863429972,0.057496993244447
6,0.05,0.00949497731526603,-0.00239104396269737,0.0427437855935148,0.0501236514450377,0.0749324149381997,0.0724895483363306
6,0.06,0.0139384791251764,0.00339397097296971,0.0512818082208502,0.0615773800473022,0.0898883397155453,0.0874199010244276
6,0.07,0.019216813332436,0.0112483687104905,0.0602632973473903,0.0730496077018348,0.104828453845661,0.102325275996399
6,0.08,0.025308623779275,0.0210658386977712,0.0697770546845146,0.0845333761959818,0.119733304207904,0.117217127803424
6,0.09,0.0321909432201975,0.0327131331406086,0.0798770140731855,0.0960348601837408,0.134610488121162,0.132093543461404
6,0.1,0.0398406612114055,0.0460360226113679,0.0905912338100818,0.107559119374459,0.149459597366698,0.146953489558592
6,0.11,0.0482358531038841,0.060865723133811,0.10192636292089,0.119111333292918,0.164275322088202,0.161795653267567
6,0.12,0.0573568139906232,0.0770244328661919,0.113871428820607,0.130698409966403,0.179053728927225,0.176617074274105
6,0.13,0.0671867347157576,0.094329984980918,0.126401411687568,0.142328602060815,0.193791777283174,0.191413822410187
6,0.14,0.0777120651083923,0.11259988777241,0.139480270169218,0.154011247956838,0.208486204573164,0.206181568244225
6,0.15,0.0889225945621555,0.131654794057629,0.153063506896205,0.165756845795271,0.223133600537626,0.220915701817028
6,0.16,0.100811266764837,0.151321400596344,0.167100420773199,0.177577010542927,0.237730607953652,0.235611403065736
6,0.17,0.113373754812696,0.171434819671875,0.181536082331818,0.189484255498921,0.252273915846046,0.250263745430816
6,0.18,0.126607830269813,0.191840472471536,0.196313043438546,0.201491687759781,0.266760226039142,0.264867774319428
6,0.19,0.140512561009598,0.212395547661843,0.211372804877903,0.213612656226738,0.281186254765714,0.27941855307596
6,0.2,0.155087373097141,0.232970067671839,0.226657066839257,0.225860369950542,0.295548739562963,0.293911192229755
6,0.21,0.170331013065396,0.253447605770546,0.242108784162526,0.238247511848063,0.309844440124571,0.308340868800212
6,0.22,0.186240448363466,0.273725695884032,0.257673046847523,0.250785871824355,0.324070137909177,0.322702837769993
6,0.23,0.202809745487824,0.293715974894996,0.273297805235904,0.263486015652429,0.338222636654219,0.336992438603778
6,0.24,0.220028967318686,0.313344094422121,0.288934457313897,0.276356998912291,0.352298763093698,0.351205099853664
6,0.25,0.237883133085561,0.332549435759809,0.304538313134206,0.289406129745387,0.366295367478306,0.365336344112598
6,0.26,0.25635128555583,0.351284657832034,0.320068948809747,0.302638779635959,0.380209323968614,0.379381794825382
6,0.27,0.275405709790705,0.369515103887013,0.335490460076646,0.316058238108707,0.394037530938652,0.393337185846527
6,0.28,0.295011345497087,0.387218088489455,0.350771623225204,0.329665605363169,0.407776911146542,0.407198374018104
6,0.29,0.315125430119118,0.404382082437324,0.365885969413453,0.343459716370112,0.421424411735754,0.42096135443736
6,0.3,0.335697402110263,0.421005809838621,0.380811777119928,0.357437090587016,0.43497700405758,0.434622277550616
6,0.31,0.356669083394925,0.437097269010452,0.395531986816377,0.371591902898035,0.448431683324198,0.448177466790547
6,0.32,0.377975147337932,0.45267268732689,0.4100340418519,0.38591597330691,0.46178546811818,0.461623435201781
6,0.33,0.399543864426526,0.467755419762209,0.424309659992574,0.400398774968616,0.475035399800588,0.474956899401745
6,0.34,0.4212981034565,0.482374801639695,0.438354540964889,0.415027462034996,0.488178541872514,0.488174789312267
6,0.35,0.443156552578458,0.496564967846514,0.452168016579808,0.429786920275318,0.501211979351517,0.501274252364158
6,0.36,0.465035113355499,0.510363653220016,0.465752651413603,0.444659844359486,0.514132818224324,0.514252651290861
6,0.37,0.486848413056148,0.523810991554798,0.479113803427218,0.459626845987508,0.526938185030904,0.527107555137645
6,0.38,0.508511376432979,0.536948333276374,0.492259155157218,0.474666596716457,0.539625226623896,0.539836723656312
6,0.39,0.52994079842138,0.549817103840315,0.505198227067976,0.489756008437594,0.55219111013348,0.552438085765313
6,0.4,0.551056863235179,0.562457725981247,0.517941885208549,0.504870453093715,0.564633023153064,0.564909713172564
6,0.41,0.571784562488109,0.574908628810228,0.530501855402484,0.519984021524168,0.576948174147885,0.577249790540556
6,0.42,0.592054974156494,0.587205365345578,0.542890255793546,0.535069819412687,0.589133793078016,0.589456583700446
6,0.43,0.611806374181765,0.599379857414964,0.555119158697639,0.55010029631806,0.60118713222031,0.601528407397454
6,0.44,0.630985162070863,0.611459783168953,0.567200191430726,0.565047601806658,0.613105467170471,0.613463593898782
6,0.45,0.649546589948035,0.623468117973892,0.579144184180892,0.579883960884492,0.624886098006309,0.625260463557319
6,0.46,0.667455290409841,0.635422834526668,0.590960871171706,0.594582059338634,0.636526350595163,0.636917298147102
6,0.47,0.684685601892182,0.647336762978431,0.602658649428282,0.609115428326868,0.648023578031428,0.648432317517491
6,0.48,0.701221691155051,0.659217606954475,0.614244397504151,0.623458816674583,0.65937516219242,0.659803659893109
6,0.49,0.717057471430385,0.671068106836124,0.625723354637818,0.637588538915514,0.670578515401199,0.671029366005203
6,0.5,0.732196312648715,0.682886337675799,0.637099059043959,0.651482787207736,0.681631082181934,0.68210736719107
6,0.51,0.746650538164396,0.6946661257223,0.648373342445773,0.665121895921348,0.692530341086036,0.693035477638294
6,0.52,0.76044070194804,0.70639756475083,0.659546376542726,0.678488548975145,0.70327380655497,0.703811391057499
6,0.53,0.773594642770262,0.718067611188899,0.670616765888617,0.691567921928215,0.713859030768949,0.714432682200751
6,0.54,0.786146318755197,0.729660735352932,0.681581680628308,0.704347753417388,0.72428360541137,0.724896813745914
6,0.55,0.798134437671155,0.741159604916824,0.692437021708662,0.716818343739098,0.734545163260275,0.735201149072737
6,0.56,0.809600915490167,0.752545776013099,0.7031776105505,0.728972482104503,0.744641379505418,0.745342971296602
6,0.57,0.820589216998189,0.76380036717011,0.713797394768884,0.740805308155978,0.754569972688985,0.755319508548327
6,0.58,0.831142655112164,0.774904691742156,0.724289661399179,0.752314117412194,0.764328705185692,0.765127964876629
6,0.59,0.8413027462146,0.785840825801473,0.734647249276695,0.763498123981231,0.773915383177933,0.774765555344573
6,0.6,0.851107732379433,0.796592090897324,0.744862752774085,0.774358196632244,0.783327856143416,0.784229543005329
6,0.61,0.860591382757228,0.807143434914183,0.754928710045028,0.784896585620611,0.792564015948886,0.793517274660538
6,0.62,0.869782171589549,0.817481699648277,0.764837770231123,0.795116657101933,0.8016217957198,0.802626211856927
6,0.63,0.878702897848207,0.827595770617904,0.774582835677792,0.805022649383384,0.810499168711889,0.811553953685002
6,0.64,0.887370763696213,0.837476612632518,0.784157176932349,0.814619460865253,0.819194147426204,0.820298248743591
6,0.65,0.895797872572413,0.847117202965501,0.793554519985839,0.823912473976556,0.8277047831708,0.828856995099168
6,0.66,0.903992053104165,0.856512381448544,0.802769106696798,0.832907413727178,0.836029166180509,0.837228228966344
6,0.67,0.911957874139993,0.865658642130099,0.811795730476415,0.841610234853759,0.844165426280309,0.845410104747685
6,0.68,0.919697699073132,0.874553893216559,0.8206297500775,0.850027028918612,0.852111733951877,0.853400870495932
6,0.69,0.927212639192562,0.883197210330616,0.829267084751672,0.858163942611411,0.859866301576625,0.861198843378066
6,0.7,0.934503303482463,0.89158860302613,0.83770419420738,0.866027100670189,0.867427384610943,0.868802389153717
6,0.71,0.941570296163479,0.899728807214722,0.84593804680262,0.873622530375862,0.874793282506122,0.876209908198457
6,0.72,0.948414468880059,0.907619108466019,0.853966079287845,0.880956088209061,0.881962339293319,0.8834198286818
6,0.73,0.95503697759454,0.915261194820269,0.861786151175936,0.888033391815361,0.888932943870048,0.890430605763086
6,0.74,0.961439215860919,0.922657033991444,0.869396496436881,0.894859761262328,0.895703530105033,0.897240724604164
6,0.75,0.967622695027202,0.929808768890125,0.876795674700604,0.901440172769725,0.902272576898495,0.903848704820968
6,0.76,0.973588924228598,0.936718626599423,0.883982523562102,0.907779226319295,0.90863860830008,0.910253104555454
6,0.77,0.979339318834907,0.943388838123965,0.890956113023174,0.913881126674199,0.91480019372511,0.916452523251763
6,0.78,0.98487514465599,0.949821568266194,0.897715702676941,0.919749676026278,0.920755948255343,0.92244560304579
6,0.79,0.990197491985144,0.956018856183895,0.904260701994595,0.925388275975653,0.926504532983633,0.92823102916542
6,0.8,0.995307268944155,0.961982567437764,0.910590633984208,0.93079993667108,0.932044655363505,0.933807529856687
6,0.81,1.00020520480509,0.967714357943524,0.916705102483288,0.935987291360314,0.937375069541435,0.939173876228565
6,0.82,1.00489185742582,0.973215649612827,0.922603763339919,0.940952615022873,0.94249457666656,0.944328882215979
6,0.83,1.00936762210287,0.978487616907829,0.928286299685446,0.945697846045568,0.947402025181609,0.949271404710767
6,0.84,1.01363274103548,0.983531183169914,0.933752401401914,0.95022461005652,0.952096311100274,0.954000343836988
6,0.85,1.01768731334115,0.988347025402309,0.939001748763627,0.954534245119488,0.95657637827397,0.958514643330177
6,0.86,1.02153130568502,0.992935586126472,0.944034000111614,0.958627827563752,0.960841218648522,0.96281329098761
6,0.87,1.02516456350786,0.997297090938686,0.94884878331921,0.962506197810848,0.964889872510138,0.966895319167138
6,0.88,1.02858682276167,1.00143157043726,0.953445690731164,0.966169985659017,0.968721428719843,0.970759805318447
6,0.89,1.0317977220294,1.00533888526146,0.957824277205708,0.969619634591122,0.972335024935769,0.974405872533311
6,0.9,1.03479681490145,1.00901875307704,0.961984060855295,0.972855424774463,0.975729847822899,0.977832690102697
6,0.91,1.03758358248796,1.01247077645589,0.965924526064346,0.975877494516785,0.978905133250038,0.981039474069725
6,0.92,1.04015744595292,1.01569447072485,0.969645128359123,0.978685860029738,0.981860166473863,0.984025487768817
6,0.93,1.0425177789637,1.01868929099427,0.973145300714018,0.981280433427728,0.984594282309976,0.986790042342905
6,0.94,1.0446639199569,1.02145465771707,0.976424460898149,0.983661038956053,0.987106865290928,0.989332497232113
6,0.95,1.04659518412995,1.02398998026726,0.979482019494336,0.985827427497025,0.989397349811258,0.991652260628854
6,0.96,1.04831087507758,1.02629467816045,0.982317388257156,0.987779289446413,0.991465220259611,0.993748789895712
6,0.97,1.04981029600261,1.02836819966441,0.984929988516192,0.989516266085571,0.993310011138041,0.995621591943787
6,0.98,1.05109276044189,1.03021003766154,0.987319259372688,0.991037959597407,0.994931307168638,0.997270223570347
6,0.99,1.05215760246008,1.03181974272695,0.989484665481254,0.992343941888002,0.996328743387617,0.998694291755668
6,1,1.05300418627565,1.03319693347316,0.991425704251397,0.993433762381067,0.99750200522704,0.999893453919788
6,1.01,1.05363191529553,1.03434130428526,0.993141912345298,0.994306954950797,0.998450828584347,1.00086741814063
6,1.02,1.0540402405459,1.03525263062836,0.994632871387388,0.994963044151145,0.99917499987983,1.00161594333545
6,1.03,1.05422866849718,1.03593077215275,0.995898212837072,0.995401550887418,0.999674356102249,1.00213883940813
6,1.04,1.05419676829092,1.03637567385267,0.996937622007806,0.995621997660469,0.999948784842734,1.00243596736491
6,1.05,1.05394417838427,1.0365873655517,0.997750841243247,0.995623913495834,0.999998224317084,1.00250723940143
6,1.06,1.05347061263494,1.03656595999494,0.998337672284203,0.995406838650927,0.999822663376651,1.00235261896413
6,1.07,1.05277586585456,1.03631164982455,0.998697977878539,0.994970329173726,0.999422141507886,1.00197212078872
6,1.08,1.05185981886238,1.03582470370469,0.998831682700179,0.994313961367153,0.998796748820634,1.00136581091859
6,1.09,1.05072244307344,1.03510546184396,0.998738773653138,0.993437336195074,0.997946626025326,1.00053380670579
6,1.1,1.04936380465594,1.03415433114148,0.998419299642459,0.99234008364917,0.996871964399082,0.999476276796739
6,1.11,1.04778406829178,1.03297178015701,0.997873370896403,0.991021867081087,0.995573005740789,0.998193441105
6,1.12,1.04598350057233,1.03155833407775,0.997101157923815,0.989482387491661,0.994050042315244,0.996685570772701
6,1.13,1.04396247305809,1.02991456982634,0.996102890187581,0.987721387758621,0.992303416786349,0.994952988122147
6,1.14,1.04172146502666,1.02804111142624,0.994878854570232,0.985738656776141,0.990333522139382,0.992996066598733
6,1.15,1.03926106592885,1.02593862571373,0.993429393701298,0.983534033473855,0.988140801592398,0.990815230705954
6,1.16,1.03658197756676,1.02360781846094,0.991754904208579,0.981107410679275,0.985725748496726,0.988410955932995
6,1.17,1.03368501600235,1.02104943095096,0.98985583494748,0.978458738785923,0.983088906226576,0.985783768675075
6,1.18,1.03057111319879,1.01826423702666,0.987732685254211,0.975588029189564,0.980230868057754,0.982934246146423
6,1.19,1.02724131839133,1.01525304061706,0.985386003260516,0.972495357456502,0.977152277035488,0.979863016285516
6,1.2,1.02369679917886,1.01201667373117,0.982816384299644,0.969180866190786,0.973853825831333,0.976570757651958
6,1.21,1.01993884232236,1.00855599489764,0.980024469426002,0.965644767570991,0.970336256589158,0.973058199314181
6,1.22,1.01596885423219,1.00487188802015,0.977010944064284,0.961887345531871,0.966600360760225,0.969326120726989
6,1.23,1.01178836112257,1.00096526161211,0.97377653679799,0.95790895757132,0.962646978927316,0.965375351597793
6,1.24,1.00739900880881,0.996837048370593,0.970322018302296,0.953710036168514,0.958477000617938,0.961206771740324
6,1.25,1.00280256212117,0.992488205047638,0.966648200422026,0.949291089804721,0.954091364106585,0.956821310914514
6,1.26,0.998000903908463,0.987919712576637,0.962755935392218,0.944652703583797,0.949491056206067,0.952219948651203
6,1.27,0.992996033604456,0.983132576412982,0.95864611519616,0.939795539454822,0.944677112047914,0.947403714060357
6,1.28,0.987790065331633,0.978127827050143,0.954319671053993,0.93472033604444,0.939650614851858,0.94237368562147
6,1.29,0.982385225518562,0.972906520675432,0.949777573033747,0.929427908111299,0.934412695684423,0.937130990954937
6,1.3,0.976783850010326,0.967469739933146,0.94502082977597,0.923919145639333,0.928964533206634,0.931676806573237
6,1.31,0.970988380655043,0.961818594766534,0.940050488322908,0.918195012590643,0.923307353410874,0.92601235761091
6,1.32,0.965001361353969,0.95595422331386,0.934867634043231,0.912256545342161,0.917442429346922,0.920138917532441
6,1.33,0.958825433567608,0.949877792837592,0.92947339064368,0.90610485083335,0.911371080837212,0.914057807817339
6,1.34,0.952463331275715,0.943590500669288,0.923868920259475,0.899741104454701,0.905094674181352,0.907770397621857
6,1.35,0.945917875394786,0.937093575156027,0.918055423615938,0.89316654770889,0.898614621849954,0.901278103417019
6,1.36,0.939191967662587,0.930388276597137,0.912034140254385,0.886382485678098,0.89193238216783,0.894582388602807
6,1.37,0.932288584005256,0.923475898162503,0.905806348815949,0.879390284332166,0.885049458986609,0.887684763098555
6,1.38,0.925210767408414,0.916357766785901,0.899373367377525,0.872191367713084,0.877967401346846,0.880586782909835
6,1.39,0.917961620319437,0.909035244028516,0.892736553834483,0.864787215031678,0.870687803129688,0.873290049672295
6,1.4,0.910544296613454,0.901509726909248,0.885897306325126,0.85717935771238,0.863212302698171,0.865796210173131
6,1.41,0.902961993160591,0.89378264869945,0.878857063692118,0.84936937642161,0.855542582528236,0.858106955851042
6,1.42,0.895217941036451,0.885855479680533,0.87161730597623,0.841358898114613,0.847680368829537,0.850224022275716
6,1.43,0.887315396421722,0.877729727863452,0.864179554937774,0.833149593134554,0.839627431156138,0.842149188608034
6,1.44,0.879257631240003,0.869406939669399,0.856545374601046,0.82474317239633,0.831385582007188,0.83388427704233
6,1.45,0.871047923585496,0.860888700571309,0.848716371816963,0.816141384685903,0.822956676417683,0.825431152232166
6,1.46,0.862689547994015,0.852176635695865,0.840694196838938,0.807346014104033,0.814342611539387,0.816791720701176
6,1.47,0.854185765611848,0.843272410385759,0.832480543906792,0.798358877681056,0.805545326212063,0.807967930240608
6,1.48,0.845539814317361,0.834177730722023,0.824077151833367,0.789181823186895,0.79656680052508,0.798961769295259
6,1.49,0.836754898849867,0.824894344006266,0.815485804588284,0.779816727157819,0.787409055369533,0.789775266339505
6,1.5,0.82783418099924,0.815424039202736,0.806708331873169,0.770265493158528,0.778074151980987,0.780410489245155
6,1.51,0.818780769908116,0.805768647340218,0.797746609682572,0.760530050295088,0.768564191472956,0.770869544642835
6,1.52,0.80959771253621,0.795930041873968,0.788602560844809,0.750612351991013,0.758881314361253,0.761154577278575
6,1.53,0.80028798433358,0.785910139008071,0.779278155536982,0.740514375035454,0.749027700079324,0.75126776936722
6,1.54,0.790854480166394,0.775710897978914,0.769775411768604,0.730238118909042,0.739005566484696,0.74121133994421
6,1.55,0.781300005535215,0.765334321300771,0.760096395828455,0.71978560538952,0.728817169356668,0.730987544217213
6,1.56,0.771627268121902,0.754782454974873,0.750243222689631,0.709158878435827,0.718464801885385,0.720598672918959
6,1.57,0.761838869697145,0.74405738866376,0.740218056368128,0.698360004345986,0.70795079415241,0.71004705166256
6,1.58,0.75193729841639,0.733161255833097,0.730023110230777,0.687391072180819,0.697277512602952,0.699335040300471
6,1.59,0.741924921527613,0.722096233863624,0.719660647248887,0.676254194442424,0.686447359509871,0.688465032288112
6,1.6,0.731803978510091,0.710864544136298,0.709132980194538,0.664951507993395,0.675462772429606,0.677439454053104
6,1.61,0.721576574659065,0.69946845209412,0.698442471777126,0.653485175200046,0.664326223650162,0.666260764370884
6,1.62,0.711244675127109,0.687910267284511,0.687591534718413,0.641857385280465,0.65304021963131,0.654931453747403
6,1.63,0.70081009942909,0.676192343386446,0.676582631765049,0.630070355836066,0.641607300437122,0.643454043809474
6,1.64,0.690274516413904,0.664317078226823,0.665418275638217,0.618126334543485,0.630030039161007,0.631831086703224
6,1.65,0.679639439702804,0.652286913790782,0.654101028920753,0.606027600982214,0.61831104134338,0.620065164501004
6,1.66,0.668906223591002,0.640104336230817,0.642633503882771,0.593776468572241,0.606452944382113,0.60815888861703
6,1.67,0.658076059406522,0.62777187587961,0.631018362247454,0.581375286595294,0.594458416935918,0.596114899231905
6,1.68,0.647149972317842,0.615292107271486,0.619258314899298,0.568826442272941,0.582330158320808,0.583935864726138
6,1.69,0.636128818579922,0.602667649177325,0.60735612153761,0.556132362874897,0.570070897899776,0.57162448112266
6,1.7,0.625013283206541,0.589901164657554,0.595314590278601,0.543295517831355,0.557683394465856,0.55918347153831
6,1.71,0.613803878055696,0.576995361137601,0.583136577209806,0.530318420824019,0.545170435618704,0.546615585644182
6,1.72,0.602500940313985,0.563952990509852,0.570824985900929,0.517203631831732,0.532534837134844,0.533923599134709
6,1.73,0.591104631365484,0.550776849265722,0.558382766875517,0.503953759108172,0.519779442331737,0.521110313205289
6,1.74,0.579614936030616,0.53746977866097,0.545812917048027,0.490571461070966,0.506907121425821,0.508178554038269
6,1.75,0.568031662160866,0.524034664916802,0.533118479131017,0.477059448083781,0.493920770884658,0.495131172297035
6,1.76,0.556354440575949,0.510474439458719,0.520302541017216,0.463420484115368,0.480823312773346,0.481971042627996
6,1.77,0.544582725331163,0.496792079194344,0.507368235141182,0.449657388262229,0.467617694095351,0.468701063170192
6,1.78,0.532715794304111,0.482990606830753,0.494318737825175,0.435773036124435,0.454306886127881,0.45532415507228
6,1.79,0.520752750091827,0.469073091231039,0.481157268613638,0.421770361027102,0.440893883751967,0.441843262016666
6,1.8,0.508692521211474,0.455042647809036,0.467887089600442,0.407652355083194,0.4273817047774,0.428261349750521
6,1.81,0.496533863600276,0.440902438960226,0.45451150475268,0.393422070096451,0.413773389262641,0.414581405623479
6,1.82,0.484275362413185,0.426655674526032,0.4410338592344,0.379082618306459,0.40007199882988,0.400806438131791
6,1.83,0.47191543411984,0.412305612287702,0.427457538733158,0.364637172981064,0.386280615975367,0.386939476468748
6,1.84,0.459452328905875,0.397855558485117,0.413785968791735,0.350088968864425,0.372402343375152,0.372983570081217
6,1.85,0.446884133387299,0.383308868354828,0.400022614146715,0.335441302492023,0.358440303186392,0.358941788232137
6,1.86,0.434208773650724,0.368668946680682,0.386170978074957,0.320697532386793,0.34439763634435,0.344817219568857
6,1.87,0.42142401863655,0.353939248349348,0.372234601748207,0.305861079153238,0.330277501855229,0.330612971697245
6,1.88,0.408527483886789,0.339123278902036,0.358217063595314,0.290935425488806,0.316083076084982,0.316332170761499
6,1.89,0.395516635684163,0.324224595072622,0.344121978670594,0.27592411613403,0.301817552044232,0.30197796102963
6,1.9,0.382388795614282,0.309246805301294,0.329952998025963,0.260830757784804,0.28748413866944,0.287553504484629
6,1.91,0.369141145588203,0.294193570211709,0.315713808083431,0.245659018991718,0.273086060100465,0.273061980421344
6,1.92,0.355770733368476,0.279068603038447,0.301408130003485,0.230412630072585,0.258626554954654,0.258506585049116
6,1.93,0.342274478647806,0.26387566999036,0.287039719043721,0.215095383065067,0.244108875597589,0.243890531100256
6,1.94,0.328649179735852,0.248618590534088,0.272612363900905,0.199711131746647,0.229536287410661,0.229217047444458
6,1.95,0.314891520916249,0.233301237580709,0.258129886028321,0.184263791749135,0.214912068055587,0.214489378709243
6,1.96,0.300998080542833,0.217927537557034,0.243596138918955,0.168757340794202,0.200239506736039,0.199710784906547
6,1.97,0.286965339951109,0.202501470341608,0.229015007343624,0.153195819075391,0.185521903456529,0.184884541065537
6,1.98,0.27278969326829,0.187027069043852,0.214390406531677,0.137583329810265,0.170762568278702,0.170013936871729
6,1.99,0.258467458212647,0.171508419603162,0.199726281280378,0.121924039984107,0.155964820575215,0.155102276312433
6,2,0.243994887980426,0.155949660182977,0.185026604977437,0.106222181303617,0.141131988281363,0.140152877328482
6,2.01,0.229368184326109,0.140354980333028,0.170295378519551,0.0904820513754858,0.126267407144619,0.125169071472129
6,2.02,0.214583511949249,0.124728619890996,0.155536629108111,0.0747080151203814,0.111374419972299,0.110154203570876
6,2.03,0.199637014308346,0.109074867592862,0.140754408901511,0.0589045064278843,0.0964563758775453,0.0951116313968191
6,2.04,0.184524830989183,0.0933980593590892,0.125952793501804,0.0430760300520575,0.0815166295238031,0.0800447253409772
6,2.05,0.169243116761409,0.077702576221765,0.111135880251756,0.0272271637407653,0.0665585403680785,0.0649568680917459
6,2.06,0.153788062462931,0.0619928418556549,0.0963077863166861,0.0113625605843349,0.0515854719031461,0.0498514543164288
6,2.07,0.138155917856377,0.0462733196741282,0.0814726465239693,-0.0045130484391029,0.0366007908990083,0.0347318903443971
6,2.08,0.12234301660549,0.0305485094489441,0.0666346109316309,-0.0203948517535135,0.0216078666438776,0.0196015938500699
6,2.09,0.106345803521294,0.0148229434111445,0.0517978420962576,-0.0362779543521171,0.00661007018490497,0.00446399353344997
6,2.1,0.0901608642279381,-0.000898818211186087,0.036966512009476,-0.0521573748947987,-0.00838922643092162,-0.0106774712046028
6,2.11,0.0737849573958974,-0.0166121922636163,0.0221447986716102,-0.0680280428007098,-0.0233866509155112,-0.0258193505957292
6,2.12,0.0572150496851425,-0.0323125783904019,0.00733688227090615,-0.0838847954136624,-0.0383788314975616,-0.0409581848501491
6,2.13,0.040448353532486,-0.0479953654596144,-0.00745305906299529,-0.0997223753315023,-0.0533623976793631,-0.0560905045202255
6,2.14,0.0234823679050496,-0.0636559387331185,-0.0222208539617468,-0.115535428004769,-0.0683339809919988,-0.0712128308871688
6,2.15,0.00631492212497227,-0.0792896878240642,-0.0369623430058972,-0.13131849972477,-0.083290215748668,-0.0863216763773124
6,2.16,-0.0110557771514858,-0.0948920154811561,-0.0516733844236312,-0.14706603613623,-0.0982277397955722,-0.101413545015415
6,2.17,-0.0286310957451344,-0.110458347233962,-0.0663498603233356,-0.162772381424985,-0.113143195260065,-0.116484932923325
6,2.18,-0.0464119185344186,-0.125984141926657,-0.0809876834779807,-0.178431778346199,-0.128033229295488,-0.131532328873394
6,2.19,-0.0643985928260938,-0.141464903158566,-0.0955828046733111,-0.19403836927314,-0.142894494822372,-0.146552214906974
6,2.2,-0.0825908685863178,-0.156896191638315,-0.1101312206244,-0.209586198460053,-0.157723651265431,-0.161541067029308
6,2.21,-0.100987835660585,-0.172273638444102,-0.124628982456087,-0.225069215724707,-0.172517365286045,-0.176495355992984
6,2.22,-0.119587858178104,-0.1875929591651,-0.139072204732112,-0.240481281765986,-0.187272311509693,-0.191411548182926
6,2.23,-0.138388506412851,-0.20284996887825,-0.153457075005221,-0.255816175338952,-0.201985173248068,-0.206286106616471
6,2.24,-0.157386486459843,-0.218040597890181,-0.167779863846155,-0.271067602513052,-0.216652643215454,-0.221115492072487
6,2.25,-0.176577568181146,-0.233160908145889,-0.182036935293235,-0.286229208237956,-0.231271424239151,-0.235896164363587
6,2.26,-0.195956511981507,-0.248207110173716,-0.19622475764617,-0.301294590434723,-0.245838229963706,-0.25062458376527
6,2.27,-0.215516995087686,-0.263175580400535,-0.21033991450807,-0.316257316816744,-0.26034978554888,-0.265297212615131
6,2.28,-0.235251538127531,-0.278062878631792,-0.224379115958438,-0.331110944624037,-0.274802828361303,-0.279910517094222
6,2.29,-0.255151432933345,-0.292865765448938,-0.238339209717665,-0.345849043425108,-0.289194108659994,-0.294460969200873
6,2.3,-0.275206672627162,-0.307581219232322,-0.252217192140563,-0.3604652211016,-0.303520390275936,-0.308945048925128
6,2.31,-0.295405885181105,-0.322206452471919,-0.266010218853429,-0.374953153081669,-0.317778451286165,-0.323359246628975
6,2.32,-0.315736271781153,-0.336738926982605,-0.279715614826645,-0.389306614827651,-0.331965084682883,-0.337700065634028
6,2.33,-0.336183551454517,-0.351176367596742,-0.293330883653871,-0.403519517511822,-0.346077099038319,-0.351964025014117
6,2.34,-0.356731913545719,-0.365516773866601,-0.30685371579031,-0.417585946730797,-0.360111319166216,-0.366147662585375
6,2.35,-0.377363979740912,-0.379758429274963,-0.320281995487583,-0.431500204014819,-0.374064586780892,-0.380247538081028
6,2.36,-0.398060777439861,-0.393899907426745,-0.333613806152529,-0.445256850783707,-0.387933761155076,-0.394260236492155
6,2.37,-0.418801726356618,-0.40794007468066,-0.346847433853118,-0.458850754288138,-0.401715719777663,-0.408182371549439
6,2.38,-0.439564640289288,-0.421878088680752,-0.359981368697802,-0.472277134955507,-0.41540735901276,-0.422010589314357
6,2.39,-0.460325746032874,-0.435713392266348,-0.373014303826475,-0.485531614436642,-0.429005594761248,-0.435741571841756
6,2.4,-0.481059721413686,-0.449445702278559,-0.385945131772642,-0.49861026352713,-0.442507363126285,-0.449372040869199
6,2.41,-0.501739754396135,-0.463074992844722,-0.398772937988652,-0.511509649019205,-0.455909621083874,-0.462898761482382
6,2.42,-0.522337625150237,-0.476601472811402,-0.411496991369342,-0.524226878432485,-0.469209347159774,-0.476318545700138
6,2.43,-0.542823812868081,-0.4900255571133,-0.424116731664659,-0.536759641479987,-0.482403542113672,-0.489628255917523
6,2.44,-0.563167628976934,-0.503347832010314,-0.436631753738463,-0.549106247056324,-0.495489229631596,-0.502824808141102
6,2.45,-0.583337378211826,-0.516569014297308,-0.449041788708087,-0.561265654494058,-0.508463457027186,-0.515905174947091
6,2.46,-0.603300548776346,-0.52968990478894,-0.461346682085952,-0.57323749782865,-0.5213232959525,-0.528866388090328
6,2.47,-0.623024032529551,-0.54271133660113,-0.473546369138474,-0.5850221018482,-0.534065843118739,-0.541705540690379
6,2.48,-0.64247437577911,-0.555634118985908,-0.485640847775846,-0.596620488786618,-0.546688221027368,-0.554419788920161
6,2.49,-0.661618060821764,-0.568458977719552,-0.497630149385364,-0.608034374652113,-0.559187578712045,-0.567006353122594
6,2.5,-0.680421817833054,-0.581186493285219,-0.509514308116555,-0.619266154369143,-0.571561092491931,-0.579462518281786
6,2.51,-0.698852966045472,-0.593817038318752,-0.521293329213416,-0.63031887515141,-0.583805966737111,-0.59178563377756
6,2.52,-0.716879782339557,-0.606350715985936,-0.532967157062193,-0.641196197813279,-0.595919434647126,-0.603973112355907
6,2.53,-0.734471894374866,-0.618787301115647,-0.544535643676693,-0.651902346061183,-0.607898759043877,-0.616022428254041
6,2.54,-0.751600694175761,-0.631126186009286,-0.555998518371459,-0.662442044175445,-0.619741233180329,-0.627931114427858
6,2.55,-0.768239766633166,-0.643366332865538,-0.567355359371348,-0.672820443882813,-0.63144418156645,-0.639696758843216
6,2.56,-0.784365325671632,-0.655506234684655,-0.57860556806991,-0.683043041613196,-0.643004960813497,-0.651316999811951
6,2.57,-0.799956648864407,-0.667543886334162,-0.589748346576249,-0.693115587709159,-0.65442096049683,-0.662789520380764
6,2.58,-0.814996499092079,-0.679476767158718,-0.600782679080538,-0.703043989489241,-0.665689604035913,-0.674112041817814
6,2.59,-0.829471519510985,-0.691301836098071,-0.61170731742491,-0.712834210329766,-0.676808349587587,-0.685282316289529
6,2.6,-0.843372585761263,-0.703015539745503,-0.622520771095392,-0.722492167098775,-0.687774690945115,-0.696298118879506
6,2.61,-0.856695097206044,-0.714613833154059,-0.633221301661955,-0.732023628326792,-0.698586158430897,-0.707157239172005
6,2.62,-0.869439187334242,-0.726092212513031,-0.643806921501534,-0.741434115416154,-0.709240319764958,-0.717857472701899
6,2.63,-0.881609832636934,-0.737445758122461,-0.654275396460014,-0.750728808967455,-0.719734780885185,-0.728396612656106
6,2.64,-0.893216839699699,-0.748669185453989,-0.664624251962533,-0.759912461946915,-0.730067186689007,-0.738772442290517
6,2.65,-0.904274692386742,-0.75975690157904,-0.674850781985781,-0.76898932095863,-0.740235221661302,-0.74898272858979
6,2.66,-0.914802245245571,-0.770703063951581,-0.684952060276887,-0.777963056366409,-0.750236610350674,-0.759025217731211
6,2.67,-0.924822255943392,-0.781501638526956,-0.694924953250753,-0.786836701495317,-0.760069117658121,-0.768897632901918
6,2.68,-0.934360758758259,-0.79214645453378,-0.704766134121459,-0.795612600709403,-0.769730548909449,-0.778597674945793
6,2.69,-0.943446292665654,-0.802631253906736,-0.714472098012151,-0.80429236588837,-0.779218749697733,-0.788123026170005
6,2.7,-0.952109010731507,-0.8129497343949,-0.724039178016984,-0.812876840778221,-0.788531605504329,-0.797471357416825
6,2.71,-0.960379711192612,-0.823095586578216,-0.73346356242202,-0.821366072905395,-0.79766704113644,-0.806640338211209
6,2.72,-0.968288843123926,-0.833062526285353,-0.74274131348511,-0.829759293208646,-0.806623020052296,-0.815627649451372
6,2.73,-0.975865548921866,-0.842844324990319,-0.751868388282398,-0.83805490418675,-0.815397543677561,-0.824430997758768
6,2.74,-0.983136809801978,-0.852434841436137,-0.760840662113717,-0.846250478050577,-0.823988650840896,-0.833048130301947
6,2.75,-0.990126757210157,-0.861828057783354,-0.769653954800835,-0.854342766927073,-0.832394417465174,-0.841476848722037
6,2.76,-0.996856201342275,-0.871018122885753,-0.778304059917658,-0.862327727398303,-0.840612956636051,-0.849715020779198
6,2.77,-1.00334240801712,-0.879999403867999,-0.786786776596671,-0.870200561412976,-0.848642419127547,-0.857760588552516
6,2.78,-1.00959912879846,-0.888766545201722,-0.795097943125946,-0.87795577480775,-0.856480994396924,-0.86561157246372
6,2.79,-1.01563686011855,-0.897314532294496,-0.803233471168127,-0.88558725337456,-0.864126911978276,-0.873266071006976
6,2.8,-1.02146328016559,-0.905638754681351,-0.811189379178378,-0.893088354800309,-0.871578443123648,-0.880722256745088
6,2.81,-1.02708379279873,-0.913735062718839,-0.818961823531366,-0.900452013188667,-0.878833902484023,-0.887978369728783
6,2.82,-1.03250210010183,-0.921599811593355,-0.826547126005159,-0.907670851591865,-0.885891649610109,-0.895032709859357
6,2.83,-1.03772073134919,-0.929229887598682,-0.833941796580531,-0.914737297316859,-0.892750090094042,-0.901883629741317
6,2.84,-1.04274147477,-0.936622713831711,-0.841142550924485,-0.921643694859957,-0.899407676260784,-0.908529529247109
6,2.85,-1.04756568491658,-0.943776235223021,-0.848146322347163,-0.928382412104371,-0.90586290742779,-0.914968852435143
6,2.86,-1.05219446593955,-0.95068888550839,-0.854950268375947,-0.934945936645722,-0.912114329849182,-0.921200086803761
6,2.87,-1.05662875294931,-0.957359540729478,-0.861551772341658,-0.941326960458899,-0.918160536514212,-0.927221764326747
6,2.88,-1.06086932541738,-0.963787464727618,-0.867948440523999,-0.947518452280084,-0.924000166965617,-0.933032463443955
6,2.89,-1.06491678735522,-0.969972251820653,-0.874138095488381,-0.95351371787033,-0.929631907249501,-0.938630811207407
6,2.9,-1.06877154140558,-0.97591377072844,-0.880118766296623,-0.959306448734864,-0.935054490033045,-0.944015485029889
6,2.91,-1.0724337726116,-0.981612112331725,-0.885888676303964,-0.964890760003629,-0.940266694861053,-0.949185213807375
6,2.92,-1.07590344702798,-0.987067542489562,-0.891446229258248,-0.970261218185624,-0.945267348489129,-0.954138778454336
6,2.93,-1.07918032331603,-0.992280460196519,-0.896789994381283,-0.975412859510273,-0.950055325231666,-0.958875012031779
6,2.94,-1.08226397257189,-0.997251360888207,-0.901918691034283,-0.980341199610985,-0.954629547284927,-0.963392799665476
6,2.95,-1.08515380177002,-1.00198080458015,-0.906831173462435,-0.985042235378362,-0.958988985011015,-0.967691078397655
6,2.96,-1.08784907770308,-1.00646938856819,-0.911526416000867,-0.989512439879379,-0.963132657186121,-0.971768837045868
6,2.97,-1.09034894986413,-1.01071772448435,-0.916003499025405,-0.993748751279063,-0.967059631222443,-0.975625116092413
6,2.98,-1.09265247175439,-1.01472641952306,-0.920261595854723,-0.997748556706236,-0.970769023372332,-0.979259007603798
6,2.99,-1.09475862058123,-1.01849606162646,-0.924299960753272,-1.00150967198166,-0.974259998919128,-0.982669655174361
6,3,-1.09666631544838,-1.02202720836725,-0.928117918139192,-1.00503031808525,-0.977531772356359,-0.985856253890004
6,3.01,-1.09837443414447,-1.02532037921765,-0.931714853061977,-1.00830909518574,-0.980583607555977,-0.988818050310574
6,3.02,-1.09988182861798,-1.02837605085571,-0.935090202978214,-1.01134495499442,-0.983414817924877,-0.991554342470549
6,3.03,-1.10118733922126,-1.03119465513809,-0.938243450820183,-1.01413717213639,-0.986024766550609,-0.99406447989754
6,3.04,-1.10228980781177,-1.03377657935983,-0.941174119322444,-1.01668531515889,-0.988412866335892,-0.9963478636477
6,3.05,-1.10318808980543,-1.03612216842416,-0.943881766546523,-1.01898921771964,-0.990578580121507,-0.998403946356618
6,3.06,-1.1038810652813,-1.03823172855676,-0.946365982523644,-1.02104895041996,-0.992521420800063,-1.00023223230388
6,3.07,-1.10436764923817,-1.04010553221726,-0.948626386920225,-1.02286479366987,-0.994240951416293,-1.00183227748946
6,3.08,-1.10464680109996,-1.04174382388511,-0.950662627619909,-1.0244372118978,-0.995736785259527,-1.00320368971974
6,3.09,-1.10471753356289,-1.0431468264254,-0.952474380109347,-1.02576682934598,-0.997008585944499,-1.00434612870114
6,3.1,-1.10457892087088,-1.04431474777166,-0.954061347551952,-1.02685440762673,-0.998056067477295,-1.00525930613945
6,3.11,-1.10423010659324,-1.04524778769601,-0.955423261433914,-1.02770082515474,-0.998878994324,-1.00594298584228
6,3.12,-1.10367031097926,-1.04594614447115,-0.956559882670419,-1.02830705851516,-0.999477181443554,-1.00639698382388
6,3.13,-1.10289883793702,-1.04641002126212,-0.957471003064465,-1.02867416578273,-0.999850494344067,-1.00662116840874
6,3.14,-1.10191508169482,-1.04663963211882,-0.95815644701908,-1.02880327176286,-0.999998849098633,-1.00661546033424
6,3.15,-1.10071853317759,-1.04663520747101,-0.958616073411634,-1.02869555509558,-0.99992221234584,-1.00637983284975
6,3.16,-1.09930878610698,-1.04639699905559,-0.958849777547974,-1.02835223713661,-0.999620601365491,-1.00591431180862
6,3.17,-1.09768554289755,-1.04592528423464,-0.958857493127989,-1.02777457249844,-0.99909408392209,-1.00521897575981
6,3.18,-1.09584862024365,-1.04522036967979,-0.958639194156652,-1.026963841147,-0.998342778481718,-1.00429395602127
6,3.19,-1.09379795455197,-1.04428259442854,-0.95819489675813,-1.02592134189123,-0.997366853930446,-1.00313943675853
6,3.2,-1.09153360705534,-1.0431123323234,-0.957524660845729,-1.02464838715953,-0.996166529642049,-1.00175565504243
6,3.21,-1.0890557686058,-1.04170999386548,-0.956628591618378,-1.02314629891026,-0.994742075772748,-1.00014290089028
6,3.22,-1.08636476444499,-1.04007602753558,-0.95550684087887,-1.021416405494,-0.993093812020006,-0.998301517338909
6,3.23,-1.08346105801306,-1.03821092060053,-0.954159608115328,-1.01946003949276,-0.991222109848906,-0.996231900399824
6,3.24,-1.08034525536664,-1.03611519951736,-0.952587141422691,-1.01727853610153,-0.989127389206576,-0.993934499173524
6,3.25,-1.07701810811338,-1.0337894299217,-0.950789738159395,-1.01487323237557,-0.986810121304763,-0.991409815750599
6,3.26,-1.07348051636542,-1.03123421631787,-0.948767745425363,-1.01224546684305,-0.984270828625717,-0.988658405189197
6,3.27,-1.06973353241337,-1.02845020154693,-0.946521560418962,-1.00939657934897,-0.981510077898515,-0.985680875731727
6,3.28,-1.06577835976476,-1.02543806593318,-0.94405163038273,-1.00632791211457,-0.978528496951645,-0.982477888105878
6,3.29,-1.06161635888128,-1.02219852650713,-0.941358452816926,-1.00304080929941,-0.975326748273505,-0.979050156498413
6,3.3,-1.05724904350158,-1.01873233587371,-0.938442575032335,-0.999536619162521,-0.971905555378379,-0.975398447372424
6,3.31,-1.05267808185904,-1.01504028121948,-0.935304593913356,-0.995816694540696,-0.968265695380091,-0.971523579641074
6,3.32,-1.04790530168213,-1.01112318338703,-0.931945155906586,-0.991882392614379,-0.964407962444542,-0.967426426258684
6,3.33,-1.04293267437954,-1.00698189555033,-0.928364955564167,-0.987735080527781,-0.960333260640374,-0.963107909548123
6,3.34,-1.03776233230906,-1.00261730270544,-0.924564736384729,-0.983376129969258,-0.95604247517696,-0.958569007487484
6,3.35,-1.03239655118723,-0.998030320481663,-0.920545289228919,-0.978806924417589,-0.951536569122089,-0.953810748532092
6,3.36,-1.02683774311763,-0.993221894472795,-0.916307451447866,-0.974028860828115,-0.946816608390266,-0.94883420976947
6,3.37,-1.02108847877493,-0.988192999933749,-0.911852108511536,-0.969043340643718,-0.941883565624301,-0.943640528168915
6,3.38,-1.01515144116804,-0.982944640851787,-0.907180190096391,-0.963851789517444,-0.936738621150024,-0.938230882219264
6,3.39,-1.00902944939438,-0.977477850087112,-0.902292672083779,-0.958455643273453,-0.931382939842599,-0.932606505278065
6,3.4,-1.00272545558882,-0.971793688999409,-0.897190576632717,-0.952856348905584,-0.925817627923133,-0.926768688498505
6,3.41,-0.996242498245839,-0.965893247562034,-0.891874968012699,-0.947055386775448,-0.920044058412907,-0.920718758224437
6,3.42,-0.989583739584963,-0.959777644576334,-0.886346956782177,-0.941054244210589,-0.914063484546361,-0.914458102531182
6,3.43,-0.982752438267642,-0.953448027782444,-0.880607697876384,-0.934854430217724,-0.907877183325202,-0.907988160825221
6,3.44,-0.975751919018271,-0.94690557483311,-0.874658388038839,-0.928457490152342,-0.901486657890059,-0.901310407948754
6,3.45,-0.968585597661195,-0.940151493418251,-0.868500269816549,-0.921864980764224,-0.894893296875924,-0.894426380035693
6,3.46,-0.961256952361419,-0.933187022079121,-0.862134629612589,-0.91507848722661,-0.888098537874601,-0.887337661222801
6,3.47,-0.953769502629179,-0.926013431555771,-0.855562796424041,-0.908099632393463,-0.881103979895205,-0.880045873791582
6,3.48,-0.946126816377396,-0.918632025194402,-0.848786144552493,-0.900930060805481,-0.87391117684891,-0.872552695051102
6,3.49,-0.938332490154953,-0.911044140091319,-0.841806092925524,-0.893571448734747,-0.866521714701073,-0.864859850167011
6,3.5,-0.930390131188328,-0.903251148587212,-0.834624104535133,-0.886025511777909,-0.858937284881693,-0.856969105081259
6,3.51,-0.922303352026642,-0.895254459145106,-0.827241687960317,-0.878293998115628,-0.85115959602685,-0.848882273981545
6,3.52,-0.914075756953972,-0.887055517552048,-0.819660397752805,-0.870378691776737,-0.843190381751249,-0.840601217968434
6,3.53,-0.905710926656772,-0.878655808395751,-0.811881834479953,-0.862281418092889,-0.83503143968256,-0.832127840745461
6,3.54,-0.897212407257052,-0.870056856280511,-0.803907645578506,-0.854004043037561,-0.826684610583349,-0.823464090071109
6,3.55,-0.888583698479219,-0.861260227057025,-0.795739526106181,-0.845548474062863,-0.818151768505844,-0.814611958105128
6,3.56,-0.879828240772444,-0.852267529177317,-0.787379219248318,-0.836916662909732,-0.809434831793344,-0.805573479655658
6,3.57,-0.870949403463904,-0.843080414983482,-0.778828516985616,-0.828110606978856,-0.800535763034105,-0.796350731565224
6,3.58,-0.861950473469337,-0.833700581930338,-0.770089260831062,-0.819132350159123,-0.79145656438227,-0.786945832569313
6,3.59,-0.852834644105389,-0.824129773800656,-0.76116334249656,-0.80998398410143,-0.782199277845631,-0.777360942616152
6,3.6,-0.843605004331004,-0.814369781882514,-0.752052704538244,-0.800667649344924,-0.772765986080128,-0.767598262133651
6,3.61,-0.834264528551363,-0.804422446082025,-0.742759341001304,-0.791185536060211,-0.763158811517621,-0.75766003148055
6,3.62,-0.824816066926233,-0.794289655976006,-0.733285298031316,-0.781539884614925,-0.753379915561544,-0.747548530386492
6,3.63,-0.815262336199263,-0.783973351803729,-0.723632674437708,-0.771732985980417,-0.743431498240573,-0.737266077338761
6,3.64,-0.805605911094786,-0.773475525389828,-0.713803622209005,-0.761767181897785,-0.733315797793264,-0.726815028978052
6,3.65,-0.795849216298701,-0.762798220994427,-0.703800346973875,-0.751644864789046,-0.723035090124953,-0.716197779510009
6,3.66,-0.785994519027558,-0.751943536089733,-0.69362510839988,-0.741368477423349,-0.712591688275947,-0.705416760115913
6,3.67,-0.77604392219013,-0.740913622062445,-0.683280220524656,-0.730940512332136,-0.701987941910057,-0.694474438361798
6,3.68,-0.76599935814163,-0.729710684841851,-0.672768052015993,-0.720363510965071,-0.691226236790567,-0.683373317610272
6,3.69,-0.755862583024664,-0.718336985454685,-0.662091026357792,-0.709640062585837,-0.680308994241575,-0.672115936435186
6,3.7,-0.745635171686346,-0.706794840508815,-0.651251621959823,-0.698772802910573,-0.669238670602277,-0.660704868038117
6,3.71,-0.735318513157359,-0.695086622608574,-0.640252372190256,-0.687764412493307,-0.658017756674919,-0.649142719666372
6,3.72,-0.724913806675409,-0.683214760705241,-0.629095865331032,-0.676617614864979,-0.646648777165159,-0.63743213203247
6,3.73,-0.714422058232612,-0.671181740386834,-0.617784744457039,-0.665335174435169,-0.635134290114646,-0.625575778734865
6,3.74,-0.703844077624043,-0.658990104111913,-0.606321707240939,-0.653919894167953,-0.623476886326323,-0.613576365679502
6,3.75,-0.693180475972922,-0.646642451392573,-0.59470950568633,-0.642374613045151,-0.611679188782552,-0.601436630501842
6,3.76,-0.682431663706677,-0.634141438932117,-0.582950945792666,-0.630702203332001,-0.599743852056245,-0.589159341989015
6,3.77,-0.671597848957419,-0.621489780723211,-0.571048887156026,-0.618905567661684,-0.587673561715055,-0.576747299501701
6,3.78,-0.660679036360219,-0.608690248112467,-0.559006242510368,-0.606987635956324,-0.575471033718792,-0.564203332395374
6,3.79,-0.649675026222829,-0.595745669837479,-0.546825977214403,-0.59495136220288,-0.563139013810187,-0.551530299440589
6,3.8,-0.638585414041357,-0.582658932042333,-0.534511108689568,-0.582799721102942,-0.550680276899164,-0.538731088241947
6,3.81,-0.627409590337603,-0.569432978277482,-0.522064705814855,-0.570535704615619,-0.538097626440712,-0.525808614655497
6,3.82,-0.616146740795506,-0.556070809489715,-0.509489888284401,-0.558162318412639,-0.525393893806537,-0.512765822204306
6,3.83,-0.604795846676241,-0.542575484007609,-0.496789825933822,-0.545682578264387,-0.512571937650584,-0.49960568149203
6,3.84,-0.593355685494055,-0.528950117527538,-0.483967738041187,-0.533099506374944,-0.499634643268605,-0.486331189614346
6,3.85,-0.581824831937839,-0.515197883104789,-0.471026892608415,-0.520416127683223,-0.486584921951869,-0.472945369568182
6,3.86,-0.570201659026691,-0.501322011153823,-0.457970605628582,-0.507635466146139,-0.473425710335202,-0.459451269658744
6,3.87,-0.558484339491441,-0.48732578946105,-0.444802240344292,-0.494760541018314,-0.460159969739438,-0.445851962904429
6,3.88,-0.546670847378049,-0.473212563212753,-0.431525206501778,-0.481794363141228,-0.446790685508446,-0.432150546439757
6,3.89,-0.534758959873189,-0.45898573503996,-0.418142959604848,-0.468739931252996,-0.433320866340896,-0.418350140916567
6,3.9,-0.52274625935702,-0.444648765081131,-0.404659000172123,-0.455600228328021,-0.419753543616831,-0.404453889903794
6,3.91,-0.51063013569321,-0.430205171062475,-0.391076873000218,-0.442378217953858,-0.406091770719275,-0.390464959286208
6,3.92,-0.498407788771696,-0.415658528394557,-0.377400166434688,-0.429076840750582,-0.392338622350915,-0.376386536662628
6,3.93,-0.486076231325417,-0.401012470282587,-0.363632511649515,-0.415699010835966,-0.378497193846098,-0.362221830744166
6,3.94,-0.473632292048433,-0.386270687846366,-0.349777581934895,-0.402247612337741,-0.364570600478161,-0.347974070753172
6,3.95,-0.461072619049355,-0.371436930244317,-0.335839091991803,-0.388725495952386,-0.350561976762356,-0.333646505823624
6,3.96,-0.448393683680939,-0.356515004794339,-0.321820797230583,-0.375135475548036,-0.336474475754363,-0.319242404403838
6,3.97,-0.435591784794052,-0.341508777082349,-0.307726493069278,-0.361480324807555,-0.322311268344647,-0.304765053662369
6,3.98,-0.422663053471935,-0.326422171047349,-0.293560014225945,-0.34776277390639,-0.308075542548666,-0.290217758898201
6,3.99,-0.409603458308939,-0.311259169029621,-0.279325233997438,-0.333985506218718,-0.293770502793161,-0.275603842956251
6,4,-0.396408811306466,-0.296023811766214,-0.265026063515369,-0.320151155044572,-0.279399369198511,-0.26092664564943
6,4.01,-0.383074774467968,-0.280720198315255,-0.250666450967965,-0.306262300350217,-0.264965376857391,-0.246189523188482
6,4.02,-0.369596867184331,-0.265352485887718,-0.236250380774461,-0.292321465514014,-0.250471775109724,-0.231395847620949
6,4.03,-0.355970474510869,-0.249924889562173,-0.221781872696433,-0.278331114070463,-0.235921826814059,-0.216549006280638
6,4.04,-0.342190856447483,-0.234441681854664,-0.207264980868087,-0.264293646446162,-0.221318807615474,-0.201652401248996
6,4.05,-0.328253158344134,-0.218907192112231,-0.19270379272502,-0.250211396682951,-0.206666005210008,-0.186709448829907
6,4.06,-0.314152422564717,-0.203325805694731,-0.178102427808354,-0.236086629145852,-0.19196671860574,-0.171723579039293
6,4.07,-0.299883601553482,-0.187701962905425,-0.163465036418367,-0.221921535216332,-0.177224257380505,-0.156698235111047
6,4.08,-0.285441572459317,-0.172040157626497,-0.148795798088959,-0.207718229975262,-0.162441940936312,-0.141636873020637
6,4.09,-0.270821153484223,-0.156344935611023,-0.13409891985134,-0.193478748884533,-0.147623097750444,-0.12654296102773
6,4.1,-0.256017122133109,-0.140620892378189,-0.119378634252462,-0.179205044481912,-0.132771064623256,-0.111419979239
6,4.11,-0.241024235552213,-0.124872670653641,-0.104639197090785,-0.164898983110213,-0.117889185922638,-0.0962714191921463
6,4.12,-0.225837253152889,-0.109104957291972,-0.0898848848291332,-0.150562341709527,-0.102980812825098,-0.0811007834618477
6,4.13,-0.210450961725669,-0.0933224796134058,-0.0751199916417697,-0.13619680470988,-0.0880493025534797,-0.0659115852881118
6,4.14,-0.194860203256144,-0.0775300010820733,-0.0603488260503621,-0.121803961071542,-0.0730980176111133,-0.0507073482270768
6,4.15,-0.179059905658659,-0.0617323162488974,-0.0455757071014363,-0.107385301531184,-0.0581303250124985,-0.0354916058237647
6,4.16,-0.163045116645677,-0.0459342448782135,-0.0308049600363417,-0.092942216124161,-0.0431495955102785,-0.0202679013057766
6,4.17,-0.146811040949114,-0.0301406251741788,-0.0160409114037618,-0.0784759920664697,-0.0281592028185485,-0.00503978729611913
6,4.18,-0.130353081104359,-0.0143563060209509,-0.00128788356462508,-0.063987812094129,-0.0131625228322939,0.0101891744574384
6,4.19,-0.113666881997171,0.001413861850091,0.0134498114599106,-0.0494787533729976,0.00183706715700703,0.0254154133401238
6,4.2,-0.0967483793573313,0.0171650358517521,0.0281678788447109,-0.0349497871079116,0.0168361892497589,0.0406353501197706
6,4.21,-0.0795938523597768,0.0328923927734938,0.0428620485650186,-0.0204017789965066,0.0318314657305646,0.0558453971943521
6,4.22,-0.0621999804629318,0.0485911413314883,0.0575280837876238,-0.00583549068968304,0.0468195198645517,0.0710419588449225
6,4.23,-0.0445639045740508,0.0642565361036379,0.0721617900804524,0.00874841756289874,0.0617969766975414,0.0862214315030855
6,4.24,-0.0266832925813688,0.0798838929039886,0.0867590254628192,0.0233493828883157,0.0767604638600376,0.101380204043808
6,4.25,-0.00855640923176951,0.0954686056335797,0.101315711306732,0.0379669341785743,0.0917066123747015,0.116514658116304
6,4.26,0.00981780974056015,0.111006164622312,0.115827844084974,0.0526006846711475,0.106632057467087,0.131621168527581
6,4.27,0.0284396794152612,0.126492176448257,0.130291507944022,0.0672503224923236,0.12153343937908,0.1466961036953
6,4.28,0.0473086836974308,0.141922385186353,0.144702888058974,0.0819155989288504,0.136407404184513,0.161735826188498
6,4.29,0.0664233899345094,0.157292694997167,0.159058284703416,0.0965963141933627,0.151250604606114,0.176736693376621
6,4.3,0.0857813606614117,0.172599193917905,0.173354127939552,0.111292300455695,0.16605970083287,0.191695058208958
6,4.31,0.105379063138912,0.187838178661917,0.187586992802959,0.126003401926345,0.180831361336587,0.206607270147991
6,4.32,0.125211777505203,0.203006180169692,0.201753614822269,0.140729451801868,0.195562263686301,0.221469676281064
6,4.33,0.145273504526856,0.218099989583953,0.215850905677337,0.155470245915808,0.210249095358857,0.236278622635214
6,4.34,0.165556874110858,0.233116684244898,0.229875968760466,0.170225512984725,0.224888554543876,0.251030455719641
6,4.35,0.186053055921193,0.248053653219922,0.243826114365016,0.184994881397661,0.23947735094098,0.265721524319123
6,4.36,0.206751673627771,0.262908621797171,0.257698874185079,0.199777842570476,0.254012206547072,0.280348181559429
6,4.37,0.227640724498128,0.277679674286334,0.271492014770344,0.214573710974117,0.268489856431204,0.29490678726247
6,4.38,0.248706506218237,0.292365274386164,0.285203549543097,0.229381581048577,0.282907049494468,0.309393710604251
6,4.39,0.269933552992312,0.306964282299948,0.298831748951563,0.244200281331594,0.297260549212397,0.323805333082712
6,4.4,0.291304583117051,0.321475967711881,0.31237514830727,0.259028326261881,0.311547134357142,0.338138051795299
6,4.41,0.312800460347215,0.335900017683728,0.325832552836085,0.273863866259382,0.32576359969707,0.352388283017349
6,4.42,0.334400171461112,0.350236538497676,0.339203039465183,0.288704636836581,0.339906756671364,0.36655246606264
6,4.43,0.356080822491169,0.364486050463328,0.352485954873859,0.303547907651983,0.353973434037733,0.3806270673965
6,4.44,0.377817656101693,0.378649474730029,0.36568090935675,0.318390432574507,0.36796047849153,0.394608584960344
6,4.45,0.399584092569522,0.392728111205391,0.378787766085803,0.333228401980399,0.381864755255257,0.408493552654397
6,4.46,0.421351796750949,0.406723606781931,0.391806625413696,0.348057398645506,0.395683148637903,0.422278544913378
6,4.47,0.443090773298244,0.420637913219919,0.40473780393749,0.362872358718234,0.409412562564371,0.435960181298191
6,4.48,0.464769492220236,0.43447323422861,0.417581808137698,0.377667539354135,0.423049921075832,0.449535131015893
6,4.49,0.486355046662576,0.448231961531173,0.430339302524262,0.392436494653631,0.436592168802848,0.463000117270485
6,4.5,0.507813344512337,0.461916599989962,0.443011072356314,0.407172061561278,0.450036271413709,0.476351921339087
6,4.51,0.529109335104312,0.475529682205699,0.455597981155048,0.421866357350293,0.463379216041483,0.489587386261625
6,4.52,0.550207271914642,0.489073673381557,0.468100923395714,0.436510790221884,0.47661801169388,0.502703420027913
6,4.53,0.571071011658011,0.502550867653903,0.480520772942042,0.451096084388992,0.489749689651092,0.515696998143514
6,4.54,0.591664349636938,0.515963277526049,0.492858327969669,0.465612320782615,0.502771303857366,0.528565165455425
6,4.55,0.611951390497087,0.52931251848832,0.505114253309023,0.480048994212719,0.515679931313093,0.541305037120169
6,4.56,0.631896952682742,0.542599691353307,0.517289021316601,0.494395087432755,0.528472672474916,0.553913798600555
6,4.57,0.651467003815491,0.555825265263927,0.529382852549955,0.50863916209803,0.541146651672403,0.566388704583494
6,4.58,0.670629122884019,0.568988964726495,0.541395657668906,0.522769466076741,0.553699017550753,0.578727076720654
6,4.59,0.689352983480376,0.582089664362078,0.553326982106058,0.53677405597515,0.566126943550154,0.590926300107678
6,4.6,0.707610850302433,0.595125295335965,0.565175955135814,0.550640933085378,0.578427628433481,0.602983818438371
6,4.61,0.725378078738166,0.608092767593715,0.576941245015054,0.564358190270566,0.590598296875095,0.614897127800401
6,4.62,0.742633604567674,0.620987912077649,0.5886210218625,0.577914166588033,0.60263620012421,0.626663769122367
6,4.63,0.759360407736145,0.633805446992205,0.600212929880002,0.591297605743848,0.614538616756461,0.638281319342411
6,4.64,0.775545930923066,0.646538971901178,0.611714070390209,0.604497813807255,0.626302853526434,0.649747381449805
6,4.65,0.791182430528271,0.659180992944665,0.623120996965066,0.617504811035474,0.637926246331314,0.661059573655727
6,4.66,0.806267235113086,0.671722981730206,0.634429723643158,0.630309472224008,0.649406161291225,0.672215518077647
6,4.67,0.820802884812871,0.68415546945724,0.64563574687829,0.642903649770026,0.660739995944151,0.683212829469244
6,4.68,0.834797125435488,0.696468176561851,0.656734081427317,0.655280273690128,0.671925180542844,0.694049104683463
6,4.69,0.848262733609353,0.708650176620214,0.66771930987751,0.667433423244799,0.682959179427249,0.704721913701558
6,4.7,0.861217155146251,0.720690091447568,0.678585644944743,0.679358365658946,0.693839492430171,0.715228793167636
6,4.71,0.873681948258629,0.732576312329642,0.689327003064487,0.691051558738719,0.704563656257409,0.725567243400669
6,4.72,0.885682036558764,0.744297240221164,0.699937087179741,0.702510615976287,0.715129245769716,0.735734729774354
6,4.73,0.897244793405089,0.755841535685713,0.710409476046963,0.713734234951453,0.725533875085993,0.745728689123562
6,4.74,0.908398997888129,0.767198367530403,0.720737716886839,0.724722092345601,0.73577519842987,0.755546541433259
6,4.75,0.919173721408778,0.778357647754413,0.730915417862009,0.735474711450818,0.745850910658187,0.765185706499428
6,4.76,0.929597219434795,0.789310239862134,0.740936336728127,0.745993310371368,0.755758747442031,0.774643624570401
6,4.77,0.939695912214014,0.80004812806745,0.750794462124253,0.756279640809721,0.765496485116425,0.783917779277901
6,4.78,0.949493537750075,0.810564536656035,0.760484084364082,0.766335828048738,0.775061940267799,0.793005720588313
6,4.79,0.959010548038582,0.820853991867175,0.769999853243083,0.776164222224921,0.784452969177682,0.801905085204194
6,4.8,0.968263795214311,0.830912322986558,0.779336821228058,0.785767269164434,0.793667467274132,0.810613611960333
6,4.81,0.977266520300044,0.840736604521871,0.788490471347587,0.795147406113672,0.802703368746709,0.819129150354506
6,4.82,0.986028618820901,0.85032504670944,0.797456730038299,0.804306984104645,0.811558646450309,0.827449661382238
6,4.83,0.994557121785059,0.859676846326665,0.806231966014742,0.813248215124393,0.820231312160678,0.835573211127364
6,4.84,1.00285680497378,0.868792012993631,0.814812976845341,0.821973139433559,0.828719417164323,0.843497958809277
6,4.85,1.01093082999163,0.877671187178267,0.823196965308595,0.830483606878306,0.83702105308967,0.851222141883519
6,4.86,1.01878132931786,0.886315464745319,0.831381507793515,0.838781266098411,0.84513435283816,0.858744061085365
6,4.87,1.0264098721857,0.894726239441322,0.839364517043837,0.846867556952131,0.853057491468789,0.866062067914405
6,4.88,1.03381778175005,0.902905070030326,0.847144201472872,0.854743703671182,0.860788686927804,0.873174556113713
6,4.89,1.04100630768159,0.910853574014273,0.854719023119285,0.862410708459774,0.868326200580969,0.880079957509958
6,4.9,1.04797668372677,0.918573346045891,0.862087656075117,0.869869346788411,0.875668337572943,0.886776741526098
6,4.91,1.05473011199139,0.926065896927432,0.869248946891959,0.877120166165845,0.882813447082369,0.89326341705152
6,4.92,1.06126771458971,0.933332608566785,0.8762018780741,0.884163489779479,0.889759922549962,0.899538535261255
6,4.93,1.06759048284367,0.940374700997128,0.882945535344227,0.890999425472831,0.896506201935267,0.905600692311482
6,4.94,1.07369924035833,0.947193208857202,0.889479078983966,0.897627879569421,0.903050768022584,0.911448531365298
6,4.95,1.07959462430786,0.953788965928512,0.895801719266818,0.904048574415031,0.909392148766885,0.917080743876682
6,4.96,1.08527708195885,0.960162597061476,0.90191269583839,0.910261068308702,0.915528917656782,0.922496070337462
6,4.97,1.09074687693755,0.966314517047728,0.907811260838626,0.916264776627998,0.921459694073423,0.927693300758655
6,4.98,1.0960041003818,0.972244935880824,0.913496665556162,0.922058993237243,0.927183143633575,0.93267127509079
6,4.99,1.10104868393361,0.977953869617891,0.918968150409053,0.927642911541284,0.932697978514357,0.937428883683614
6,5,1.10588041316474,0.983441155870043,0.924224938032827,0.933015644741508,0.938002957761672,0.941965067806293
7,0,0,0,0,0,0,0
7,0.01,0,0,0,0,0,0
7,0.02,0,0,0,0,0,0
7,0.03,0,0,0,0,0,0
7,0.04,0,0,0,0,0,0
7,0.05,0,0,0,0,0,0
7,0.06,0,0,0,0,0,0
7,0.07,0,0,0,0,0,0
7,0.08,0,0,0,0,0,0
7,0.09,0,0,0,0,0,0
7,0.1,0,0,0,0,0,0
7,0.11,0,0,0,0,0,0
7,0.12,0,0,0,0,0,0
7,0.13,0,0,0,0,0,0
7,0.14,0,0,0,0,0,0
7,0.15,0,0,0,0,0,0
7,0.16,0,0,0,0,0,0
7,0.17,0,0,0,0,0,0
7,0.18,0,0,0,0,0,0
7,0.19,0,0,0,0,0,0
7,0.2,0,0,0,0,0,0
7,0.21,0,0,0,0,0,0
7,0.22,0,0,0,0,0,0
7,0.23,0,0,0,0,0,0
7,0.24,0,0,0,0,0,0
7,0.25,0,0,0,0,0,0
7,0.26,0,0,0,0,0,0
7,0.27,0,0,0,0,0,0
7,0.28,0,0,0,0,0,0
7,0.29,0,0,0,0,0,0
7,0.3,0,0,0,0,0,0
7,0.31,0,0,0,0,0,0
7,0.32,0,0,0,0,0,0
7,0.33,0,0,0,0,0,0
7,0.34,0,0,0,0,0,0
7,0.35,0,0,0,0,0,0
7,0.36,0,0,0,0,0,0
7,0.37,0,0,0,0,0,0
7,0.38,0,0,0,0,0,0
7,0.39,0,0,0,0,0,0
7,0.4,0,0,0,0,0,0
7,0.41,0,0,0,0,0,0
7,0.42,0,0,0,0,0,0
7,0.43,0,0,0,0,0,0
7,0.44,0,0,0,0,0,0
7,0.45,0,0,0,0,0,0
7,0.46,0,0,0,0,0,0
7,0.47,0,0,0,0,0,0
7,0.48,0,0,0,0,0,0
7,0.49,0,0,0,0,0,0
7,0.5,0,0,0,0,0,0
7,0.51,0,0,0,0,0,0
7,0.52,0,0,0,0,0,0
7,0.53,0,0,0,0,0,0
7,0.54,0,0,0,0,0,0
7,0.55,0,0,0,0,0,0
7,0.56,0,0,0,0,0,0
7,0.57,0,0,0,0,0,0
7,0.58,0,0,0,0,0,0
7,0.59,0,0,0,0,0,0
7,0.6,0,0,0,0,0,0
7,0.61,0,0,0,0,0,0
7,0.62,0,0,0,0,0,0
7,0.63,0,0,0,0,0,0
7,0.64,0,0,0,0,0,0
7,0.65,0,0,0,0,0,0
7,0.66,0,0,0,0,0,0
7,0.67,0,0,0,0,0,0
7,0.68,0,0,0,0,0,0
7,0.69,0,0,0,0,0,0
7,0.7,0,0,0,0,0,0
7,0.71,0,0,0,0,0,0
7,0.72,0,0,0,0,0,0
7,0.73,0,0,0,0,0,0
7,0.74,0,0,0,0,0,0
7,0.75,0,0,0,0,0,0
7,0.76,0,0,0,0,0,0
7,0.77,0,0,0,0,0,0
7,0.78,0,0,0,0,0,0
7,0.79,0,0,0,0,0,0
7,0.8,0,0,0,0,0,0
7,0.81,0,0,0,0,0,0
7,0.82,0,0,0,0,0,0
7,0.83,0,0,0,0,0,0
7,0.84,0,0,0,0,0,0
7,0.85,0,0,0,0,0,0
7,0.86,0,0,0,0,0,0
7,0.87,0,0,0,0,0,0
7,0.88,0,0,0,0,0,0
7,0.89,0,0,0,0,0,0
7,0.9,0,0,0,0,0,0
7,0.91,0,0,0,0,0,0
7,0.92,0,0,0,0,0,0
7,0.93,0,0,0,0,0,0
7,0.94,0,0,0,0,0,0
7,0.95,0,0,0,0,0,0
7,0.96,0,0,0,0,0,0
7,0.97,0,0,0,0,0,0
7,0.98,0,0,0,0,0,0
7,0.99,0,0,0,0,0,0
7,1,0,0,0,0,0,0
7,1.01,0.0593806182564232,-0.192427744690851,0.548163420959408,-0.52654150900505,0.195252777168244,0.629910528387174
7,1.02,0.122387463798274,-0.11585513796227,0.536799194809646,-0.546878699455245,0.402297273015497,0.994353204391938
7,1.03,0.182636967527372,-0.0295856536250507,0.507674473974256,-0.462113140172511,0.646977498621072,1.0342479728163
7,1.04,0.240747547525954,0.0570601221677744,0.481504445166646,-0.357894905184529,0.898688994156066,1.0083692102929
7,1.05,0.297252911008117,0.142555940825562,0.46175961618467,-0.255728716538848,1.14331122619476,0.999083626735577
7,1.06,0.352581433111797,0.226838316695532,0.448390834790187,-0.154330608624612,1.37086411655959,1.00228726918214
7,1.07,0.407120628016276,0.310139216690239,0.440754899927194,-0.051270323875993,1.57139055888158,1.00320141911765
7,1.08,0.461327086298037,0.392501170074932,0.438504245789454,0.054390137665806,1.73669460177345,1.00216628696823
7,1.09,0.515748937563279,0.473855547855887,0.441243060290775,0.163478971415758,1.86116741498164,1.00155869171429
7,1.1,0.570978630335527,0.554030178490995,0.448491707010538,0.275890607584027,1.94152163838919,1.00105435275545
7,1.11,0.627574480109027,0.632733286997175,0.459763604170862,0.390340679541151,1.97640358554276,1.00039745682099
7,1.12,0.685929712610519,0.70959316171829,0.474591907872435,0.504615904408588,1.9659648762098,0.999688943101291
7,1.13,0.746058163751063,0.784223973159599,0.492572726131544,0.615888958992876,1.91157190522156,0.99896933559089
7,1.14,0.807253326840129,0.856322194372561,0.513408685988373,0.721120439485939,1.81584481399577,0.998261148429627
7,1.15,0.867588337825899,0.925789571341814,0.536932182183789,0.817480119746762,1.68321061969911,0.997650975176789
7,1.16,0.923339178888004,0.992853058336874,0.563074487448579,0.902689654733862,1.52114364631366,0.997304604660331
7,1.17,0.968835894349744,1.05809631390084,0.591722372388551,0.975204166123106,1.3418372844769,0.99744581594288
7,1.18,0.998433616455026,1.12221279390145,0.622434229712869,1.03442512780305,1.16205540336587,0.998182801302706
7,1.19,1.01292228103023,1.18527927283359,0.654304235851971,1.08162906789948,0.995522763427044,0.999044555486893
7,1.2,1.02140126968185,1.24626411771224,0.686785653089761,1.11980312723156,0.843476116349414,0.999463728249195
7,1.21,1.02865905774592,1.30413193070934,0.720059173799423,1.1504313684439,0.704705698054011,0.999796306754433
7,1.22,1.03535964107004,1.35833594125605,0.754094567718894,1.1741054128832,0.580218628059613,1.00006341924985
7,1.23,1.0417633547257,1.40848270811445,0.788713045614818,1.19130468259282,0.47089573994658,1.00027042868249
7,1.24,1.04803369671267,1.4542472970336,0.823717262952075,1.20240816113996,0.377359136810548,1.00042256667155
7,1.25,1.05427694680859,1.49536109510498,0.858907746998464,1.20773396054474,0.300023872399751,1.00052643407081
7,1.26,1.06055941635941,1.53160736464624,0.894081399919908,1.20758578545332,0.239133792797056,1.00058999963392
7,1.27,1.06691743693038,1.56281772862455,0.929027692654949,1.20229685347859,0.194780524095122,1.00062122232589
7,1.28,1.07336400600365,1.58886950172795,0.963525329157523,1.19226983029027,0.166911214645772,1.00062688416011
7,1.29,1.07989366668828,1.60968445218253,0.997340077165528,1.17801178472536,0.155329876718088,1.00061198324328
7,1.3,1.08648647650069,1.62522936585823,1.03022393194672,1.16016189359374,0.159695178503075,1.00057967498547
7,1.31,1.09311165788311,1.63551838760664,1.06191562373289,1.13950828584529,0.179515802468489,1.00053170854999
7,1.32,1.09973139170014,1.64061665752775,1.09214251020786,1.11698966058517,0.214143535344473,1.0004692618632
7,1.33,1.10630508438067,1.64064430442999,1.12062403565025,1.09367749774569,0.262764160363554,1.0003939834771
7,1.34,1.11279424537791,1.63577950362543,1.14707709272284,1.07073618749267,0.324386916806648,1.00030892701207
7,1.35,1.11916782813306,1.62625919064717,1.17122365684817,1.04936158348296,0.397834693355006,1.00021898971925
7,1.36,1.12540752877567,1.61237627515624,1.19280083284161,1.03070323340101,0.481739022475198,1.000130551006
7,1.37,1.13151216238697,1.59447284948784,1.21157289390795,1.01578078896261,0.5745457610038,1.0000503105812
7,1.38,1.13749995074594,1.57292979168301,1.22734412629107,1.00540873393784,0.67453802163062,0.999983748256708
7,1.39,1.14340748752018,1.5481540256318,1.23997065385288,1.00014329750573,0.779881310409675,0.999933894955369
7,1.4,1.14928441022804,1.52056519642071,1.24936930333792,1.00026035959404,0.888691505937649,0.999900968394035
7,1.41,1.15518344208989,1.49058346798772,1.25552216535567,1.00576496184073,0.999120250900789,0.999882934200762
7,1.42,1.16114639763022,1.45861961490239,1.2584765879388,1.01642528332097,1.10944662021601,0.999876564040923
7,1.43,1.16718782101377,1.42506781596915,1.25834138949317,1.0318199038272,1.2181606797667,0.999878421525643
7,1.44,1.17327902326323,1.39030086443616,1.25528061669656,1.05138784924602,1.32402469545352,0.999885429984199
7,1.45,1.17933639676736,1.35466708920017,1.24950605235259,1.07447480974083,1.42610084932763,0.999895007404175
7,1.46,1.18521899746958,1.31848818277472,1.2412691015563,1.10037350579307,1.52373937124737,0.999904964179854
7,1.47,1.19074097141236,1.2820573091319,1.23085200409697,1.1283593544248,1.6165277013258,0.999913412275046
7,1.48,1.19570263719467,1.24563729473649,1.21855785058823,1.1577231700569,1.70421068390368,0.999918893213532
7,1.49,1.19993675899951,1.20945942338831,1.2046989023609,1.18780013454529,1.7866046305311,0.999920780870789
7,1.5,1.20335291347684,1.17372416439687,1.18958357367301,1.21798955922892,1.86353940351646,0.999919646887319
7,1.51,1.20595320915789,1.13860510537818,1.17350413991581,1.24775752420167,1.93485624605202,0.999916915696321
7,1.52,1.20780774384185,1.10425534839519,1.15672833645926,1.2766212731663,2.00045175585204,0.999913728658976
7,1.53,1.20901322615578,1.07081332546549,1.13949622615368,1.30412729462012,2.06032016775115,0.99991030325061
7,1.54,1.20966558753121,1.03840602898357,1.12202038528319,1.32983707865232,2.11456033332751,0.999906416849681
7,1.55,1.20985039866746,1.00715043314002,1.104486915474,1.35332369808356,2.16335607384377,0.999901968833062
7,1.56,1.20964115328257,0.977154315440565,1.08705653629872,1.37417604766612,2.20694909256852,0.999897165455756
7,1.57,1.20909989027091,0.948516846612953,1.0698659540831,1.3920081196656,2.24561338991738,0.999892524510557
7,1.58,1.20827851060487,0.921328976075149,1.05302966994354,1.40647161858311,2.27963384906126,0.999888806712995
7,1.59,1.20722024256981,0.895673634501471,1.03664218183946,1.41727041873346,2.30928963629471,0.999886911798345
7,1.6,1.20596103192263,0.871625807341956,1.02078040713041,1.42417538993539,2.3348422724305,0.999887761890481
7,1.61,1.20453076671209,0.849252541441468,1.00550611975349,1.42703815268681,2.35652786737456,0.999892187896859
7,1.62,1.20295430902,0.828612930845164,0.990868230609111,1.42580242908138,2.37455285752121,0.999900829912763
7,1.63,1.20125233634894,0.809758098047238,0.976904806872377,1.4205118443722,2.38909254760987,0.999914059016262
7,1.64,1.19944201046825,0.792731155075804,0.963644797876916,1.41131330172414,2.40029178052968,0.999931925157256
7,1.65,1.19753749919407,0.777567104780372,0.951109493877813,1.39845538366932,2.40826711057441,0.999954133831238
7,1.66,1.19555038060885,0.764292633385537,0.939313780445569,1.38228160701479,2.41310992484102,0.999980052528867
7,1.67,1.19348996119714,0.752925754164868,0.928267263268685,1.36321874935164,2.41489004079379,1.00000874619453
7,1.68,1.19136353967135,0.743475288367464,0.917975327967137,1.34176084780638,2.41365940601469,1.00003903885326
7,1.69,1.18917664671471,0.735940208415803,0.908440172413984,1.31844981348038,2.4094556374054,1.00006959617122
7,1.7,1.18693328722497,0.730308911115139,0.899661812744149,1.29385387431238,2.4023052546439,1.00009902132452
7,1.71,1.18463620590641,0.726558524127908,0.891639028172407,1.26854522190105,2.39222657355285,1.00012595475961
7,1.72,1.18228718966048,0.724654366849276,0.884370183619399,1.24307826940395,2.37923231314477,1.00014916788303
7,1.73,1.17988741200659,0.724549680652565,0.877853860353885,1.2179698201652,2.36333202166748,1.00016764180611
7,1.74,1.17743781675725,0.726185713312463,0.872089236049401,1.19368221522812,2.34453443587541,1.00018062486761
7,1.75,1.17493953129201,0.729492195085362,0.867076183586348,1.17061020956377,2.3228498584558,1.00018766611369
7,1.76,1.17239429454103,0.734388190804705,0.862815094542336,1.14907197285336,2.29829258486079,1.00018862529458
7,1.77,1.16980488118276,0.740783265536255,0.859306468653238,1.12930427303806,2.27088335116998,1.00018366241458
7,1.78,1.16717550108303,0.748578869914084,0.856550336216477,1.11146161984005,2.24065172609145,1.0001732110494
7,1.79,1.1645121509061,0.757669839127226,0.854545592061172,1.09561894207176,2.20763834386859,1.00015793963946
7,1.8,1.16182289243843,0.767945905297333,0.853289317464232,1.08177724830745,2.17189687412575,1.00013870426713
7,1.81,1.15911802921685,0.779293141709029,0.852776153744432,1.06987166294207,2.13349564657233,1.0001164956145
7,1.82,1.15641014997953,0.791595282680235,0.852997773124441,1.05978122029432,2.0925188863587,1.00009238231229
7,1.83,1.15371400558952,0.804734888972536,0.853942473357757,1.05133982060026,2.04906756213219,1.00006745289603
7,1.84,1.1510461876993,0.818594351330695,0.855594905724426,1.04434779084268,2.00325989638452,1.00004275897107
7,1.85,1.14842458557483,0.833056741645368,0.857935932841544,1.03858354364538,1.95523162995711,1.00001926265978
7,1.86,1.14586761537639,0.848006531551288,0.860942603570139,1.03381488677994,1.90513616266663,0.999997791609536
7,1.87,1.14339324593475,0.863330202286443,0.864588226683695,1.02980960413407,1.85314470186941,0.999979004498436
7,1.88,1.14101788585548,0.878916768328154,0.868842522293256,1.02634500574095,1.79944653173589,0.99996336898981
7,1.89,1.13875524268536,0.894658232194457,0.87367182989428,1.02321622665988,1.74424946161002,0.999951152621949
7,1.9,1.1366153034419,0.910449980863362,0.879039354165628,1.0202431357498,1.68778042296842,0.999942425606613
7,1.91,1.13460359949241,0.926191127971064,0.884905434165257,1.01727578659194,1.63028607493958,0.999937073534554
7,1.92,1.13272089102723,0.94178480280835,0.891227827699836,1.01419839476544,1.57203317656409,0.999934818009325
7,1.93,1.13096333221906,0.957138388809317,0.897962008887398,1.01093185320199,1.51330842628171,0.999935244212678
7,1.94,1.12932307408173,0.972163720408463,0.905061481083637,1.00743480346282,1.45441748289548,0.999937835580775
7,1.95,1.12778916554098,0.986777255006103,0.912478107571555,1.0037032775107,1.39568296725165,0.99994201594976
7,1.96,1.12634856520209,1.000900242013,0.9201624587007,0.999768927981453,1.33744136769608,0.999947197993753
7,1.97,1.12498709398892,1.01445891025704,0.928064168805108,0.995695886569468,1.28003889003147,0.999952834107755
7,1.98,1.12369022251106,1.02738468836873,0.936132292461285,0.991576331171379,1.22382637726817,0.999958463687613
7,1.99,1.12244365656307,1.03961446304071,0.944315649322251,0.987524896531323,1.1691534796327,0.999963750310381
7,2,1.12123373052649,1.05109087069307,0.952563149407333,0.983672123463953,1.11636229869333,0.999968503647193
7,2.01,1.12004763821031,1.06176261087453,0.960824094731381,0.980157203935381,1.06578076936891,0.999972683290878
7,2.02,1.11887353515466,1.07158476490439,0.969048457333241,0.977120338485903,1.01771607404357,0.999976384399423
7,2.03,1.11770054577451,1.08051910057401,0.977187137630808,0.9746950704605,0.972448393844347,0.999979807742556
7,2.04,1.1165187068281,1.08853434310406,0.985192210269776,0.973000988027155,0.930225287487499,0.999983218976988
7,2.05,1.11531887587409,1.09560639395395,0.993017166787369,0.972137181425787,0.891256948200426,0.999986903322573
7,2.06,1.11409262925708,1.10171848223324,1.00061716502159,0.972176805489651,0.855712529138875,0.999991121990602
7,2.07,1.11283216872956,1.10686123781005,1.00794929403292,0.973163028483088,0.823717655558037,0.999996075758034
7,2.08,1.11153024953876,1.11103268001438,1.01497286047967,0.97510655549535,0.795353167023498,1.00000187931605
7,2.09,1.11018013641198,1.11423812038151,1.02164969831519,0.977984809338305,0.770655063693234,1.00000854794356
7,2.1,1.10877558813799,1.11648998164774,1.02794449895214,0.981742746298229,0.749615573477491,1.00001599615235
7,2.11,1.10731086698069,1.11780753795253,1.03382515430995,0.986295188779015,0.732185215016342,1.00002404655503
7,2.12,1.10578076630939,1.11821658294199,1.03926310100724,0.991530479253395,0.718275705267997,1.00003244644141
7,2.13,1.10418064861454,1.11774903341984,1.04423365084066,0.997315203739481,0.707763548134114,1.00004088934853
7,2.14,1.10250648625705,1.1164424766394,1.04871629092573,1.0034996987295,0.700494138718982,1.00004903910087
7,2.15,1.10075489846123,1.11433966952839,1.05269493663657,1.00992404132791,0.696286223010308,1.00005655418397
7,2.16,1.0989231797339,1.11148799824974,1.05615812180472,1.01642422531678,0.694936561993404,1.00006311074416
7,2.17,1.09700931664491,1.1079389065794,1.05909911340251,1.02283824263398,0.696224660461325,1.00006842289552
7,2.18,1.09501199142774,1.10374730159718,1.06151594188451,1.02901181720006,0.699917433117762,1.00007225934169
7,2.19,1.09293057199758,1.09897094506751,1.06341134309781,1.03480357343762,0.705773693895086,1.00007445560629
7,2.2,1.09076508873433,1.0936698385757,1.06479261272023,1.04008946284238,0.713548369106142,1.0000749214435
7,2.21,1.08851619884466,1.08790560996342,1.06567137903534,1.04476631647967,0.722996351552106,1.00007364329286
7,2.22,1.08618513945297,1.08174090791454,1.0660633040378,1.04875443730481,0.733875931180096,1.00007068195178
7,2.23,1.0837736709109,1.07523881076813,1.0659877260153,1.05199919180672,0.745951758020624,1.00006616594703
7,2.24,1.08128401222968,1.06846225489203,1.06546725865483,1.05447160380076,0.758997314150432,1.00006028136086
7,2.25,1.07871877101534,1.06147348734273,1.06452736231361,1.05616799256896,0.772796892172593,1.00005325907516
7,2.26,1.07608087074212,1.05433354713548,1.06319590247085,1.05710873156892,0.787147096880953,1.00004536051275
7,2.27,1.07337347851815,1.04710177926311,1.06150270875107,1.05733623159805,0.801857903156791,1.0000368629677
7,2.28,1.07059993657242,1.03983538558483,1.05947914557256,1.05691227304001,0.816753315789815,1.00002804553155
7,2.29,1.06776370046155,1.03258901675391,1.05715770275183,1.05591482550998,0.831671685293983,1.0000191764583
7,2.3,1.06486828645954,1.02541440933583,1.05457161160107,1.05443450012458,0.846465737831604,1.00001050259428
7,2.31,1.06191722981438,1.0183600720529,1.05175448946622,1.05257078033396,0.861002377421488,1.00000224125984
7,2.32,1.05891405463769,1.0114710245754,1.04874001347952,1.05042817257399,0.87516231537038,0.99999457473421
7,2.33,1.05586225526069,1.00478859141006,1.04556162267713,1.04811240886028,0.888839576209415,0.999987647285338
7,2.34,1.05276528805721,0.998350252227999,1.04225224661523,1.0457268208421,0.901940922276066,0.999981564516883
7,2.35,1.04962657209277,0.992189548499405,1.03884405818774,1.04336898973525,0.914385231335531,0.999976394682213
7,2.36,1.04644949655795,0.986336044688042,1.03536824842622,1.0411277598686,0.926102854017611,0.999972171541736
7,2.37,1.04323743279643,0.980815340656812,1.03185482152297,1.03908068611324,0.937034970898465,0.999968898311435
7,2.38,1.0399937488187,0.975649130501862,1.02833240901719,1.03729196788589,0.94713296311971,0.999966552260731
7,2.39,1.03672182445246,0.970855301899386,1.02482810287141,1.03581090525478,0.956357805661196,0.999965089558333
7,2.4,1.03342506565687,0.966448069307709,1.02136730790933,1.03467089629813,0.964679488765059,0.999964450026641
7,2.41,1.03010691695406,0.962438134057801,1.01797361468018,1.03388897951078,0.972076470432165,0.999964561539946
7,2.42,1.02677087134868,0.958832864476274,1.01466869418701,1.03346591084513,0.978535161193008,0.999965343881484
7,2.43,1.0234204774665,0.955636489659976,1.01147221603033,1.03338675195323,0.984049441278072,0.999966711952733
7,2.44,1.02005934391653,0.952850301272896,1.00840179136948,1.03362193436611,0.988620209661171,0.999968578300428
7,2.45,1.01669114105107,0.950472858660229,1.00547294171453,1.03412875369714,0.992254964028984,0.999970854988735
7,2.46,1.01331960036658,0.948500193566384,1.00269909397425,1.03485323849802,0.994967410381589,0.999973454893724
7,2.47,1.009948511767,0.946926011709877,1.00009160145923,1.03573233018225,0.996777100575596,0.99997629253328
7,2.48,1.00658171882389,0.945741889335028,0.997659789739316,1.03669630355849,0.997709095610247,0.999979284567698
7,2.49,1.00322311204238,0.944937463579114,0.995411025452988,1.03767135213098,0.997793651796145,0.999982350114588
7,2.5,0.999876620009518,0.944500616040153,0.993350805431025,1.03858225860289,0.997065926141191,0.999985411017561
7,2.51,0.9965461981913,0.944417649303466,0.991482862890354,1.03935506915178,0.995565696375362,0.999988392192659
7,2.52,0.993235815082276,0.944673456401678,0.989809287025789,1.03991969021419,0.993337090076345,0.999991222151715
7,2.53,0.98994943541304,0.945251683272992,0.988330652109378,1.04021232885957,0.990428316431739,0.99999383376974
7,2.54,0.986691000196076,0.946134884284202,0.987046152210672,1.04017770243436,0.986891393372299,0.999996165326611
7,2.55,0.983464403535775,0.947304670838171,0.985953737865066,1.03977095001158,0.982781862231278,0.9999981618143
7,2.56,0.980273466332431,0.948741853028695,0.985050251409148,1.03895918719718,0.978158481821663,0.999999776462296
7,2.57,0.977121907251462,0.950426574271137,0.984331558222469,1.03772265682468,0.973082893959562,1.00000097239851
7,2.58,0.974013311581228,0.952338438848967,0.983792671704765,1.03605544072623,0.967619253063187,1.00000172433329
7,2.59,0.970951098836427,0.954456632387644,0.983427870414747,1.03396571172513,0.961833813561225,1.0000020201325
7,2.6,0.967938490151373,0.956760035399906,0.983230806345655,1.03147551980717,0.955794470457533,1.00000186213419
7,2.61,0.964978476626179,0.959227330230977,0.983194603771636,1.02862012160304,0.949570250489111,1.00000126806302
7,2.62,0.96207378982486,0.961837101948527,0.983311948443907,1.02544687732775,0.943230753810767,1.00000027140908
7,2.63,0.959226875573513,0.964567933943254,0.983575167142851,1.02201375364716,0.936845548935009,0.999998921161684
7,2.64,0.95643987207539,0.967398499200192,0.983976297716952,1.01838748406002,0.930483526610071,0.999997280824381
7,2.65,0.953714593162982,0.970307648337241,0.984507149791766,1.01464144981561,0.924212221269811,0.999995426681622
7,2.66,0.951052517266719,0.973274495559815,0.985159356350665,1.01085335370172,0.918097111461484,0.999993445338072
7,2.67,0.948454782420067,0.976278503631644,0.985924416413974,1.00710276587629,0.912200913076447,0.999991430603987
7,2.68,0.945922187365254,0.979299568806184,0.986793729109245,1.00346862500335,0.906582881113756,0.999989479850578
7,2.69,0.943455198592376,0.982318106408702,0.987758619556538,1.00002677911399,0.901298136962663,0.999987690003309
7,2.7,0.941053962950844,0.985315137425823,0.988810357197634,0.996847648778066,0.896397038699128,0.999986153374804
7,2.71,0.938718325322505,0.988272376077061,0.989940167470244,0.993994090390909,0.891924611600258,0.999984953559331
7,2.72,0.936447850740337,0.991172317946948,0.991139238045235,0.99151952981456,0.887920054984178,0.999984161615802
7,2.73,0.93424185027005,0.993998327882866,0.992398721173166,0.989466426544319,0.884416339625117,0.999983832755252
7,2.74,0.932099409935819,0.996734726544568,0.993709733984861,0.987865116378392,0.881439907463397,0.99998400372262
7,2.75,0.930019421956603,0.999366874250677,0.995063358817075,0.986733066721908,0.879010482254432,0.99998469102339
7,2.76,0.928000617557834,1.00188125061895,0.996450645749823,0.986074563694793,0.877140996334671,0.999985890096283
7,2.77,0.926041600629119,1.00426552844354,0.9978626195173,0.985880834719986,0.875837634997519,0.99998757547749
7,2.78,0.924140881509206,1.006508640287,0.999290292772917,0.986130594846969,0.875099996245604,0.99998970194395
7,2.79,0.922296910195225,1.00860083637278,1.00072468734989,0.986790990310194,0.874921360088408,0.999992206566969
7,2.8,0.920508108296566,1.01053373252677,1.0021568646775,0.9878188992925,0.875289058242158,0.999995011556888
7,2.81,0.918772899088352,1.01230034711382,1.00357796592056,0.989162538060415,0.876184932195778,0.999998027737698
7,2.82,0.917089735069191,1.01389512612919,1.00497926174917,0.99076331098148,0.877585865239514,1.00000115845996
7,2.83,0.915457122495373,1.01531395581998,1.00635221097048,0.992557835746751,0.87946437228951,1.00000430374273
7,2.84,0.913873642450149,1.01655416241896,1.00768852661841,0.994480070619306,0.881789230230698,1.00000736443105
7,2.85,0.912337968111082,1.01761449876645,1.00898024755438,0.996463468812888,0.88452613106174,1.0000102461646
7,2.86,0.910848877997805,1.01849511777554,1.01021981322556,0.998443086159982,0.887638340351981,1.00001286297384
7,2.87,0.909405265112006,1.0191975328646,1.01140013898691,1.00035757193222,0.891087344378221,1.00001514035093
7,2.88,0.908006142015431,1.01972456564376,1.01251468933256,1.00215097880446,0.8948334707409,1.00001701768012
7,2.89,0.906650642023774,1.02008028130616,1.01355754649526,1.00377433619688,0.898836469184858,1.00001844995432
7,2.9,0.905338016818404,1.02026991234526,1.01452347213768,1.00518694120646,0.903056041668741,1.00001940874709
7,2.91,0.904067630888443,1.02029977140251,1.01540796023998,1.00635733261878,0.907452313322676,1.00001988244971
7,2.92,0.902838953307978,1.0201771542465,1.01620727973973,1.00726392560851,0.911986238678118,1.00001987581895
7,2.93,0.901651547423373,1.01991023409438,1.01691850595691,1.00789529721731,0.916619940314513,1.00001940891089
7,2.94,0.900505059070902,1.01950794870411,1.01753954029342,1.00825012507025,0.92131697971613,1.00001851549776
7,2.95,0.89939920396334,1.01897988188127,1.01806911810044,1.00833679361158,0.926042562552538,1.00001724107934
7,2.96,0.898333754874788,1.0183361412445,1.01850680493444,1.00817269300056,0.930763682690705,1.00001564060684
7,2.97,0.897308529216208,1.017587234261,1.01885298166549,1.00778324535528,0.935449210944466,1.00001377603682
7,2.98,0.896323377531586,1.01674394468158,1.01910881906412,1.00720070097757,0.940069935825696,1.00001171382711
7,2.99,0.895378173359543,1.01581721155453,1.01927624259001,1.00646275331872,0.944598564368671,1.00000952247561
7,3,0.894472804802507,1.01481801296713,1.01935788815923,1.00561102561676,0.949009691469735,1.00000727018979
7,3.01,0.89360716803153,1.01375725654282,1.01935704970082,1.00468948429445,0.953279746156746,1.00000502275829
7,3.02,0.892781162836888,1.0126456785109,1.01927761935024,1.00374283437824,0.957386922831986,1.00000284167996
7,3.03,0.891994690220368,1.01149375287102,1.0191240211834,1.00281495048056,0.961311104883944,1.00000078258834
7,3.04,0.891247651921929,1.01031161181142,1.01890113947995,1.0019473934483,0.965033787207226,0.999998893994046
7,3.05,0.890539951687239,1.00910897813008,1.01861424261738,1.00117805784029,0.968538003174105,0.999997216352764
7,3.06,0.889871498017366,1.00789510997814,1.01826890383095,1.00053998921819,0.971808260528462,0.999995781453516
7,3.07,0.889242208099613,1.00667875782181,1.0178709202133,1.00006040310586,0.974830489577469,0.999994612111577
7,3.08,0.888652012598234,1.00546813313007,1.01742623145226,0.999759929689622,0.977592005982856,0.999993722141746
7,3.09,0.888100860983132,1.00427088796228,1.01694083989731,0.999652100188928,0.980081489436565,0.999993116581841
7,3.1,0.887588727089144,1.00309410436754,1.01642073358457,0.999743082601875,0.98228897856993,0.999992792132518
7,3.11,0.88711561462347,1.00194429232614,1.01587181382406,1.00003166647586,0.984205881607656,0.999992737777922
7,3.12,0.886681562369058,1.0008273948624,1.0152998288532,1.00050948869467,0.985825001546833,0.999992935551872
7,3.13,0.886286648863264,0.999748798932921,1.01471031488557,1.00116148520024,0.987140574020264,0.999993361415987
7,3.14,0.885930996360844,0.998713350733768,1.01410854564032,1.00196654723982,0.988148315491181,0.999993986218892
7,3.15,0.885614773916752,0.997725374160502,1.01349949113756,1.00289835527425,0.988845479018755,0.999994776709111
7,3.16,0.885338199447359,0.99678869128129,1.01288778620561,1.00392635920096,0.98923091452468,0.999995696577937
7,3.17,0.885101540649534,0.995906643830652,1.01227770878898,1.00501687010767,0.989305130274069,0.999996707512221
7,3.18,0.884905114677686,0.995082114887189,1.01167316779285,1.00613422642955,0.989070352153083,0.999997770240161
7,3.19,0.884749286501307,0.994317550052809,1.0110776998727,1.00724199615913,0.988530577276585,0.999998845555807
7,3.2,0.884634465891968,0.993614977596788,1.01049447429574,1.0083041766583,0.987691618488826,0.99999989530967
7,3.21,0.884561103020347,0.992976027161873,1.00992630477844,1.00928635462566,0.986561136427973,1.00000088335375
7,3.22,0.884529682681164,0.992401946750665,1.00937566705188,1.01015679083863,0.985148656011763,1.00000177642935
7,3.23,0.884540717206315,0.991893617819937,1.00884472082605,1.01088739734921,0.983465564468333,1.00000254498534
7,3.24,0.88459473817231,0.991451568410841,1.00833533481429,1.01145457877447,0.981525088384934,1.00000316391352
7,3.25,0.88469228705505,0.991075984336966,1.0078491135316,1.01183991406965,0.979342247678053,1.00000361318626
7,3.26,0.884833905029907,0.990766718542579,1.00738742468267,1.01203066056231,0.976933784899474,1.0000038783804
7,3.27,0.885020122154959,0.99052329883157,1.0069514260948,1.01202006789919,0.974318068878685,1.00000395107078
7,3.28,0.885251446207034,0.990344934253773,1.00654209131048,1.01180749573319,0.971514972353189,1.00000382907669
7,3.29,0.885528351461491,0.990230520517828,1.00616023312155,1.01139833526509,0.968545723940809,1.00000351654575
7,3.3,0.885851267715673,0.990178644875421,1.00580652448999,1.01080374095608,0.965432735543519,1.00000302386235
7,3.31,0.886220569851854,0.990187590985977,1.00548151645101,1.01004018464551,0.962199407018407,1.00000236737165
7,3.32,0.886636568218585,0.990255344318457,1.0051856527285,1.00912884975527,0.958869910682808,1.00000156891572
7,3.33,0.887099500080541,0.990379598672239,1.00491928091073,1.00809488806399,0.955468958910361,1.0000006551849
7,3.34,0.887609522348459,0.990557764397559,1.00468266013722,1.00696656553923,0.952021558695371,0.999999656895374
7,3.35,0.888166705754819,0.990786978864161,1.00447596534099,1.00577432680007,0.948552757588148,0.999998607812036
7,3.36,0.888771030590649,0.991064119663567,1.00429928817871,1.0045498098548,0.945087385810131,0.999997543643942
7,3.37,0.889422384066986,0.991385820936815,1.00415263486852,1.00332484376306,0.941649799624933,0.999996500847368
7,3.38,0.89012055931386,0.991748493099531,1.00403592124548,1.0021304617911,0.938263631154911,0.999995515377877
7,3.39,0.890865255982459,0.992148346095895,1.00394896543638,1.00099596148295,0.93495154978355,0.999994621437573
7,3.4,0.891656082373967,0.992581416160426,1.00389147864926,0.999948040915633,0.93173504006918,0.999993850266317
7,3.41,0.892492558982442,0.993043595910642,1.00386305466133,0.999010037332541,0.928634200719286,0.999993229025812
7,3.42,0.893374123309407,0.993530667443774,1.00386315866806,0.998201290476332,0.925667568647537,0.99999277982308
7,3.43,0.894300135784224,0.9940383379755,1.00389111621664,0.997536648414006,0.9228519714746,0.999992518914895
7,3.44,0.89526988660642,0.994562277445106,1.00394610298243,0.997026128625912,0.920202411061032,0.999992456127552
7,3.45,0.89628260331306,0.995098157424886,1.00402713615069,0.996674741792543,0.917731979803361,0.999992594517264
7,3.46,0.897337458865427,0.995641690614603,1.00413306813258,0.996482480240749,0.915451810513207,0.999992930285967
7,3.47,0.898433580044215,0.996188670175061,1.00426258327299,0.996444467587005,0.913371059766808,0.999993452956079
7,3.48,0.899570055940887,0.99673500815669,1.00441419809906,0.99655126091747,0.911496923691953,0.999994145796294
7,3.49,0.900745946335089,0.997276772306353,1.00458626551599,0.996789292039129,0.909834684283975,0.999994986479529
7,3.5,0.901960289754354,0.997810220584106,1.00477698318904,0.997141430074264,0.908387783542905,0.999995947944193
7,3.51,0.903212111023375,0.998331832786691,1.00498440616615,0.99758764408213,0.907157922027854,0.999996999421555
7,3.52,0.904500428126402,0.998838338751538,1.00520646360602,0.998105741583069,0.906145177855654,0.999998107585502
7,3.53,0.905824258228229,0.999326742699696,1.00544097929301,0.99867215691029,0.905348141747332,0.999999237776707
7,3.54,0.907182622726696,0.999794343365302,1.00568569545415,0.999262762272163,0.90476406346101,1.00000035525126
7,3.55,0.908574551242421,1.00023874965019,1.00593829925422,0.99985367429138,0.904389004850377,1.00000142640419
7,3.56,0.909999084488454,1.00065789163365,1.00619645124008,1.00042202958349,0.904217994854667,1.00000241992096
7,3.57,0.911455276002665,1.00105002685828,1.00645781493878,1.00094670460208,0.904245181953625,1.00000330781431
7,3.58,0.912942192767003,1.00141374190276,1.00672008678785,1.00140895743804,0.904463979997759,1.00000406631037
7,3.59,0.914458914778485,1.00174794934137,1.0069810255875,1.00179297241709,0.90486720383286,1.00000467655508
7,3.6,0.916004533674922,1.00205188027764,1.00723848071022,1.00208629206964,0.905447191756005,1.00000512512047
7,3.61,0.917578150551903,1.00232507272544,1.00749041837586,1.00228012521161,0.906195912541388,1.00000540429884
7,3.62,0.919178873134982,1.00256735619313,1.0077349453935,1.00236952431927,0.90710505552844,1.00000551218201
7,3.63,0.920805812490809,1.00277883290485,1.00797032987637,1.00235342994582,0.90816610304036,1.00000545253067
7,3.64,0.922458079472431,1.00295985616344,1.00819501854677,1.00223458445133,0.90937038516618,1.0000052344472
7,3.65,0.924134781096712,1.00311100642058,1.00840765035739,1.0020193216427,0.910709117663258,1.00000487187165
7,3.66,0.925835017045842,1.00323306566706,1.00860706626061,1.00171724290231,0.912173424391423,1.00000438292658
7,3.67,0.927557876471019,1.00332699078752,1.00879231505429,1.00134079389167,0.913754346250888,1.00000378914082
7,3.68,0.929302435255323,1.0033938865357,1.00896265532178,1.00090475884118,0.915442839044606,1.00000311458519
7,3.69,0.931067753866241,1.00343497877722,1.00911755356455,1.00042569169398,0.917229763008891,1.00000238495513
7,3.7,0.932852875897459,1.00345158861539,1.00925667870024,0.999921304902608,0.919105866947084,1.00000162663535
7,3.71,0.934656827366474,1.00344510796185,1.00937989316733,0.999409837452946,0.921061769959195,1.0000008657805
7,3.72,0.936478616800682,1.00341697704056,1.0094872409422,0.998909423708722,0.923087943691058,1.00000012744405
7,3.73,0.938317236111704,1.00336866422261,1.00957893283494,0.998437483959164,0.925174697840024,0.999999434783672
7,3.74,0.940171662227011,1.00330164848584,1.00965532948635,0.998010156163055,0.927312171365222,0.999998808367735
7,3.75,0.94204085942066,1.00321740468184,1.0097169225392,0.99764178638882,0.929490331476886,0.999998265602171
7,3.76,0.943923782261845,1.00311739167978,1.00976431449907,0.997344492943767,0.931698982041249,0.999997820291878
7,3.77,0.94581937908141,1.00300304334624,1.00979819783156,0.997127816271777,0.933927782555973,0.999997482344974
7,3.78,0.947726595842773,1.00287576221957,1.00981933385999,0.99699846349183,0.936166278347321,0.999997257622697
7,3.79,0.949644380294486,1.0027369156488,1.00982853202848,0.9969601530682,0.938403942134353,0.999997147932306
7,3.8,0.951571686276901,1.00258783409558,1.00982663007682,0.997013561665226,0.940630226616023,0.999997151155406
7,3.81,0.953507478054468,1.00242981124409,1.00981447563603,0.997156371859086,0.942834627280584,0.999997261499791
7,3.82,0.955450734547791,1.00226410552929,1.00979290969535,0.997383416162324,0.945006754227011,0.999997469859332
7,3.83,0.957400453345255,1.00209194267843,1.00976275231669,0.997686909859443,0.947136411436208,0.999997764263724
7,3.84,0.959355654382428,1.00191451886164,1.00972479088159,0.998056762536545,0.949213681643719,0.999998130398061
7,3.85,0.961315383188386,1.00173300406471,1.00967977105549,0.998480955983125,0.951229014750855,0.999998552171296
7,3.86,0.963278713611259,1.00154854532586,1.00962839054676,0.998945974402511,0.953173317570166,0.999999012312475
7,3.87,0.965244749950598,1.00136226951817,1.00957129563121,0.999437271625959,0.955038042634379,0.999999492974345
7,3.88,0.967212628441332,1.00117528540571,1.00950908031046,0.999939759304592,0.956815273803414,0.999999976325153
7,3.89,0.969181518052908,1.00098868475354,1.00944228788046,1.00043829985781,0.958497806478261,1.0000004451113
7,3.9,0.97115062058729,1.00080354232652,1.00937141460835,1.00091818827572,0.960079220368217,1.00000088317566
7,3.91,0.973119170080382,1.00062091466821,1.00929691515478,1.00136560768089,0.96155394295282,1.00000127591881
7,3.92,0.975086431532528,1.00044183760728,1.00921920933712,1.00176804481251,0.962917302024381,1.000001610693
7,3.93,0.9770516990143,1.00026732249422,1.00913868980643,1.00211465325233,0.964165565983032,1.0000018771211
7,3.94,0.979014293213088,1.00009835122412,1.00905573020741,1.00239655420535,0.965295970874717,1.00000206733563
7,3.95,0.980973558503212,0.999935870151739,1.00897069340433,1.00260706690826,0.966306733504178,1.00000217613477
7,3.96,0.982928859636742,0.99978078305146,1.00888393938401,1.00274186318831,0.967197050309836,1.0000022010551
7,3.97,0.984879578163136,0.999633943316629,1.00879583248679,1.00279904325411,0.967967082045763,1.00000214236246
7,3.98,0.986825108692906,0.99949614562875,1.00870674766515,1.00277913238401,0.968617924667571,1.00000200296408
7,3.99,0.988764855123291,0.99936811735613,1.00861707552373,1.0026850007061,0.96915156715467,1.00000178824731
7,4,0.990698226942462,0.999250509962644,1.00852722595175,1.00252171065729,0.969570837311599,1.00000150585119
7,4.01,0.992624635723045,0.999143890719213,1.00843763021718,1.00229629889483,0.969879336868034,1.00000116537886
7,4.02,0.994543491906294,0.999048735012474,1.00834874144948,1.0020175013475,0.97008136743315,1.00000077805986
7,4.03,0.996454201965394,0.998965419536498,1.0082610334934,1.00169543168055,0.97018184904941,1.0000003563726
7,4.04,0.99835616602092,0.998894216633901,1.0081749981698,1.0013412246662,0.97018623322907,0.999999913637754
7,4.05,1.00024877596418,0.998835290022919,1.00809114102948,1.00096665676972,0.970100412440675,0.9999994635946
7,4.06,1.00213141412573,0.998788692107599,1.00800997573303,1.00058375666425,0.969930628041438,0.999999019972306
7,4.07,1.00400345250767,0.998754363020799,1.00793201723293,1.00020441837326,0.96968337862488,0.999998596068527
7,4.08,1.00586425258004,0.998732131496025,1.00785777397233,0.999840029319087,0.969365330673582,0.999998204347556
7,4.09,1.00771316562446,0.998721717606478,1.00778773934892,0.999501124754547,0.968983233277767,0.999997856069726
7,4.1,1.00954953359241,0.998722737350659,1.0077223827191,0.999197078906993,0.968543838506655,0.99999756096296
7,4.11,1.01137269043188,0.998734709005911,1.00766214023727,0.998935841717642,0.968053828807103,0.999997326946179
7,4.12,1.01318196382446,0.998757061116881,1.00760740583679,0.99872372836709,0.96751975255997,0.999997159912701
7,4.13,1.01497667726583,0.998789141937272,1.00755852265977,0.998565266901637,0.966947968656783,0.999997063579963
7,4.14,1.01675615241542,0.99883023010209,1.00751577523481,0.99846310727879,0.966344600675719,0.999997039409779
7,4.15,1.01851971163667,0.998879546275365,1.00747938268108,0.998417993100725,0.965715500945255,0.999997086601082
7,4.16,1.02026668064682,0.998936265495633,1.00744949318759,0.998428795267742,0.965066224494653,0.999997202154721
7,4.17,1.02199639119504,0.998999529928746,1.00742617997516,0.99849260482398,0.964402012610847,0.99999738100751
7,4.18,1.02370818368962,0.999068461734483,1.00740943890049,0.998604880444619,0.96372778545947,0.999997616230435
7,4.19,1.02540140969898,0.999142175759512,1.00739918780537,0.99875964438165,0.963048142990744,0.999997899283797
7,4.2,1.02707543425706,0.999219791783467,1.00739526765444,0.998949719290864,0.962367373145394,0.999998220320214
7,4.21,1.02872963791133,0.999300446066287,1.00739744544318,0.99916699724427,0.961689466207169,0.999998568524879
7,4.22,1.030363418461,0.999383301972233,1.00740541879696,0.999402731418667,0.961018134021351,0.999998932481313
7,4.23,1.03197619234404,0.999467559477958,1.00741882212566,0.999647840461402,0.960356832716033,0.99999930055014
7,4.24,1.03356739564325,0.999552463407533,1.00743723414735,0.999893215376684,0.959708787526934,0.999999661248142
7,4.25,1.03513648469507,0.999637310275252,1.00746018655285,1.00013001894804,0.959077018337319,1.000000003615
7,4.26,1.03668293629783,0.999721453656373,1.00748717355031,1.00034996820195,0.958464364601516,1.00000031755578
7,4.27,1.03820624752998,0.999804308045842,1.00751766200782,1.00054559120181,0.957873508420784,1.00000059414817
7,4.28,1.03970593520192,0.999885351204534,1.00755110190147,1.00071045050894,0.957306994680217,1.00000082590499
7,4.29,1.04118153497704,0.999964125030919,1.00758693677676,1.00083932691859,0.956767247329575,1.00000100698391
7,4.3,1.04263260020877,1.00004023503252,1.00762461394193,1.00092835852814,0.956256581093021,1.00000113333856
7,4.31,1.04405870054933,1.00011334850524,1.00766359413084,1.00097513177058,0.955777208115243,1.0000012028071
7,4.32,1.04545942039256,1.00018319155905,1.00770336039987,1.00097872269504,0.955331239286238,1.00000121513638
7,4.33,1.04683435721806,1.00024954515422,1.0077434260558,1.00093968844147,0.954920680225438,1.00000117194247
7,4.34,1.04818311990533,1.00031224033383,1.0077833414483,1.00086001048335,0.954547422139312,1.00000107660996
7,4.35,1.04950532708607,1.00037115285309,1.00782269949978,1.00074299274835,0.954213227986501,1.00000093413475
7,4.36,1.05080060559949,1.00042619741563,1.00786113988636,1.00059311912197,0.953919714583272,1.0000007509169
7,4.37,1.05206858910986,1.00047732172901,1.00789835182414,1.00041587605208,0.953668331452581,1.00000053451152
7,4.38,1.05330891693793,1.00052450058759,1.00793407545536,1.00021754696568,0.953460337356657,1.00000029334712
7,4.39,1.05452123314854,1.00056773017972,1.00796810186681,1.00000498595639,0.953296775551483,1.0000000364216
7,4.4,1.05570518592642,1.00060702279858,1.00800027180968,0.999785378682974,0.953178448859065,0.99999977298687
7,4.41,1.05686042726093,1.00064240211282,1.00803047322243,0.999565998627121,0.953105895668795,0.999999512232953
7,4.42,1.05798661294876,1.00067389912463,1.00805863768863,0.999353966792595,0.953079367953168,0.999999262982472
7,4.43,1.05908340291271,1.00070154891122,1.00808473598689,0.999156022597847,0.953098812317412,0.99999903340565
7,4.44,1.06015046182348,1.00072538821097,1.00810877291143,0.998978313138374,0.953163855000864,0.99999883076506
7,4.45,1.06118746000161,1.00074545388004,1.00813078155754,0.998826207199738,0.953273791614674,0.999998661198099
7,4.46,1.06219407456806,1.00076178221035,1.00815081727662,0.99870413941977,0.953427582241329,0.999998529543588
7,4.47,1.06316999080453,1.00077440906644,1.00816895150944,0.998615488867003,0.953623852342784,0.999998439217234
7,4.48,1.06411490367851,1.00078337076847,1.00818526570411,0.99856249506349,0.953860899732568,0.999998392138789
7,4.49,1.06502851948436,1.0007887056227,1.00819984551619,0.998546213177589,0.954136707669923,0.999998388711883
7,4.5,1.0659105575486,1.00079045597939,1.0082127754735,0.998566508790681,0.954448963937814,0.999998427855588
7,4.51,1.06676075194703,1.0007886706826,1.00822413426648,0.998622091344677,0.95479508557808,0.999998507085034
7,4.52,1.06757885318184,1.00078340776633,1.00823399079859,0.998710584146131,0.955172248782148,0.999998622636735
7,4.53,1.06836462976889,1.0007747372472,1.00824240110049,0.998828627675647,0.955577423280025,0.999998769632913
7,4.54,1.06911786968935,1.00076274386564,1.00824940617711,0.998972011961535,0.956007410438309,0.999998942277936
7,4.55,1.06983838166417,1.00074752963371,1.00825503082129,0.999135832952161,0.956458884173315,0.999999134079138
7,4.56,1.07052599621647,1.00072921605927,1.00825928339117,0.999314667183974,0.956928433710824,0.999999338083778
7,4.57,1.07118056649333,1.0007079459314,1.00826215651325,0.99950275860677,0.95741260718096,0.999999547123603
7,4.58,1.07180196882668,1.00068388457023,1.00826362864072,0.999694211202726,0.957907955025839,0.999999754058632
7,4.59,1.07239010302079,1.00065722046572,1.00826366636738,0.999883181022254,0.958411072218522,0.999999952012078
7,4.6,1.07294489236269,1.00062816525241,1.00826222737395,1.00006406145237,0.958918638342769,1.00000013458898
7,4.61,1.07346628336029,1.00059695299131,1.00825926386452,1.00023165592005,0.959427454662003,1.00000029607197
7,4.62,1.07395424522108,1.00056383875389,1.00825472633895,1.00038133279648,0.959934477409282,1.00000043158853
7,4.63,1.07440876909248,1.00052909652756,1.00824856754014,1.00050915798454,0.96043684665424,1.0000005372454
7,4.64,1.0748298670913,1.00049301648424,1.00824074641555,1.00061200151542,0.96093191024336,1.0000006102269
7,4.65,1.07521757115625,1.00045590167539,1.00823123193707,1.00068761541863,0.961417242461638,1.00000064885523
7,4.66,1.07557193176182,1.00041806423562,1.00822000663431,1.00073468113173,0.96189065722175,1.00000065261216
7,4.67,1.07589301653517,1.00037982119355,1.00820706971112,1.00075282574641,0.962350215745884,1.0000006221228
7,4.68,1.07618090881991,1.00034149000176,1.00819243963385,1.00074260741334,0.962794228860533,1.00000055910301
7,4.69,1.07643570623032,1.00030338390715,1.0081761561006,1.00070547121489,0.963221254170841,1.00000046627359
7,4.7,1.07665751923901,1.00026580728889,1.00815828132465,1.0006436777333,0.963630088514316,1.00000034724483
7,4.71,1.076846469838,1.00022905109263,1.00813890058876,1.00056020736244,0.964019756209934,1.0000002063761
7,4.72,1.07700269030946,1.00019338848714,1.00811812205229,1.00045864411151,0.96438949371489,1.00000004861567
7,4.73,1.07712632213747,1.00015907086282,1.00809607581707,1.0003430432084,0.964738731374967,0.999999879326398
7,4.74,1.07721751508595,1.00012632428079,1.00807291228175,1.00021778721526,0.965067073004389,0.999999704103202
7,4.75,1.07727642646197,1.00009534646734,1.00804879983605,1.00008743561013,0.965374274056087,0.99999952858834
7,4.76,1.07730322057612,1.00006630443113,1.00802392196668,0.999956572863218,0.965660219143983,0.999999358290348
7,4.77,1.07729806840533,1.00003933276089,1.00799847386406,0.999829659945953,0.965924899655796,0.999999198412284
7,4.78,1.07726114745601,1.00001453264033,1.00797265863393,0.999710893964721,0.966168392149853,0.999999053694411
7,4.79,1.07719264181949,0.999991971594508,1.00794668322922,0.999604080219224,0.966390838164547,0.999998928275915
7,4.8,1.07709274240519,0.999971683959692,1.00792075422577,0.999512520466667,0.966592425987287,0.999998825579505
7,4.81,1.07696164733229,0.999953672047529,1.00789507356924,0.999438920546459,0.966773374834256,0.999998748221929
7,4.82,1.07679956245569,0.99993790795392,1.00786983442096,0.999385319809587,0.966933921786481,0.999998697952552
7,4.83,1.07660670199893,0.999924335945453,1.00784521722629,0.999353044027512,0.967074311715406,0.999998675621172
7,4.84,1.07638328926411,0.99991287534099,1.00782138612139,0.999342682653577,0.967194790315968,0.999998681175329
7,4.85,1.07612955738725,0.999903423794095,1.00779848578238,0.999354090502275,0.967295600250999,0.999998713686404
7,4.86,1.07584575010721,0.999895860873381,1.00777663880591,0.999386413124175,0.967376980300887,0.999998771402885
7,4.87,1.07553212251652,0.999890051832927,1.00775594369238,0.999438134411638,0.967439167310428,0.999998851828403
7,4.88,1.07518894176426,0.99988585146345,1.00773647348273,0.999507144294935,0.967482400633327,0.999998951821377
7,4.89,1.07481648768311,0.999883107916924,1.00771827507802,0.999590823799969,0.967506928696602,0.999999067712535
7,4.9,1.07441505331586,0.999881666402555,1.00770136924895,0.999686144253653,0.9675130172442,0.999999195436062
7,4.91,1.07398494532057,0.999881372660071,1.00768575131997,0.999789777054041,0.967500958772929,0.999999330669884
7,4.92,1.07352648423779,0.99988207612687,1.00767139249161,0.999898210178042,0.967471082645483,0.999999468980336
7,4.93,1.07304000460798,0.999883632728166,1.00765824174514,1.00000786748458,0.967423765355108,0.999999605966536
7,4.94,1.07252585493253,0.999885907233499,1.00764622825663,1.00011522688572,0.967359440424386,0.99999973739985
7,4.95,1.0719843974767,0.999888775138287,1.00763526423334,1.00021693359859,0.967278607445832,0.999999859354171
7,4.96,1.07141600791813,0.999892124045049,1.00762524807489,1.00030990494952,0.967181839813377,0.99999996832309
7,4.97,1.07082107484949,0.999895854535081,1.00761606775425,1.00039142356697,0.967069790749526,1.00000006132059
7,4.98,1.07019999914835,0.999899880537159,1.00760760431078,1.00045921625754,0.966943197301058,1.00000013596247
7,4.99,1.06955319323149,0.999904129214985,1.00759973534742,1.00051151639233,0.966802882053819,1.00000019052642
7,5,1.0688810802143,0.999908540409049,1.00759233842835,1.0005471082204,0.966649752401958,1.00000022398939
8,0,0,0,0,0,0,0
8,0.01,0.000391391365867309,-0.00240498109544256,0.00595077929964907,-0.00646898889647361,5.13793847930578e-05,0.0160432025141777
8,0.02,0.00167752942622133,-0.00433174217172527,0.0128854171709065,-0.012486240215917,0.00251958200261884,0.0301648808626951
8,0.03,0.00381169332632059,-0.00516998469468117,0.0196405016688453,-0.0172678447788243,0.00738763795316672,0.0448033481413077
8,0.04,0.00674381896929607,-0.00489638027549675,0.0262903149945825,-0.0202061447929643,0.0147527771423739,0.0597234647301751
8,0.05,0.0104273926382372,-0.00349128904566082,0.0329037193145295,-0.0207730069162062,0.0246882804538755,0.0746807100800949
8,0.06,0.0148195156950171,-0.000939444009935673,0.0395464952298397,-0.0185759662194935,0.0372265210545517,0.0896167193133383
8,0.07,0.0198806781570042,0.00277018692264757,0.0462817626659056,-0.0133421279900097,0.0523609815743565,0.104532821139542
8,0.08,0.0255745656207757,0.00764475421499879,0.0531697417404808,-0.00491208466213837,0.0700462217904206,0.119432339766765
8,0.09,0.0318678922917957,0.01368784609917,0.0602673299107384,0.00675953061350041,0.0901967748069518,0.134313674642215
8,0.1,0.0387302357451507,0.0208996614300852,0.0676276886242172,0.0216052566536097,0.112687218956255,0.149173280510459
8,0.11,0.0461338749379412,0.029277031129567,0.0752998428150079,0.0394500658230182,0.137354039840602,0.164007219067831
8,0.12,0.0540536431229112,0.0388133086210515,0.0833282840675577,0.0600204506929215,0.163999206953413,0.178811376339709
8,0.13,0.0624668075397391,0.0494981549912061,0.0917525889983715,0.0829567586889294,0.192395255780419,0.19358140133885
8,0.14,0.0713529851350416,0.0613172508346847,0.100607073256647,0.107828209777665,0.222291624179597,0.208312696021411
8,0.15,0.0806940999069332,0.0742519722215098,0.109920502025996,0.13414998174269,0.253421933809566,0.223000466079952
8,0.16,0.090474383082541,0.0882790701760923,0.119715876062006,0.161401669157929,0.28551184716964,0.23763980223869
8,0.17,0.100680412658287,0.10337039105766,0.130010309617879,0.189046373452209,0.318287088125456,0.252225775149949
8,0.18,0.111301184527268,0.119492669878124,0.14081501294239,0.216549681639562,0.351481198065192,0.26675353312581
8,0.19,0.12232820411057,0.136607420659898,0.152135387241043,0.243397839710632,0.384842614527849,0.281218392450515
8,0.2,0.133755585475091,0.154670938275407,0.163971234195187,0.269114514448006,0.418140703837876,0.295615911007385
8,0.21,0.145580144387199,0.173634415809572,0.176317075680206,0.293275650977025,0.45117044973874,0.309941938802763
8,0.22,0.157801472319061,0.193444171455676,0.189162572768245,0.315522057116898,0.483755588630291,0.324192642850675
8,0.23,0.170421979581057,0.214041970415307,0.202493027176743,0.335569465222737,0.515750079194427,0.338364507667553
8,0.24,0.18344689693976,0.235365421188265,0.216289943830081,0.3532159274151,0.547037890390621,0.3524543154952
8,0.25,0.196884225837924,0.257348422644762,0.230531630819687,0.368346485956052,0.577531179414326,0.366459111928632
8,0.26,0.21074462739188,0.279921638567084,0.245193813149285,0.380935127160494,0.607167005761369,0.380376162875952
8,0.27,0.22504123964019,0.303012979673035,0.26025023916561,0.391044078265664,0.635902787842203,0.394202908005897
8,0.28,0.239789411163659,0.326548078847827,0.275673262968345,0.39882054738397,0.663710756000721,0.407936914469104
8,0.29,0.255006337415702,0.35045075251604,0.291434391478453,0.404491042303854,0.690571692989278,0.421575833145186
8,0.3,0.270710584195716,0.374643448757464,0.307504790175391,0.408353438752505,0.71646828267793,0.435117358329147
8,0.31,0.286921481034867,0.39904768987117,0.323855745818723,0.410767005671602,0.741378411922578,0.448559190874565
8,0.32,0.303658366298099,0.423584522648637,0.340459087048231,0.412140635562019,0.765268789664401,0.461899004483984
8,0.33,0.320939666114009,0.448174992793004,0.357287564300235,0.412919572230459,0.7880892607037,0.475134415091536
8,0.34,0.338781791555669,0.472740660095579,0.374315189083304,0.413570975336194,0.809768197241076,0.488262954026534
8,0.35,0.35719784370533,0.497204167836129,0.391517529746838,0.414568708820266,0.830209346332686,0.5012820466927
8,0.36,0.376196125370583,0.521489873488711,0.40887195705881,0.416377785240369,0.849290492167729,0.514188999575749
8,0.37,0.395778472341955,0.545524538713722,0.426357828827665,0.41943893578931,0.866864253932997,0.526980999170459
8,0.38,0.415938437113394,0.569238065744664,0.443956599031227,0.424153801162272,0.882761277226848,0.539655126540318
8,0.39,0.436659384432821,0.592564255882919,0.461651833929258,0.43087124614926,0.896795982536931,0.552208390364255
8,0.4,0.457912590626096,0.615441555253253,0.479429115873004,0.439875286230681,0.908774900495116,0.564637779272948
8,0.41,0.479655475826536,0.637813744503287,0.497275815483582,0.451375074429521,0.918507443701419,0.576940331021565
8,0.42,0.501830136844073,0.659630523757734,0.515180715196462,0.465497330342704,0.925818736236023,0.589113211868445
8,0.43,0.524362383210272,0.68084794259331,0.533133472654341,0.482281502509592,0.930563850682011,0.601153795068893
8,0.44,0.547161502656422,0.701428627643855,0.551123921900604,0.501677845041925,0.932642508554665,0.613059723650628
8,0.45,0.570120985963462,0.721341768231697,0.569141224416204,0.523548467978919,0.932013021083698,0.624828940880573
8,0.46,0.593120415088272,0.740562833775715,0.587172900906835,0.54767129951347,0.928704038492329,0.636459673359001
8,0.47,0.616028653877571,0.759073016189688,0.605203797711302,0.573746790525023,0.922822603897702,0.647950357417759
8,0.48,0.638708371585719,0.776858416061385,0.623215066864626,0.601407110628065,0.914557137755861,0.659299509517363
8,0.49,0.66102177525706,0.793909021916155,0.641183262634744,0.630227537826678,0.904174355143596,0.670505554369832
8,0.5,0.682837235524869,0.810217564381681,0.659079674180364,0.659739727664653,0.892009745203288,0.681566637794902
8,0.51,0.704036280801475,0.825778356712244,0.676870016491699,0.68944654510267,0.878452066852912,0.692480460933301
8,0.52,0.724520241374823,0.840586253545307,0.694514582246133,0.718838124712625,0.863923221073309,0.703244174334435
8,0.53,0.744215698155953,0.85463586418108,0.711968910537696,0.747408764389189,0.848855676573967,0.713854361926341
8,0.54,0.763077893055759,0.86792113943189,0.729184956264421,0.774674145486332,0.833670153317227,0.724307126247986
8,0.55,0.781091446677155,0.880435409432255,0.746112658033501,0.800188231568005,0.818756327162367,0.734598261764512
8,0.56,0.798268125601373,0.892171885925791,0.762701724433786,0.823559082642339,0.804458811409264,0.744723480167934
8,0.57,0.81464195429058,0.903124565480879,0.778903414077263,0.844462791874623,0.791069647641847,0.75467863881332
8,0.58,0.830262532855294,0.913289396191833,0.794672092706558,0.862654837948827,0.778827229730462,0.764459926433604
8,0.59,0.845187801059822,0.922665520402103,0.809966411962777,0.877978326793333,0.767920360259628,0.774063978101698
8,0.6,0.859477514383925,0.931256397315464,0.824750048805971,0.890368808576535,0.758495372387441,0.783487916073635
8,0.61,0.873188343999533,0.939070646648824,0.838992038497027,0.899855537588225,0.750664146654579,0.792729333452966
8,0.62,0.886370933608,0.946122524329707,0.852666797254138,0.90655917254884,0.744511337962433,0.80178624570584
8,0.63,0.899068697394659,0.952432017458543,0.865753951004176,0.910686017621706,0.740099900965398,0.810657030871879
8,0.64,0.911317828629066,0.958024603283943,0.878238072510438,0.91251901853491,0.737474716791967,0.819340369295133
8,0.65,0.923147952850762,0.962930744689498,0.890108399425841,0.912405869844215,0.736664573932079,0.827835185116868
8,0.66,0.934583005466392,0.96718519778807,0.901358576216924,0.910744742652656,0.737682928617152,0.836140588017767
8,0.67,0.945642102607678,0.970826198725035,0.911986439576368,0.907968276886017,0.740527868532762,0.844255813930077
8,0.68,0.956340316723383,0.973894587466173,0.921993849034096,0.904526575032015,0.745181637838539,0.852180165227316
8,0.69,0.9666893440122,0.976432920062158,0.931386549905522,0.900869975591469,0.751610010949214,0.859912952492531
8,0.7,0.976698078165477,0.978484616242015,0.940174044362544,0.897432374631006,0.759761742350181,0.867453440788399
8,0.71,0.986373108554348,0.980093183304645,0.948369439764157,0.894615807179683,0.7695682665618,0.874800803465577
8,0.72,0.995719156714887,0.981301548374081,0.955989242811962,0.892776903267667,0.780943772011878,0.881954086149027
8,0.73,1.00473945971843,0.982151519214076,0.963053073726394,0.89221570497154,0.793785724210748,0.888912182802834
8,0.74,1.01343610506957,0.982683380418527,0.969583285225258,0.893167182100155,0.807975868439582,0.895673824829246
8,0.75,1.02181031967394,0.98293561897434,0.975604484491677,0.895795627740329,0.823381701737101,0.902237583136233
8,0.76,1.02986271503112,0.982944762863678,0.981142970154864,0.9001919632298,0.839858369679897,0.908601882130184
8,0.77,1.03759349167262,0.982745309803401,0.986226108457755,0.906373845959043,0.85725091642663,0.914765023759121
8,0.78,1.04500260733175,0.982369720791027,0.990881681720753,0.91428836060731,0.875396797598893,0.920725219123356
8,0.79,1.05208991471834,0.98184845438405,0.995137247081968,0.923816989491195,0.894128555262222,0.926480624830256
8,0.8,1.05885527552061,0.981210021551263,0.999019544066513,0.934782501750423,0.913276552420282,0.932029381209318
8,0.81,1.06529865705568,0.980481046237144,1.00255398604652,0.94695737223661,0.932671670197316,0.937369649700536
8,0.82,1.07142021681549,0.979686322292779,1.00576426366773,0.960073335062393,0.95214788270436,0.942499647130031
8,0.83,1.07722037824566,0.978848862266575,1.00867207864548,0.973831688309992,0.971544640373554,0.947417675119313
8,0.84,1.08269989886148,0.977989937215112,1.0112970149736,0.987913989508921,0.990709009981972,0.952122143460642
8,0.85,1.08785992971474,0.97712910904466,1.01365654270353,1.0019928108151,1.0094975364964,0.956611586863809
8,0.86,1.09270206367838,0.976284258040665,1.01576613829568,1.01574225421663,1.02777780658034,0.960884674994107
8,0.87,1.0972283692643,0.975471608433326,1.01763949636114,1.02884795799797,1.0454297051919,0.964940216155525
8,0.88,1.10144140679223,0.974705754357659,1.01928880146219,1.04101635515174,1.06234636506597,0.968777155322918
8,0.89,1.10534422456544,0.973999687630931,1.02072502622902,1.0519829727601,1.07843481461508,0.97239456749467
8,0.9,1.10894033403996,0.973364827563532,1.02195822357965,1.06151958968915,1.09361633390915,0.975791647523356
8,0.91,1.11223366450393,0.972811051672499,1.02299778593859,1.06944009960767,1.10782653197117,0.978967697681007
8,0.92,1.11522849924542,0.972346724805546,1.02385265215753,1.07560495850592,1.1210151624496,0.981922114219675
8,0.93,1.11792939638465,0.971978722962875,1.0245314521025,1.07992413121174,1.1331456991295,0.984654374093661
8,0.94,1.12034109838517,0.971712447224657,1.0250425882004,1.08235848994322,1.14419469755419,0.987164022823864
8,0.95,1.1224684347264,0.97155182288519,1.02539426133745,1.08291965920053,1.15415097369772,0.989450664228273
8,0.96,1.12431622236723,0.971499279379495,1.02559445437701,1.08166834431612,1.16301463443176,0.991513952447413
8,0.97,1.12588916852514,0.971555708009635,1.02565088963856,1.07871122442978,1.17079599680221,0.993353586396772
8,0.98,1.12719177999453,0.971720396844712,1.0255709768438,1.074196532943,1.17751443343254,0.994969306514348
8,0.99,1.12822828276294,0.971990945307578,1.02536176560849,1.0683084878606,1.18319717959448,0.996360893466269
8,1,1.12900255505753,0.97236316451105,1.02502991219481,1.06126076897908,1.18787813384868,0.997528168340594
8,1.01,1.12951807616302,0.972830972853715,1.02458166480442,1.05328926680299,1.19159667913784,0.998470993800486
8,1.02,1.12977789240662,0.9733862991488,1.02402286612438,1.04464434776264,1.19439654543754,0.999189275674759
8,1.03,1.12978460065069,0.974019007101678,1.0233589670125,1.03558289060333,1.19632472918925,0.999682964521873
8,1.04,1.12954034855597,0.974716854896454,1.02259504181794,1.02636034918729,1.19743047933402,0.999952056796148
8,1.05,1.12904684989631,0.975465501876808,1.02173579430371,1.01722308760657,1.19776435526437,0.999996595355902
8,1.06,1.12830541244485,0.976248570980538,1.0207855435847,1.00840121540739,1.19737735867129,0.999816669168518
8,1.07,1.12731697551353,0.977047771148556,1.01974818173227,1.00010212542781,1.19632013916426,0.999412412176664
8,1.08,1.12608215416396,0.977843078998227,1.01862709829388,0.992504906161294,1.19464227262223,0.998784001386004
8,1.09,1.12460128740284,0.978612974308943,1.01742507135592,0.985755766645993,1.19239161132448,0.997931654313562
8,1.1,1.12287448824952,0.979334719926795,1.01614412931519,0.979964576404281,1.18961370577739,0.996855625995863
8,1.11,1.12090169429128,0.97998467399238,1.01478539165027,0.975202587299457,1.1863512995249,0.995556205796519
8,1.12,1.11868271807544,0.98053862113441,1.01334890024727,0.971501369271464,1.1826438998198,0.99403371427434
8,1.13,1.11621729729064,0.98097210941498,1.01183345493273,0.96885295830532,1.17852742855052,0.992288500375969
8,1.14,1.11350514506105,0.981260781124242,1.01023646765111,0.967211182945824,1.17403395898225,0.990320939201903
8,1.15,1.11054600076596,0.981380687639342,1.00855384917187,0.966494105349184,1.16919154442269,0.988131430562628
8,1.16,1.10733968161132,0.981308581075654,1.00677994040559,0.96658748441532,1.16402414463826,0.985720398494049
8,1.17,1.10388613477545,0.981022177986295,1.00490749751729,0.967349142235243,1.1585516545631,0.983088291841086
8,1.18,1.10018548942215,0.98050039260769,1.00292773628832,0.968614091324418,1.15279003748265,0.980235585949274
8,1.19,1.09623810733113,0.979723538911158,1.0008304369059,0.970200259450951,1.14675156146665,0.977162785431734
8,1.2,1.09204463044184,0.978673501918086,0.998604105922066,0.971914631977891,1.14044513353121,0.973870427909236
8,1.21,1.08760602332419,0.977333879376459,0.996236187933544,0.97355961925277,1.13387672111782,0.97035908856069
8,1.22,1.08292360852535,0.975690095051605,0.993713316009832,0.974939449416181,1.12704984540286,0.966629385275924
8,1.23,1.07799909290103,0.973729484663493,0.99102158741237,0.975866385697982,1.11996612619597,0.96268198417574
8,1.24,1.07283458339747,0.971441355031342,0.988146849974788,0.976166572291144,1.11262585428712,0.958517605256723
8,1.25,1.06743259125641,0.968817016389777,0.985074984769406,0.975685324468159,1.1050285645633,0.954137027927995
8,1.26,1.06179602421313,0.965849787242062,0.981792172300662,0.974291696672905,1.09717358243071,0.949541096228798
8,1.27,1.05592816689528,0.962534970634755,0.978285132188236,0.971882186506446,1.08906051726735,0.944730723543318
8,1.28,1.04983265026732,0.958869800491534,0.974541329726865,0.968383462140094,1.080689679791,0.93970689665622
8,1.29,1.04351341157413,0.954853356741374,0.970549146343723,0.963754034759136,1.07206240512364,0.934470679015101
8,1.3,1.03697464679511,0.950486448507955,0.966298014317303,0.957984834947301,1.0631812695168,0.929023213083558
8,1.31,1.03022075810098,0.945771465644431,0.961778518746223,0.951098691050864,1.05405019557099,0.923365721683204
8,1.32,1.02325629917287,0.940712200390914,0.956982471373817,0.943148746951975,1.04467444766629,0.917499508239481
8,1.33,1.01608592144923,0.935313642812279,0.951902961376005,0.934215894681934,1.03506052557389,0.911425955869712
8,1.34,1.00871432435876,0.929581755766014,0.946534387685202,0.924405332241343,1.02521596931474,0.905146525286448
8,1.35,1.0011462123338,0.92352323720334,0.940872476096417,0.913842387253617,1.01514909192758,0.89866275153561
8,1.36,0.993386260863848,0.917145279326868,0.934914282642177,0.902667771224299,1.00486865878517,0.891976239644834
8,1.37,0.985439093066717,0.910455335222246,0.928658182936589,0.891032446074585,0.994383532548951,0.885088659316953
8,1.38,0.977309267296167,0.903460903815299,0.922103845755789,0.87909229354797,0.983702302051201,0.878001738859448
8,1.39,0.969001275277701,0.896169343253414,0.915252188331228,0.867002778847182,0.972832911725439,0.870717258585381
8,1.4,0.960519549298202,0.888587721084023,0.908105310836311,0.854913792776314,0.961782306092636,0.863237043949335
8,1.41,0.951868476196035,0.880722707063724,0.900666408344415,0.842964842567905,0.950556101641932,0.855562958690226
8,1.42,0.943052415403612,0.872580511360426,0.892939659983823,0.831280741679226,0.939158296521022,0.847696898242079
8,1.43,0.934075718135349,0.864166867663947,0.884930096865429,0.819967924585809,0.92759102695249,0.839640783647119
8,1.44,0.924942744987159,0.855487057666187,0.876643452313516,0.809111485478035,0.915854378267115,0.831396556167554
8,1.45,0.915657879666366,0.846545970831664,0.868085999695063,0.798773011177784,0.903946257823346,0.822966172748621
8,1.46,0.906225537214152,0.837348191579537,0.8592643844773,0.788989249737462,0.891862336701483,0.814351602440307
8,1.47,0.896650165811111,0.827898105046446,0.850185457887134,0.779771628019231,0.879596066703691,0.805554823841958
8,1.48,0.886936241967668,0.818200012482282,0.840856119633546,0.77110660479703,0.867138778622974,0.796577823594666
8,1.49,0.877088259511815,0.808258247933346,0.83128317660569,0.762956821102928,0.854479866754344,0.787422595911599
8,1.5,0.86711071324178,0.798077289005902,0.821473223365659,0.755262987041494,0.841607063052742,0.778091143106444
8,1.51,0.857008078387712,0.787661855963164,0.811432548752884,0.747946424428866,0.828506802114912,0.768585477054819
8,1.52,0.846784787129314,0.777016994980057,0.801167071168497,0.740912167641995,0.815164675285103,0.758907621503016
8,1.53,0.836445203372657,0.766148142883622,0.790682303279902,0.734052511229815,0.801565968753459,0.749059615122779
8,1.54,0.825993596839607,0.755061172012727,0.779983345135315,0.727250882362266,0.787696276703371,0.739043515200345
8,1.55,0.81543411731255,0.743762414864473,0.769074903141338,0.720385909264788,0.773542176597666,0.728861401842291
8,1.56,0.804770769648636,0.732258668935926,0.757961331139305,0.713335553548634,0.759091949830666,0.718515382579196
8,1.57,0.794007389967044,0.720557182644442,0.746646688986762,0.705981174881875,0.744336327473317,0.70800759724936
8,1.58,0.783147623245029,0.708665623477662,0.735134813635427,0.698211400755469,0.72926923793877,0.697340223046896
8,1.59,0.772194902447088,0.696592029665241,0.723429397679807,0.689925682095517,0.713888531289423,0.68651547961935
8,1.6,0.761152429258439,0.684344746764814,0.71153407067464,0.681037426968481,0.698196653731646,0.675535634097688
8,1.61,0.750023156491575,0.671932350692784,0.699452479096613,0.671476619324524,0.682201245678813,0.66440300593481
8,1.62,0.738809772267956,0.659363558965303,0.687188361550658,0.661191847218561,0.665915637628244,0.653119971417552
8,1.63,0.727514686126951,0.646647132275989,0.674745616586035,0.65015168472534,0.64935921996838,0.641688967702692
8,1.64,0.716140017261198,0.633791769019697,0.662128361200244,0.638345393213162,0.632557665653293,0.630112496212326
8,1.65,0.70468758510439,0.620805995935269,0.649340978705772,0.625782930071941,0.615542988380723,0.618393125211942
8,1.66,0.693158902492041,0.607698058612771,0.636388155088637,0.612494275664956,0.598353423412071,0.606533491389997
8,1.67,0.681555171573116,0.594475816098821,0.623274903307675,0.598528111430823,0.581033123403569,0.594536300265167
8,1.68,0.669877282573047,0.581146644137326,0.610006575208328,0.583949902960644,0.563631667498771,0.582404325270562
8,1.69,0.658125815405989,0.56771735161244,0.596588860909204,0.568839460823868,0.54620338836525,0.570140405405185
8,1.7,0.646301044019963,0.554194114453651,0.583027775720202,0.553288068303346,0.528806528703738,0.557747441402178
8,1.71,0.634402943248516,0.540582430597707,0.569329634910328,0.53739527851267,0.511502245812115,0.545228390438807
8,1.72,0.622431197850558,0.526887098604505,0.555501016981201,0.521265493203211,0.494353489766198,0.532586259500097
8,1.73,0.610385213356087,0.51311222126609,0.541548716511242,0.505004441630737,0.477423787319744,0.519824097599646
8,1.74,0.598264128303549,0.499261234138859,0.527479688084129,0.488715679956573,0.460775969300819,0.506944987148865
8,1.75,0.586066827452974,0.485336957499371,0.513300983255794,0.472497229727096,0.444470883640525,0.493952034840287
8,1.76,0.573791955581108,0.471341668906879,0.499019682894376,0.456438468038845,0.428566138792446,0.480848362462626
8,1.77,0.56143793150179,0.457277192467454,0.484642827500109,0.440617372205092,0.413114922855186,0.467637098087967
8,1.78,0.549002961997323,0.443145000121078,0.470177348244029,0.425098208375923,0.398164942004477,0.454321368060484
8,1.79,0.536485055387592,0.428946319859796,0.45563000144048,0.409929737053916,0.383757517859438,0.440904290171564
8,1.8,0.523882034498814,0.414682245735748,0.441007308991658,0.395143989364516,0.369926877319658,0.427388968331921
8,1.81,0.511191548822189,0.400353844798445,0.426315507030805,0.380755646993672,0.356699660556175,0.413778488954934
8,1.82,0.498411085676174,0.385962256648338,0.411560504572046,0.366762036714314,0.344094663693454,0.400075919156905
8,1.83,0.485537980207596,0.371508782028751,0.396747853481877,0.35314372827518,0.332122822834684,0.386284306769993
8,1.84,0.472569424089776,0.356994957715407,0.381882730553197,0.339865703023626,0.320787436036071,0.372406682061995
8,1.85,0.45950247280262,0.34242261582262,0.366969931918156,0.32687904084257,0.310084610174086,0.358446060971759
8,1.86,0.446334051411443,0.327793926461805,0.352013879508002,0.314123055573955,0.300003910847369,0.344405449604554
8,1.87,0.433060958797775,0.313111423414206,0.337018638779107,0.301527794717294,0.290529185887578,0.330287849690087
8,1.88,0.419679870335452,0.298378013089535,0.321987946493108,0.289016808310315,0.281639526984768,0.316096264686302
8,1.89,0.406187339047129,0.283596967529466,0.30692524698037,0.27651008482046,0.27331032951823,0.301833706211922
8,1.9,0.392579795318503,0.268771902590526,0.291833735040859,0.26392704872277,0.265514407981706,0.287503200506248
8,1.91,0.378853545288863,0.253906742727875,0.276716403452275,0.251189515162289,0.25822312338413,0.273107794641914
8,1.92,0.365004768076683,0.239005674028879,0.261576092965423,0.2382245014935,0.251407479618225,0.258650562251193
8,1.93,0.351029512037892,0.224073087342621,0.246415542670865,0.224966803218305,0.245039147908279,0.244134608565765
8,1.94,0.336923690292628,0.209113513542403,0.231237438714818,0.211361252462227,0.239091381942641,0.229563074610696
8,1.95,0.322683075794007,0.194131553156717,0.216044459518727,0.197364590110169,0.233539791023287,0.214939140433748
8,1.96,0.308303296249786,0.17913180281163,0.200839315906162,0.18294689749093,0.228362944373863,0.200266027289469
8,1.97,0.293779829244144,0.164118781131919,0.185624784850358,0.168092549455343,0.223542786479404,0.185546998732914
8,1.98,0.27910799794082,0.149096856926044,0.170403735912247,0.152800667245823,0.219064850808706,0.170785360609794
8,1.99,0.264282967778634,0.134070182598772,0.155179149826426,0.137085066150045,0.214918267290765,0.155984459958447
8,2,0.249299744593281,0.119042635758992,0.139954129094131,0.120973709070986,0.211095567240226,0.141147682864491
8,2.01,0.234153174612527,0.104017771884829,0.124731900839081,0.104507692405407,0.207592297771325,0.126278451332057
8,2.02,0.218837946772676,0.0889987906464991,0.10951581255389,0.0877398046590283,0.204406465781105,0.111380219256665
8,2.03,0.203348597790141,0.0739885180548648,0.0943093216910594,0.0707327107718047,0.201537838963119,0.0964564676047783
8,2.04,0.18767952039182,0.0589894060011274,0.0791159803136884,0.05355682597744,0.19898713765874,0.0815106989242639
8,2.05,0.171824975061538,0.0440035499987083,0.0639394161998859,0.0362879520186665,0.19675515630209,0.066546431328458
8,2.06,0.155779105598602,0.0290327250674294,0.0487833118790645,0.0190047555457175,0.194841856446359,0.0515671921140086
8,2.07,0.139535958711513,0.0140784387624706,0.033651383062261,0.00178617340185492,0.193245474630408,0.0365765111885393
8,2.08,0.123089507789506,-0.000858000593016836,0.0185473578145743,-0.0152911679052763,0.191961687517995,0.0215779144973045
8,2.09,0.106433680912227,-0.0157754032963634,0.00347495761675785,-0.0321554311021806,0.190982873808978,0.00657491764712359
8,2.1,0.0895623930790318,-0.0306726088580333,-0.0115621188061344,-0.0487418604483904,0.190297507511127,-0.00842898007055432
8,2.11,0.0724695825692062,-0.0455483919568093,-0.0265602083232154,-0.0649948077074283,0.18988971053367,-0.0234303010592341
8,2.12,0.055149251286491,-0.0604013682627255,-0.0415156926638344,-0.0808694201523672,0.189738984592785,-0.0384255940135813
8,2.13,0.0375955088975891,-0.0752299047238665,-0.0564250041837174,-0.0963329298845264,0.18982013355922,-0.0534114375680433
8,2.14,0.0198026205445626,-0.09003203874067,-0.071284628476149,-0.111365497313506,0.190103378125441,-0.0683844428654699
8,2.15,0.00176505789315977,-0.104805410228886,-0.0860911043876788,-0.125960577523141,0.190554655521491,-0.0833412549544672
8,2.16,-0.016522446730269,-0.119547209932459,-0.100841022144286,-0.140124795900682,0.191136088426196,-0.0982785529730502
8,2.17,-0.0350648433653774,-0.13425414653831,-0.115531020371308,-0.153877338137587,0.191806599599117,-0.113193049129985
8,2.18,-0.0538667048637085,-0.148922434224533,-0.130157782805568,-0.167248878693873,0.19252264241038,-0.12808148655032
8,2.19,-0.0729321650144446,-0.163547801304269,-0.144718035463438,-0.180280090159192,0.193239012591601,-0.14294063610412
8,2.2,-0.0922648546172435,-0.178125519669774,-0.159208544958918,-0.193019792749257,0.193909703305966,-0.157767292383276
8,2.21,-0.111867835776696,-0.192650453848295,-0.173626118575134,-0.205522817624924,0.194488764097997,-0.172558269027354
8,2.22,-0.131743534698328,-0.20711712769518,-0.187967606591569,-0.217847669126913,0.194931124431276,-0.187310393623607
8,2.23,-0.151893673266208,-0.221519806099413,-0.20222990726331,-0.230054078875449,0.195193344306349,-0.20202050241788
8,2.24,-0.172319199673918,-0.235852588578034,-0.216409974738051,-0.242200548688209,0.195234257785503,-0.21668543507289
8,2.25,-0.193020218362044,-0.250109511292928,-0.230504830077795,-0.254341979323838,0.195015480018824,-0.231302029700141
8,2.26,-0.213995919486648,-0.2642846538314,-0.24451157541963,-0.266527478250951,0.194501754416275,-0.245867118373907
8,2.27,-0.235244508107704,-0.278372247040663,-0.258427411158846,-0.278798432219183,0.193661123752687,-0.260377523312942
8,2.28,-0.256763133250536,-0.292366778283686,-0.27224965586652,-0.29118691973338,0.1924649169868,-0.27483005388969
8,2.29,-0.27854781696651,-0.306263090678279,-0.285975768466596,-0.303714525051755,0.190887552124642,-0.289221504599161
8,2.3,-0.300593383513208,-0.32005647318357,-0.299603372004937,-0.316391599545171,0.188906164203651,-0.30354865409035
8,2.31,-0.322893388801967,-0.333742738801192,-0.313130278161449,-0.329216998705627,0.186500076003939,-0.317808265331622
8,2.32,-0.345440050333621,-0.347318288656501,-0.326554511507799,-0.342178304345042,0.183650136953822,-0.331997086946839
8,2.33,-0.368224177970788,-0.360780160310492,-0.339874332420669,-0.355252522181218,0.180337962423172,-0.346111855720132
8,2.34,-0.391235106080951,-0.374126059313659,-0.353088257545367,-0.36840722570797,0.176545110750238,-0.360149300223944
8,2.35,-0.414460627826412,-0.387354373729599,-0.366195076782198,-0.381602098680591,0.172252238554177,-0.374106145477684
8,2.36,-0.437886932664746,-0.400464172100283,-0.379193865943396,-0.394790811453142,0.167438275888869,-0.38797911849531
8,2.37,-0.461498548439021,-0.413455186058792,-0.392083994493753,-0.407923151550186,0.162079661486943,-0.401764954532147
8,2.38,-0.485278289756441,-0.426327779473755,-0.404865128121496,-0.420947317012196,0.156149674796325,-0.415460403798505
8,2.39,-0.509207214649233,-0.439082906583584,-0.417537226252894,-0.433812272940278,0.149617895977233,-0.429062238374525
8,2.4,-0.533264591752869,-0.451722062000135,-0.430100534981714,-0.446470067885635,0.142449817925085,-0.442567259041239
8,2.41,-0.557427880397344,-0.464247225690353,-0.442555576187402,-0.45887800769994,0.134606626264026,-0.455972301740326
8,2.42,-0.581672726065612,-0.476660806053547,-0.454903133823497,-0.471000590349415,0.12604515474312,-0.469274243391063
8,2.43,-0.605972973616318,-0.488965583991663,-0.467144238441805,-0.48281111586242,0.116718015201949,-0.482470006827151
8,2.44,-0.630300700491864,-0.501164660430731,-0.479280150967131,-0.494292900571646,0.106573893841808,-0.495556564666082
8,2.45,-0.654626271844124,-0.513261409124343,-0.49131234656022,-0.505440043365601,0.095557999422917,-0.508530941985128
8,2.46,-0.678918419123861,-0.525259435802761,-0.503242499129433,-0.516257712764009,0.0836126445392518,-0.521390217745488
8,2.47,-0.703144343219094,-0.537162543885743,-0.515072466714372,-0.526761946088507,0.0706779384654854,-0.534131524973346
8,2.48,-0.727269842720055,-0.548974706122063,-0.52680427761335,-0.536978974552662,0.0566925692233253,-0.546752049767922
8,2.49,-0.751259467364954,-0.560700040723793,-0.538440116805734,-0.546944109516787,0.0415946533281428,-0.559249029257255
8,2.5,-0.775076696213102,-0.5723427898929,-0.549982311966245,-0.55670024434809,0.0253226338858467,-0.571619748659594
8,2.51,-0.798684139630172,-0.583907298145237,-0.561433318204172,-0.566296042407808,0.00781621097011719,-0.58386153763072
8,2.52,-0.822043763781269,-0.595397987561588,-0.572795700594871,-0.57578389402147,-0.010982707866052,-0.595971766086456
8,2.53,-0.845117136031614,-0.606819327058976,-0.584072113598981,-0.585217733514674,-0.0311290449035537,-0.607947839687436
8,2.54,-0.867865689464118,-0.618175792982492,-0.59526527657204,-0.594650811410566,-0.0526735812965507,-0.619787195163705
8,2.55,-0.890251004637508,-0.629471818755956,-0.606377944734488,-0.604133516803705,-0.0756619781844628,-0.631487295643969
8,2.56,-0.912235106711816,-0.640711731971959,-0.617412875180302,-0.613711341035237,-0.10013378752068,-0.643045626142139
8,2.57,-0.933780776123754,-0.65189967810948,-0.628372787736518,-0.623423066496631,-0.126121448740136,-0.654459689345359
8,2.58,-0.954851871043899,-0.663039530993166,-0.639260320736376,-0.633299254142339,-0.15364926735103,-0.665727001844706
8,2.59,-0.975413659807801,-0.674134791099865,-0.650077982031839,-0.643361090568487,-0.182732373260082,-0.676845090952383
8,2.6,-0.99543316127958,-0.685188473819199,-0.660828095846621,-0.653619640771423,-0.213375660354488,-0.687811492255997
8,2.61,-1.01487949055998,-0.696202990728384,-0.671512746358016,-0.664075536363414,-0.245572714714934,-0.698623748068024
8,2.62,-1.0337242064712,-0.707180027788955,-0.68213371919036,-0.674719111495392,-0.279304746836289,-0.709279406931848
8,2.63,-1.0519416557385,-0.718120425055772,-0.692692442292738,-0.68553098041694,-0.314539553194732,-0.719776024338716
8,2.64,-1.06950930669497,-0.729024062948842,-0.703189927937063,-0.696483031920845,-0.351230543942278,-0.730111164785632
8,2.65,-1.08640806269973,-0.739889760321284,-0.713626717779614,-0.707539797374199,-0.389315885581176,-0.740282405256484
8,2.66,-1.10262254244875,-0.750715189415151,-0.724002833043864,-0.718660131243907,-0.428717818888198,-0.750287340133082
8,2.67,-1.11814131130302,-0.761496812299722,-0.734317731870272,-0.729799126739882,-0.469342221399057,-0.760123587438618
8,2.68,-1.1329570451772,-0.772229842528735,-0.744570275714163,-0.740910175338235,-0.511078488343563,-0.769788796188207
8,2.69,-1.14706660710903,-0.782908234566,-0.754758706347727,-0.751947068557807,-0.553799803809725,-0.779280654481239
8,2.7,-1.16047101715906,-0.793524702091249,-0.764880634551494,-0.762866034563918,-0.597363863084068,-0.788596897836686
8,2.71,-1.17317529954243,-0.80407076473811,-0.774933041003884,-0.773627602035282,-0.641614086248626,-0.797735317169048
8,2.72,-1.18518819742054,-0.814536821302634,-0.784912289253127,-0.784198190116082,-0.686381332185755,-0.806693765754082
8,2.73,-1.19652175567344,-0.824912246181391,-0.794814150050465,-0.794551336639842,-0.731486082955022,-0.815470164560634
8,2.74,-1.20719078462739,-0.835185504921079,-0.804633835796874,-0.804668496997289,-0.776741025008115,-0.824062505438196
8,2.75,-1.21721223167987,-0.845344284392166,-0.814366043447038,-0.81453937209141,-0.821953911851343,-0.832468851845167
8,2.76,-1.22660450079437,-0.855375633238982,-0.824005003937027,-0.824161753995607,-0.866930559761761,-0.84068733705998
8,2.77,-1.235386769194,-0.865266108788993,-0.833544536046338,-0.833540909650908,-0.911477811086114,-0.848716160103168
8,2.78,-1.2435783536424,-0.875001927303609,-0.842978102552129,-0.842688553144008,-0.955406303600067,-0.856553579872407
8,2.79,-1.25119817375491,-0.884569115058508,-0.852298866572772,-0.851621482672096,-0.998532910688259,-0.864197908213818
8,2.8,-1.25826434679754,-0.893953658036194,-0.861499746137069,-0.860359976585399,-1.04068276211092,-0.87164750278593
8,2.81,-1.26479392945509,-0.90314164791293,-0.870573465275495,-0.86892605229926,-1.08169081049499,-0.878900760592213
8,2.82,-1.27080280097251,-0.91211942161996,-0.879512600323603,-0.877341692175792,-1.12140296312173,-0.885956112952054
8,2.83,-1.2763056636478,-0.92087369130126,-0.888309620632643,-0.885627132914774,-1.15967684091715,-0.89281202245558
8,2.84,-1.28131612500103,-0.929391661279038,-0.896956923424524,-0.893799301866814,-1.19638224918177,-0.899466982136132
8,2.85,-1.28584682312483,-0.937661128900329,-0.905446862995628,-0.901870467708034,-1.23140144583325,-0.90591951675163
8,2.86,-1.28990956203907,-0.945670566921097,-0.913771774759885,-0.909847156484087,-1.26462927720869,-0.912168185763412
8,2.87,-1.29351543429551,-0.953409186237387,-0.921923994677632,-0.917729368653108,-1.2959732271754,-0.918211587401925
8,2.88,-1.2966749196335,-0.960866979022233,-0.929895874484895,-0.925510118914459,-1.32535340128438,-0.924048363145132
8,2.89,-1.29939795788394,-0.968034743403099,-0.937679792935246,-0.933175308013636,-1.35270245013542,-0.929677201996978
8,2.9,-1.30169399998642,-0.974904091560574,-0.945268163132267,-0.940703923784144,-1.37796542710875,-0.935096844095127
8,2.91,-1.3035720431053,-0.98146744353212,-0.952653436062199,-0.948068556999104,-1.40109957386266,-0.940306083346489
8,2.92,-1.3050406555964,-0.98771800915394,-0.959828100654731,-0.955236206115796,-1.42207402964038,-0.945303768947051
8,2.93,-1.30610799630379,-0.993649760585237,-0.966784681055641,-0.962169334039147,-1.44086946476137,-0.950088805772826
8,2.94,-1.30678183125547,-0.99925739781898,-0.973515732202323,-0.968827130172647,-1.45747764295882,-0.954660153730854
8,2.95,-1.30706954967881,-1.00453630953047,-0.980013835163959,-0.975166922901973,-1.47190092070816,-0.959016826236966
8,2.96,-1.30697818044343,-1.00948253155207,-0.986271593972839,-0.981145681841772,-1.48415169418984,-0.963157888042696
8,2.97,-1.30651440950007,-1.01409270517443,-0.992281635787319,-0.986721546101486,-1.49425180609343,-0.96708245266707
8,2.98,-1.30568459853854,-1.0183640373439,-0.998036616169055,-0.991855314735432,-1.50223192519149,-0.970789679699554
8,2.99,-1.30449480487308,-1.0222942646394,-1.00352923102781,-0.996511838467981,-1.50813091157874,-0.974278772229087
8,3,-1.30295080243534,-1.02588162266376,-1.00875223640586,-1.00066125754726,-1.51199517977071,-0.977548974623577
8,3.01,-1.30105810368584,-1.02912482217294,-1.01369847677683,-1.0042800388086,-1.51387807058186,-0.980599570838633
8,3.02,-1.29882198222081,-1.03202303289878,-1.01836092196877,-1.00735177519477,-1.51383924096744,-0.983429883378811
8,3.03,-1.2962474958408,-1.03457587560522,-1.02273271224171,-1.00986772245264,-1.5119440789424,-0.986039272974511
8,3.04,-1.29333950984944,-1.03678342247019,-1.02680721050941,-1.01182705982293,-1.508263148421,-0.988427138978182
8,3.05,-1.29010272035989,-1.03864620542149,-1.03057806023839,-1.01323687358821,-1.50287166649348,-0.990592920428985
8,3.06,-1.28654167740081,-1.04016523159649,-1.03403924721854,-1.01411187372389,-1.49584901340788,-0.992536097689196
8,3.07,-1.28266080763113,-1.04134200466251,-1.03718516319703,-1.01447386408402,-1.4872782734807,-0.994256194520774
8,3.08,-1.27846443649407,-1.04217855035138,-1.04001066930281,-1.01435099514453,-1.47724580342471,-0.995752780448086
8,3.09,-1.27395680966467,-1.04267744424785,-1.04251115725151,-1.01377683505058,-1.4658408232369,-0.997025473242964
8,3.1,-1.26914211367129,-1.04284183964791,-1.04468260648725,-1.01278929943864,-1.45315502388399,-0.99807394137053
8,3.11,-1.26402449559826,-1.04267549318399,-1.04652163565867,-1.01142948321713,-1.43928218557929,-0.99889790624711
8,3.12,-1.25860808180218,-1.04218278590967,-1.0480255471101,-1.00974043829273,-1.42431780045416,-0.999497144183198
8,3.13,-1.25289699559605,-1.04136873764979,-1.04919236336492,-1.00776594030766,-1.4083586938567,-0.999871487912557
8,3.14,-1.24689537387128,-1.04023901264757,-1.05002085486272,-1.00554928505173,-1.39150263930441,-1.00002082764073
8,3.15,-1.24060738263696,-1.03879991486759,-1.05051055846673,-1.00313215161194,-1.37384796320774,-0.999945111580186
8,3.16,-1.23403723145722,-1.0370583717227,-1.05066178647546,-1.00055356481041,-1.3554931367871,-0.999644345972833
8,3.17,-1.22718918676323,-1.03502190546124,-1.05047562605035,-0.997848984334895,-1.33653635404471,-0.999118594631604
8,3.18,-1.22006758400683,-1.03269859195186,-1.04995392911557,-0.995049542435428,-1.31707509613935,-0.998367978060179
8,3.19,-1.21267683861206,-1.03009700710845,-1.04909929290701,-0.99218144635319,-1.2972056839677,-0.997392672231779
8,3.2,-1.20502145567016,-1.02722616168266,-1.04791503145593,-0.989265555933105,-1.27702282210539,-0.996192907124129
8,3.21,-1.19710603831781,-1.0240954255914,-1.04640513840171,-0.986317141273608,-1.25661913843993,-0.994768965117241
8,3.22,-1.18893529473818,-1.02071444332488,-1.04457424164584,-0.983345819877971,-1.23608472478219,-0.993121179363607
8,3.23,-1.1805140437318,-1.01709304228282,-1.04242755049181,-0.980355667658165,-1.21550668443077,-0.99124993223676
8,3.24,-1.17184721881967,-1.01324113610548,-1.03997079606347,-0.97734549335934,-1.19496869305976,-0.989155653954311
8,3.25,-1.16293987086314,-1.00916862519956,-1.0372101659528,-0.974309261574581,-1.17455057939239,-0.986838821456185
8,3.26,-1.15379716921197,-1.00488529670936,-1.03415223420959,-0.97123664556789,-1.15432793191878,-0.984299957598812
8,3.27,-1.14442440142131,-1.00040072615602,-1.03080388793616,-0.96811368769437,-1.13437173743695,-0.981539630702646
8,3.28,-1.13482697160669,-0.995724182871777,-1.02717225187741,-0.96492354239026,-1.11474805648126,-0.978558454465095
8,3.29,-1.12501039753096,-0.990864541200485,-1.02326461248561,-0.961647274601877,-1.09551773980113,-0.975357088225355
8,3.3,-1.11498030653683,-0.985830199232768,-1.01908834297714,-0.958264685232445,-1.07673618902615,-0.971936237543534
8,3.31,-1.10474243045055,-0.980629006602378,-1.01465083087756,-0.954755134799591,-1.05845316356363,-0.968296655035377
8,3.32,-1.09430259958785,-0.9752682026014,-1.00995940946614,-0.951098337080091,-1.04071263468598,-0.964439141387464
8,3.33,-1.08366673599138,-0.969754365583447,-1.00502129438381,-0.947275096102135,-1.0235526867345,-0.960364546466957
8,3.34,-1.07284084602233,-0.964093374324205,-0.999843526466211,-0.943267962412237,-1.00700546444117,-0.956073770435564
8,3.35,-1.06183101241825,-0.958290381704233,-0.994432921617904,-0.939061788024673,-0.991097164585795,-0.951567764779445
8,3.36,-1.05064338591719,-0.952349800775999,-0.988796028271945,-0.934644163733304,-0.975848069582733,-0.946847533175
8,3.37,-1.03928417653554,-0.94627530298134,-0.982939092697541,-0.930005727356778,-0.961272620134902,-0.941914132123878
8,3.38,-1.02775964457529,-0.940069828002918,-0.976868032147126,-0.925140336786196,-0.947379523797346,-0.93676867130795
8,3.39,-1.01607609142574,-0.933735604469718,-0.970588415588444,-0.920045107169881,-0.934171896140249,-0.931412313634865
8,3.4,-1.00423985021435,-0.927274180498926,-0.964105451560585,-0.914720316951623,-0.921647431169367,-0.925846274965479
8,3.41,-0.992257276351835,-0.920686462851376,-0.957423982533881,-0.90916919252976,-0.909798597723211,-0.920071823534475
8,3.42,-0.98013473800545,-0.913972763312168,-0.95054848504577,-0.903397585797912,-0.898612858694267,-0.914090279093356
8,3.43,-0.967878606522622,-0.907132850788278,-0.94348307482694,-0.897413562571134,-0.888072910091805,-0.907903011819738
8,3.44,-0.955495246812717,-0.900166007546278,-0.936231516119145,-0.89122692274499,-0.878156937155905,-0.901511441047592
8,3.45,-0.942991007679473,-0.893071087998917,-0.928797234410022,-0.884848674882424,-0.868838884930849,-0.894917033879504
8,3.46,-0.930372212080223,-0.88584657849026,-0.921183331861483,-0.878290488731521,-0.860088740899878,-0.888121303744037
8,3.47,-0.917645147272435,-0.878490656623397,-0.913392604777258,-0.87156414895759,-0.851872827465842,-0.881125808959218
8,3.48,-0.904816054794605,-0.87100124881758,-0.905427562533138,-0.864681032186259,-0.844154102229534,-0.873932151357493
8,3.49,-0.891891120219013,-0.863376084965475,-0.89729044747365,-0.857651627404587,-0.836892464168184,-0.866541975019022
8,3.5,-0.878876462609675,-0.855612749276201,-0.888983255356302,-0.850485116992698,-0.830045063950146,-0.858956965149646
8,3.51,-0.865778123621065,-0.847708726624591,-0.880507755996591,-0.843189032321874,-0.823566616738931,-0.85117884712825
8,3.52,-0.852602056182235,-0.839661443969713,-0.871865513832548,-0.835768994133018,-0.817409715940988,-0.843209385736265
8,3.53,-0.839354112726646,-0.831468306644196,-0.863057908187076,-0.828228543983,-0.811525146438063,-0.835050384570606
8,3.54,-0.826040032949429,-0.823126729539675,-0.854086153060464,-0.820569069091617,-0.805862195917677,-0.826703685631012
8,3.55,-0.812665431099515,-0.814634163413546,-0.844951316335342,-0.81278981910273,-0.80036896297555,-0.818171169064002
8,3.56,-0.799235782842439,-0.805988116711142,-0.835654338322465,-0.804888009734763,-0.794992660713348,-0.809454753038901
8,3.57,-0.785756411758628,-0.797186173430836,-0.826196049618325,-0.796859005160844,-0.789679914595765,-0.800556393726763
8,3.58,-0.77223247556989,-0.788226007654907,-0.816577188284041,-0.788696568324213,-0.784377053364754,-0.791478085350525
8,3.59,-0.758668952211798,-0.779105395425978,-0.806798416388424,-0.780393166330126,-0.779030391837955,-0.782221860274284
8,3.6,-0.745070625890466,-0.769822224668877,-0.796860335985135,-0.771940316603948,-0.773586504445151,-0.772789789100978
8,3.61,-0.731442073277736,-0.76037450384369,-0.786763504613368,-0.763328958683045,-0.767992488383253,-0.763183980750684
8,3.62,-0.717787650008424,-0.75076036997146,-0.776508450422408,-0.754549836309098,-0.762196215298884,-0.753406582495751
8,3.63,-0.704111477646794,-0.74097809660401,-0.766095687022231,-0.745593874877116,-0.756146570440447,-0.74345977993387
8,3.64,-0.690417431286792,-0.73102610221873,-0.755525728155176,-0.736452540227452,-0.749793678260767,-0.733345796885356
8,3.65,-0.676709127942255,-0.720902959413176,-0.744799102268236,-0.727118166170955,-0.743089113499779,-0.723066895206091
8,3.66,-0.662989915869681,-0.710607405158269,-0.733916367042985,-0.71758423993517,-0.73598609683705,-0.712625374512501
8,3.67,-0.649262864948111,-0.700138352248159,-0.722878123912215,-0.707845636822164,-0.72843967427972,-0.70202357181917
8,3.68,-0.635530758218885,-0.689494901964548,-0.711685032560954,-0.697898797681143,-0.720406879546418,-0.69126386109323
8,3.69,-0.62179608466362,-0.67867635785855,-0.700337825376598,-0.687741845224779,-0.71184687882586,-0.680348652732248
8,3.7,-0.608061033272511,-0.667682240448504,-0.688837321780411,-0.677374637661989,-0.702721097434035,-0.669280392974013
8,3.71,-0.594327488428267,-0.656512302541798,-0.677184442342285,-0.666798760491978,-0.69299332806957,-0.658061563247408
8,3.72,-0.580597026604495,-0.645166544816131,-0.665380222553798,-0.656017459523094,-0.682629820575363,-0.646694679473601
8,3.73,-0.566870914352377,-0.633645231243366,-0.6534258261125,-0.64503552017471,-0.671599353356803,-0.635182291326173
8,3.74,-0.553150107526899,-0.621948903908919,-0.64132255755373,-0.633859099833146,-0.659873286881681,-0.623526981457873
8,3.75,-0.539435251684676,-0.610078396771982,-0.629071874055726,-0.622495521419656,-0.64742559999071,-0.611731364700494
8,3.76,-0.525726683570238,-0.598034847926329,-0.61667539623979,-0.610953037360585,-0.634232910074227,-0.599798087243307
8,3.77,-0.512024433597113,-0.585819709956136,-0.604134917789859,-0.599240573811973,-0.620274478511254,-0.587729825794633
8,3.78,-0.498328229224403,-0.573434758033587,-0.591452413725195,-0.58736746528188,-0.605532203110387,-0.575529286730706
8,3.79,-0.484637499128972,-0.560882095471365,-0.578630047175816,-0.575343189724054,-0.589990599624486,-0.563199205236127
8,3.8,-0.470951378077518,-0.548164156519315,-0.565670174532461,-0.563177113767532,-0.573636774718082,-0.550742344440902
8,3.81,-0.457268712411371,-0.535283706276073,-0.552575348870786,-0.550878257027574,-0.556460393032331,-0.538161494560366
8,3.82,-0.443588066069043,-0.522243837668829,-0.539348321582316,-0.538455083450036,-0.538453641202103,-0.525459472046129
8,3.83,-0.429907727086533,-0.509047965533298,-0.525992042181397,-0.525915326414272,-0.519611191819367,-0.512639118758295
8,3.84,-0.416225714532164,-0.495699817897841,-0.512509656296582,-0.513265852902587,-0.499930170394695,-0.49970330117156
8,3.85,-0.402539785850088,-0.48220342463734,-0.498904501895123,-0.500512570482585,-0.479410128335453,-0.486654909629955
8,3.86,-0.388847444603528,-0.468563103712042,-0.485180103828576,-0.487660379189091,-0.458053024829759,-0.473496857666792
8,3.87,-0.375145948624104,-0.454783445242796,-0.471340166824283,-0.474713168681825,-0.435863220298038,-0.460232081407413
8,3.88,-0.361432318586299,-0.440869293696851,-0.457388567079743,-0.461673859341437,-0.412847483751611,-0.446863539072337
8,3.89,-0.347703347035282,-0.426825728468377,-0.443329342642948,-0.448544484297849,-0.389015015986704,-0.43339421059707
8,3.9,-0.333955607901298,-0.412658043136475,-0.429166682780251,-0.43532630780986,-0.364377490052608,-0.419827097381922
8,3.91,-0.3201854665341,-0.398371723672937,-0.414904916543122,-0.422019973982574,-0.338949109877437,-0.406165222180553
8,3.92,-0.30638909028623,-0.383972425854689,-0.400548500745713,-0.408625678568657,-0.312746687329214,-0.392411629129538
8,3.93,-0.292562459664375,-0.369465952114658,-0.386102007556302,-0.395143355599215,-0.285789737350215,-0.378569383913206
8,3.94,-0.278701380053755,-0.354858228042375,-0.371570111888033,-0.381572869877043,-0.258100590145539,-0.364641574048503
8,3.95,-0.264801494002196,-0.340155278724609,-0.356957578748866,-0.367914205982118,-0.229704518748984,-0.350631309264249
8,3.96,-0.250858294028944,-0.325363205098942,-0.342269250678841,-0.354167644423635,-0.200629879645586,-0.336541721938434
8,3.97,-0.236867135899483,-0.310488160481177,-0.327510035366798,-0.340333915952493,-0.170908263513961,-0.322375967547057
8,3.98,-0.22282325228295,-0.295536327421859,-0.312684893500758,-0.326414325838442,-0.140574652574049,-0.308137225069325
8,3.99,-0.208721766684551,-0.280513895048301,-0.297798826869028,-0.312410841116381,-0.109667580496187,-0.293828697287909
8,4,-0.194557707523259,-0.265427037055919,-0.282856866695352,-0.298326135396375,-0.0782292903528428,-0.279453610920368
8,4.01,-0.180326022206612,-0.2502818905251,-0.267864062163613,-0.284163587769204,-0.0463058856808143,-0.265015216519687
8,4.02,-0.166021591041011,-0.235084535755383,-0.252825469068122,-0.26992723455691,-0.0139474693744107,-0.250516788088705
8,4.03,-0.151639240809048,-0.219840977324858,-0.237746138516128,-0.255621675065126,0.0187917351455859,-0.235961622365193
8,4.04,-0.137173757846105,-0.204557126596726,-0.222631105611185,-0.241251934977929,0.0518532862405742,-0.22135303775118
8,4.05,-0.122619900457678,-0.189238785903805,-0.207485378059851,-0.226823293466204,0.085174455707028,-0.206694372880756
8,4.06,-0.107972410537099,-0.173891634642967,-0.192313924669539,-0.212341082315809,0.118688195659473,-0.191988984843695
8,4.07,-0.0932260242707361,-0.158521217502648,-0.177121663740978,-0.197810467279673,0.152323146443719,-0.177240247105619
8,4.08,-0.0783754818542269,-0.143132935026399,-0.161913451402586,-0.183236223284719,0.18600369117754,-0.162451547187074
8,4.09,-0.0634155361882573,-0.12773203668338,-0.14669406998327,-0.168622515967117,0.21965006218239,-0.147626284181318
8,4.1,-0.0483409605751578,-0.112323616573147,-0.131468216571315,-0.153972702185415,0.253178504092111,-0.13276786620203
8,4.11,-0.0331465554970057,-0.0969126118386676,-0.116240491956176,-0.139289161627898,0.286501497790742,-0.117879707856029
8,4.12,-0.0178271546207803,-0.0815038038003035,-0.101015390193186,-0.124573170390375,0.319528048532009,-0.102965227831818
8,4.13,-0.00237763024487816,-0.066101821757376,-0.0857972890644173,-0.109824825502583,0.352164040622646,-0.0880278466828774
8,4.14,0.0132071015277336,-0.0507111493359729,-0.0705904417285532,-0.0950430269190335,0.384312659911323,-0.0730709848661135
8,4.15,0.0289320755332382,-0.0353361331946141,-0.0553989698557228,-0.0802255205946677,0.415874884023518,-0.0580980610730021
8,4.16,0.0448022717818105,-0.0199809938358725,-0.0402268585275466,-0.0653690030965716,0.446750038838379,-0.0431124908661809
8,4.17,0.0608226086929606,-0.00464983821381063,-0.0250779531469844,-0.0504692849364046,0.476836418145388,-0.0281176856103107
8,4.18,0.0769979347829747,0.0106533262247162,-0.00995595854689195,-0.0355215066243092,0.506031961786258,-0.0131170516653746
8,4.19,0.093333018208163,0.0259245764718788,0.00513555958836481,-0.0205203985168426,0.534234985931518,0.00188601020469257
8,4.2,0.109832533532526,0.0411600583092012,0.020193170965014,-0.00546057301433614,0.561344957521225,0.0168881052639493
8,4.21,0.126501045068902,0.0563559705540421,0.0352135746666835,0.00966316431259973,0.587263303381389,0.0318858451347913
8,4.22,0.143342986141109,0.0715085497064732,0.0501935910796606,0.0248554994219013,0.611894243181371,0.046875848080101
8,4.23,0.160362633633063,0.0866140555219316,0.0651301520663659,0.0401203057044568,0.635145634290781,0.0618547392811053
8,4.24,0.177564077230574,0.101668758050344,0.0800202898101006,0.0554603663587474,0.656929815789664,0.0768191511420666
8,4.25,0.194951182823149,0.116668926690912,0.0948611248584371,0.0708771376439874,0.677164438435188,0.0917657236388641
8,4.26,0.21252754961621,0.131610821811701,0.109649853981671,0.0863705658552674,0.695773267329191,0.106691104715254
8,4.27,0.230296460607723,0.14649068947223,0.124383738530542,0.101938968653202,0.712686944384026,0.121591950719823
8,4.28,0.248260826205379,0.161304759762864,0.139060094018663,0.117578988612255,0.72784369844942,0.136464926869719
8,4.29,0.266423120898882,0.176049249234136,0.153676281665291,0.13328562363863,0.74118999212057,0.151306707724824
8,4.3,0.284785313053929,0.190720367829981,0.168229702610176,0.149052335382041,0.752681095757208,0.166113977658215
8,4.31,0.303348788057111,0.205314330659501,0.18271779545231,0.164871233072019,0.76228158104674,0.180883431314978
8,4.32,0.322114265211654,0.219827374841648,0.197138037668521,0.180733326503912,0.769965728468328,0.195611774060565
8,4.33,0.341081708959678,0.234255781536667,0.211487951337371,0.196628838340497,0.775717845173943,0.210295722430566
8,4.34,0.360250235185307,0.2485959031389,0.225765113432024,0.212547562636932,0.779532492004946,0.224932004604114
8,4.35,0.379618013531865,0.2628441954506,0.239967170757342,0.22847925368455,0.781414620514405,0.239517360931633
8,4.36,0.399182166843443,0.276997254489558,0.25409185939755,0.244414027032328,0.78137962287412,0.254048544552512
8,4.37,0.41893866901375,0.291051857409269,0.268137028318645,0.260342752992695,0.779453299326514,0.268522322138421
8,4.38,0.438882242690704,0.305005006834182,0.282100666542293,0.276257422155731,0.775671749321843,0.282935474792385
8,4.39,0.459006258440422,0.31885397773981,0.295980933083817,0.292151462481235,0.770081193602335,0.297284799122198
8,4.4,0.479302637115452,0.332596365843577,0.309776188634913,0.308019988442634,0.762737735217029,0.311567108489539
8,4.41,0.49976175729488,0.346230136322968,0.323485027780634,0.323859964464394,0.753707067754888,0.325779234414105
8,4.42,0.520372369763571,0.359753671548401,0.337106310379016,0.339670267503329,0.743064138971793,0.339918028086752
8,4.43,0.541121521069358,0.37316581641497,0.350639190608947,0.355451637027517,0.730892777483964,0.353980361919122
8,4.44,0.561994488235476,0.386465919785614,0.364083142116342,0.371206504774631,0.717285289352171,0.367963131031998
8,4.45,0.582974726706954,0.399653870524164,0.37743797766865,0.386938701431717,0.702342030252228,0.381863254563656
8,4.46,0.604043833570927,0.41273012660576,0.390703861771653,0.402653042654875,0.6861709575967,0.395677676665831
8,4.47,0.625181528010788,0.425695735849565,0.403881314817796,0.418354802498067,0.668887165528497,0.409403367051512
8,4.48,0.646365650833878,0.438552346928589,0.416971207528596,0.434049088175118,0.65061240423856,0.42303732096837
8,4.49,0.667572184755739,0.451302209476177,0.429974744729215,0.449740135934693,0.631474583650829,0.436576558495985
8,4.5,0.68877529693713,0.463948162327981,0.442893437852078,0.465430553446542,0.611607260237438,0.45001812310499
8,4.51,0.70994740506175,0.476493609208125,0.455729066004431,0.481120539204536,0.591149104624601,0.463359079471001
8,4.52,0.731059268022916,0.488942481480943,0.468483625941567,0.496807113742685,0.570243346749069,0.476596510603076
8,4.53,0.752080102066511,0.501299187932527,0.481159271844465,0.512483400607898,0.549037194626662,0.489727514420886
8,4.54,0.772977723023796,0.513568551902859,0.493758246380568,0.528137996708285,0.527681222279578,0.502749199990017
8,4.55,0.79371871506582,0.525755736439798,0.506282805093057,0.543754471551616,0.506328722012209,0.515658683692929
8,4.56,0.814268626219502,0.537866158469678,0.518735136673847,0.559311032754013,0.485135016007945,0.528453085664847
8,4.57,0.834592190694631,0.549905393255947,0.531117282080603,0.574780390874598,0.464256722149275,0.541129526850885
8,4.58,0.85465357786167,0.561879070631597,0.543431055710956,0.590129850085765,0.443850969087464,0.553685127035772
8,4.59,0.874416667463748,0.573792764634465,0.555677971906587,0.605321642545627,0.424074556000936,0.566117004156757
8,4.6,0.893845350305159,0.585651878247385,0.567859179897913,0.620313513897153,0.405083053321093,0.578422275133694
8,4.61,0.912903853190218,0.597461524958652,0.579975409908119,0.635059555548071,0.387029842132575,0.590598058342788
8,4.62,0.931557086246567,0.609226408832407,0.592026932528544,0.649511266908299,0.370065092124647,0.602641477731716
8,4.63,0.949771009917359,0.620950704740818,0.604013532696727,0.663618818307488,0.354334680981273,0.614549668437114
8,4.64,0.96751301782026,0.632637940389607,0.615934498718153,0.677332473663459,0.339979061951195,0.626319783636301
8,4.65,0.984752330340171,0.644290881792194,0.627788625853962,0.690604121881773,0.32713209090323,0.637949002258839
8,4.66,1.00146039226447,0.655911423932852,0.639574233137843,0.703388858106594,0.315919829162268,0.649434537112683
8,4.67,1.0176112660325,0.667500488509556,0.651289191369069,0.715646550832361,0.306459343415419,0.660773642951984
8,4.68,1.03318201033765,0.679057930849802,0.662930959720893,0.727343328852821,0.298857528455224,0.671963624030568
8,4.69,1.04815303201135,0.69058245831791,0.674496628142965,0.738452923189058,0.29320998193868,0.683001840741745
8,4.7,1.06250839749244,0.702071562736492,0.685982962728892,0.748957803422829,0.289599962190576,0.693885715031013
8,4.71,1.07623608894283,0.713521469475301,0.697386451438599,0.758850055019157,0.288097460004672,0.704612734369771
8,4.72,1.08932818944818,0.724927105862834,0.708703347955165,0.768131953882231,0.288758413230408,0.715180454181254
8,4.73,1.1017809820074,0.736282091400378,0.719929711945274,0.776816206104561,0.291624088737538,0.725586498702667
8,4.74,1.11359494844954,0.74757875186712,0.731061444503966,0.784925834159249,0.296720650409567,0.73582856034272
8,4.75,1.12477465728119,0.75880815877885,0.74209431802891,0.792493705156738,0.304058924591729,0.745904397649434
8,4.76,1.13532853395599,0.769960194804113,0.753024000136729,0.799561711742397,0.313634366485442,0.755811832042339
8,4.77,1.14526851322037,0.781023644678547,0.76384607148121,0.806179631230437,0.325427222949585,0.765548743492267
8,4.78,1.15460958084995,0.791986309946264,0.774556037467833,0.812403703083824,0.339402879618053,0.775113065357599
8,4.79,1.16336922076741,0.802835144581501,0.785149333916044,0.818294978209407,0.355512373674865,0.78450277861281
8,4.8,1.17156679237881,0.813556407317122,0.795621326754964,0.82391750499719,0.373693048453056,0.793715905734045
8,4.81,1.17922287080236,0.824135825464424,0.805967305910191,0.829336425768152,0.393869322570865,0.802750504533455
8,4.82,1.18635858809267,0.834558764297133,0.816182473698106,0.834616062467311,0.415953544852024,0.811604662252451
8,4.83,1.19299501522842,0.844810395826677,0.826261928309475,0.839818071309522,0.439846906989927,0.820276490226918
8,4.84,1.19915262156772,0.854875861110297,0.836200643314267,0.844999742173172,0.465440388881567,0.828764119420756
8,4.85,1.2048508404921,0.864740421128365,0.845993444490287,0.850212509778897,0.492615716630234,0.837065697088242
8,4.86,1.21010775791367,0.874389592660784,0.855634985577483,0.855500730564645,0.521246319911385,0.845179384774397
8,4.87,1.2149399261231,0.8838092672946,0.865119724698549,0.860900762718366,0.551198282821595,0.853103357800042
8,4.88,1.21936229173332,0.892985813433608,0.874441903114775,0.866440368558367,0.582331289250064,0.860835806305492
8,4.89,1.22338821588038,0.901906162660783,0.883595527720692,0.872138440088914,0.614499568892249,0.868374937841428
8,4.9,1.22702955926396,0.910557882788759,0.892574358307408,0.878005031758352,0.647552852223801,0.875718981394924
8,4.91,1.23029680455142,0.918929240313745,0.901371900266652,0.884041670505349,0.681337341708213,0.882866192626359
8,4.92,1.23319919313715,0.927009254814263,0.90998140317612,0.890241902868848,0.71569670272917,0.88981485998325
8,4.93,1.23574486021065,0.934787747287511,0.918395865649679,0.896592032498751,0.750473072448096,0.896563311272019
8,4.94,1.23794095929142,0.942255383726833,0.926608046919447,0.903071998661089,0.785508079496099,0.903109920229848
8,4.95,1.23979377315876,0.949403714614693,0.934610485745353,0.909656346852845,0.820643863368917,0.90945311265711
8,4.96,1.24130881173017,0.956225210548194,0.942395527312682,0.916315245869076,0.855724080235161,0.915591371741453
8,4.97,1.24249089908649,0.962713293942626,0.949955358704017,0.923015510971363,0.890594881559755,0.921523242310176
8,4.98,1.24334425213471,0.968862366623011,0.957282053298724,0.929721599515659,0.925105853010145,0.927247333866182
8,4.99,1.24387255301579,0.974667833046204,0.964367624089627,0.936396552806479,0.959110902941198,0.932762322375681
8,5,1.24407901678368,0.980126118843937,0.971204085467016,0.94300286537518,0.992469091826565,0.938066950870419
9,0,0,0,0,0,0,0
9,0.01,0,0,0,0,0,0
9,0.02,0,0,0,0,0,0
9,0.03,0,0,0,0,0,0
9,0.04,0,0,0,0,0,0
9,0.05,0,0,0,0,0,0
9,0.06,0,0,0,0,0,0
9,0.07,0,0,0,0,0,0
9,0.08,0,0,0,0,0,0
9,0.09,0,0,0,0,0,0
9,0.1,0,0,0,0,0,0
9,0.11,0,0,0,0,0,0
9,0.12,0,0,0,0,0,0
9,0.13,0,0,0,0,0,0
9,0.14,0,0,0,0,0,0
9,0.15,0,0,0,0,0,0
9,0.16,0,0,0,0,0,0
9,0.17,0,0,0,0,0,0
9,0.18,0,0,0,0,0,0
9,0.19,0,0,0,0,0,0
9,0.2,0,0,0,0,0,0
9,0.21,0,0,0,0,0,0
9,0.22,0,0,0,0,0,0
9,0.23,0,0,0,0,0,0
9,0.24,0,0,0,0,0,0
9,0.25,0,0,0,0,0,0
9,0.26,0,0,0,0,0,0
9,0.27,0,0,0,0,0,0
9,0.28,0,0,0,0,0,0
9,0.29,0,0,0,0,0,0
9,0.3,0,0,0,0,0,0
9,0.31,0,0,0,0,0,0
9,0.32,0,0,0,0,0,0
9,0.33,0,0,0,0,0,0
9,0.34,0,0,0,0,0,0
9,0.35,0,0,0,0,0,0
9,0.36,0,0,0,0,0,0
9,0.37,0,0,0,0,0,0
9,0.38,0,0,0,0,0,0
9,0.39,0,0,0,0,0,0
9,0.4,0,0,0,0,0,0
9,0.41,0,0,0,0,0,0
9,0.42,0,0,0,0,0,0
9,0.43,0,0,0,0,0,0
9,0.44,0,0,0,0,0,0
9,0.45,0,0,0,0,0,0
9,0.46,0,0,0,0,0,0
9,0.47,0,0,0,0,0,0
9,0.48,0,0,0,0,0,0
9,0.49,0,0,0,0,0,0
9,0.5,0,0,0,0,0,0
9,0.51,0,0,0,0,0,0
9,0.52,0,0,0,0,0,0
9,0.53,0,0,0,0,0,0
9,0.54,0,0,0,0,0,0
9,0.55,0,0,0,0,0,0
9,0.56,0,0,0,0,0,0
9,0.57,0,0,0,0,0,0
9,0.58,0,0,0,0,0,0
9,0.59,0,0,0,0,0,0
9,0.6,0,0,0,0,0,0
9,0.61,0,0,0,0,0,0
9,0.62,0,0,0,0,0,0
9,0.63,0,0,0,0,0,0
9,0.64,0,0,0,0,0,0
9,0.65,0,0,0,0,0,0
9,0.66,0,0,0,0,0,0
9,0.67,0,0,0,0,0,0
9,0.68,0,0,0,0,0,0
9,0.69,0,0,0,0,0,0
9,0.7,0,0,0,0,0,0
9,0.71,0,0,0,0,0,0
9,0.72,0,0,0,0,0,0
9,0.73,0,0,0,0,0,0
9,0.74,0,0,0,0,0,0
9,0.75,0,0,0,0,0,0
9,0.76,0,0,0,0,0,0
9,0.77,0,0,0,0,0,0
9,0.78,0,0,0,0,0,0
9,0.79,0,0,0,0,0,0
9,0.8,0,0,0,0,0,0
9,0.81,0,0,0,0,0,0
9,0.82,0,0,0,0,0,0
9,0.83,0,0,0,0,0,0
9,0.84,0,0,0,0,0,0
9,0.85,0,0,0,0,0,0
9,0.86,0,0,0,0,0,0
9,0.87,0,0,0,0,0,0
9,0.88,0,0,0,0,0,0
9,0.89,0,0,0,0,0,0
9,0.9,0,0,0,0,0,0
9,0.91,0,0,0,0,0,0
9,0.92,0,0,0,0,0,0
9,0.93,0,0,0,0,0,0
9,0.94,0,0,0,0,0,0
9,0.95,0,0,0,0,0,0
9,0.96,0,0,0,0,0,0
9,0.97,0,0,0,0,0,0
9,0.98,0,0,0,0,0,0
9,0.99,0,0,0,0,0,0
9,1,0,0,0,0,0,0
9,1.01,0.171147471149648,0.125539282230961,-0.20929834468624,0.0118014126288831,0.391717737356751,0.771216423280853
9,1.02,0.24184777719189,0.0572399717805856,0.0465144547410755,-0.128427754959465,0.700130122778133,0.754857482032453
9,1.03,0.293541784578277,0.0527451696887435,0.195514926117392,-0.229655096523745,0.974745550636549,0.767327071294621
9,1.04,0.336807380854256,0.121303078098691,0.208208769358704,-0.239584637056452,1.20924595565588,0.787279455922755
9,1.05,0.374727039106327,0.186455253715197,0.241156653514704,-0.245709603807411,1.41115493499389,0.813059712634362
9,1.06,0.409304444717875,0.245308056237888,0.297352886588753,-0.241719408454717,1.58011215958396,0.846574469739273
9,1.07,0.44197117073063,0.310688494866203,0.347279030071287,-0.205673026279828,1.71303378477546,0.888794377031655
9,1.08,0.473707775781563,0.38233371296737,0.389664163114388,-0.13786571029414,1.80677967154863,0.939121802680122
9,1.09,0.505318319730732,0.456474112845875,0.431116396788078,-0.0466534723923848,1.85884529385074,0.995065354338758
9,1.1,0.537600982998435,0.531366286043605,0.47413839804139,0.060607270012178,1.86852156532445,1.05289680308435
9,1.11,0.571365176793377,0.606614028200578,0.518270488266648,0.177645745479634,1.83720244773472,1.10834390066089
9,1.12,0.607370615257366,0.681845200994504,0.562765790025868,0.298292623287593,1.76801594993218,1.1571813338415
9,1.13,0.646195700651773,0.756370560492385,0.607376887629885,0.416797815625488,1.66540472019861,1.19573596630091
9,1.14,0.687998724835912,0.829350661621888,0.652192050265441,0.528625204388205,1.53493206986349,1.22125591709421
9,1.15,0.732193047357144,0.900013315924611,0.69739975971511,0.630909023953712,1.3834934494681,1.2321656972972
9,1.16,0.77724485031707,0.967802739562493,0.743108199518958,0.722380069289829,1.21987593328277,1.22833170232683
9,1.17,0.820987415611499,1.03242228002176,0.789143904038898,0.802870881008894,1.05481213423126,1.21132936673314
9,1.18,0.861523269757498,1.09372930345655,0.834918933126767,0.872612626600456,0.899355345221789,1.18434284078966
9,1.19,0.897963602653244,1.15154856367538,0.879550178584369,0.93161297448015,0.7622149989021,1.15142257326089
9,1.2,0.93038255347686,1.20556061018049,0.922163614497867,0.979410102266272,0.648318150771265,1.11651335970994
9,1.21,0.959345162370835,1.25532036586318,0.962127511701395,1.01526219660532,0.559268996273848,1.08281009613909
9,1.22,0.985519494697713,1.30034391155702,0.999106298567248,1.03853179650445,0.494589636977589,1.05254730598233
9,1.23,1.00949203657486,1.34019864928254,1.03298919379848,1.04901461117037,0.452781677914414,1.02705784391112
9,1.24,1.0317158195924,1.37456940573551,1.06377725017684,1.04712679156145,0.431956731123618,1.00693260681491
9,1.25,1.0525174185131,1.40329650368605,1.09148340543241,1.03396956216545,0.43013051296661,0.992187168587862
9,1.26,1.07212295228364,1.42639023981003,1.11606804693621,1.01130630268384,0.445325780317932,0.982404338750911
9,1.27,1.09068637397032,1.44402717366432,1.13741226419667,0.981469839875776,0.475585990911234,0.976856210259151
9,1.28,1.10831409483218,1.45653170095223,1.15532255014323,0.947204250824748,0.518956784122764,0.974619788828292
9,1.29,1.12508409354756,1.46434454866675,1.16955967996367,0.911447066674192,0.573465624733465,0.974695239858264
9,1.3,1.14105909874779,1.46798008362138,1.17988533631349,0.877071650183812,0.637116332230315,0.976123540951429
9,1.31,1.15629411082766,1.46797684842367,1.18611913103888,0.846626297209437,0.707906544804587,0.978089090267639
9,1.32,1.17083907546061,1.46484873481189,1.1881958598168,0.822115231359216,0.783867714328984,0.979989247923504
9,1.33,1.18473793829097,1.45904528696065,1.18621071012874,0.80486034862643,0.863119199318745,0.981459073108596
9,1.34,1.19802546550372,1.45092773883296,1.1804413573764,0.795462985357715,0.943923592355763,0.982352047191901
9,1.35,1.21072311395709,1.44076345811256,1.17134081763065,0.793860755017357,1.02473170304893,0.982689453423378
9,1.36,1.22283502723858,1.4287373393432,1.15950172647286,0.799455150079413,1.10421109779944,0.982596841861647
9,1.37,1.23434506728354,1.41497566258839,1.14559898751956,0.811276238373052,1.18125786982642,0.98224448080416
9,1.38,1.24521568900783,1.39957630382497,1.13032194649896,0.828151182184457,1.2549944160313,0.98180241717191
9,1.39,1.25538932746722,1.38263874585393,1.11430885118142,0.848850357202431,1.32475627470724,0.981413447458212
9,1.4,1.26479265968376,1.36428797451252,1.09809528168589,0.872195115649542,1.39007031306897,0.981181729127944
9,1.41,1.27334356938823,1.34468807157387,1.08208466269153,0.897122052289483,1.45062642365934,0.981172061942713
9,1.42,1.28095997097803,1.32404395290742,1.06654358568535,0.922708011571692,1.50624571256217,0.981414745796994
9,1.43,1.28756906478618,1.30259263451149,1.05161885785907,0.948166520901515,1.55684907632047,0.981912323655584
9,1.44,1.29311536508492,1.28058775047713,1.03736868704194,0.972828989745433,1.60243002123236,0.982646296472712
9,1.45,1.29756611706099,1.25828207645252,1.02379851473414,0.996122966954563,1.64303423179084,0.983583258725412
9,1.46,1.30091342015661,1.23591235565465,1.01089297149457,1.01755605989462,1.67874629757884,0.984680562603451
9,1.47,1.30317321407187,1.21368918668968,0.998638431593832,1.03670939209882,1.70968214209891,0.98589169127448
9,1.48,1.30438192900301,1.19179281684391,0.987034342185085,1.05324022508351,1.73598479354447,0.987171300329339
9,1.49,1.30459186651063,1.17037403964038,0.976094678775226,1.06689054957246,1.75782130055589,0.988479645354758
9,1.5,1.30386628557454,1.14955840035318,0.9658428258835,1.07749733064214,1.77537941407418,0.98978600704258
9,1.51,1.30227487795931,1.12945164816893,0.956303745346047,1.08500040550472,1.78886358034741,0.991070782228599
9,1.52,1.2998899960863,1.11014470163032,0.947496724525512,1.089445246204,1.79849044543821,0.992326078808736
9,1.53,1.29678374650622,1.09171706643956,0.939430755653525,1.09097934211249,1.80448434961196,0.993554858829662
9,1.54,1.29302590973703,1.07423839333282,0.93210319469243,1.08984237384596,1.80707327131916,0.994768855117841
9,1.55,1.28868257512641,1.05776847030523,0.925501204323187,1.08635136538517,1.80648551223727,0.995985609176828
9,1.56,1.28381535725601,1.04235628494883,0.919604841740304,1.08088251977434,1.80294722241822,0.997225034290039
9,1.57,1.27848106323511,1.0280388538314,0.914390539594961,1.07385151417839,1.79668071734577,0.998505906302659
9,1.58,1.27273169312814,1.01484036703284,0.909834011835414,1.06569378749407,1.78790345487362,0.999842640423141
9,1.59,1.26661467185135,1.00277194789411,0.905912080764257,1.05684596004329,1.77682750829562,1.00124264125087
9,1.6,1.26017322765717,0.991832084789493,0.902603367185413,1.04772911985213,1.76365937235981,1.00270442870475
9,1.61,1.2534468489167,0.982007619829853,0.899888086900018,1.03873438269734,1.74859995577286,1.00421665511253
9,1.62,1.24647176671484,0.973275099739895,0.89774731883943,1.03021091604208,1.73184463758134,1.00575804569954
9,1.63,1.23928142515042,0.965602292092061,0.896162086505064,1.02245649821748,1.71358329183557,1.00729822058796
9,1.64,1.23190691363114,0.958949713716894,0.895112491017999,1.01571062825603,1.69400021336202,1.00879929378294
9,1.65,1.22437734557515,0.95327207531424,0.894577015325121,1.01015017047122,1.6732739058123,1.01021809509621
9,1.66,1.21672017580139,0.948519595114473,0.894532027507434,1.00588748434315,1.651576719843,1.0115088257416
9,1.67,1.20896145478083,0.944639165885173,0.894951462359268,1.00297094373001,1.62907435293143,1.01262593829434
9,1.68,1.20112602220269,0.94157537478005,0.895806649208325,1.00138769223965,1.60592524200695,1.01352702710708
9,1.69,1.19323764533135,0.939271380612948,0.897066264737458,1.00106842255367,1.58227989520771,1.01417552550214
9,1.7,1.18531910963301,0.937669654582828,0.898696406088679,1.00189391532595,1.55828021922122,1.01454302950404
9,1.71,1.17739227027428,0.936712592417384,0.900660790628138,1.00370303288439,1.53405890338828,1.01461110207465
9,1.72,1.16947807340911,0.936343009591367,0.902921089939775,1.00630183484712,1.50973892064296,1.01437245373706
9,1.73,1.16159655574507,0.936504535887857,0.905437397721546,1.00947346460553,1.48543319828351,1.01383144185012
9,1.74,1.15376682983049,0.937141929483734,0.908168817969475,1.01298844455577,1.46124449885758,1.01300387835823
9,1.75,1.14600706101107,0.938201332560288,0.911074145495511,1.01661501231313,1.43726553404615,1.01191618151785
9,1.76,1.13833444030899,0.9396304895086,0.914112599073186,1.02012913018935,1.41357931388965,1.0106039481339
9,1.77,1.13076515583878,0.941378945237785,0.917244560724103,1.02332380792745,1.39025971202854,1.00911005688461
9,1.78,1.12331436402795,0.943398235583376,0.920432273928768,1.02601739693203,1.36737220710516,1.00748243854988
9,1.79,1.1159961610198,0.945642075319197,0.923640458790424,1.02806054576262,1.34497474337383,1.00577166417057
9,1.8,1.10882355426535,0.94806654282965,0.926836812352847,1.0293415532665,1.32311864190902,1.00402850681722
9,1.81,1.10180843441749,0.950630255052519,0.929992375572014,1.02978991768314,1.30184948906693,1.00230162689273
9,1.82,1.09496154809419,0.953294522631654,0.933081762610833,1.02937795585288,1.28120793175335,1.00063551555893
9,1.83,1.08829247269701,0.956023473841537,0.936083260849052,1.02812045308873,1.26123031936469,0.999068807369183
9,1.84,1.08180959506944,0.958784136938736,0.93897881934659,1.02607239666542,1.24194914883094,0.997633043386937
9,1.85,1.07552009619835,0.961546473937618,0.941753948315619,1.02332493857228,1.22339329001356,0.996351932195546
9,1.86,1.06942994430335,0.964283363778799,0.944397552297503,1.01999982001735,1.2055879912769,0.995241120684136
9,1.87,1.06354389849009,0.96697053852014,0.946901716051387,1.01624256509792,1.18855468670374,0.994308451820719
9,1.88,1.0578655246934,0.969586481440308,0.949261456230985,1.01221480869341,1.17231064478566,0.993554655203016
9,1.89,1.05239722497938,0.972112299779108,0.951474445666473,1.00808615984437,1.15686851174259,0.992974390159246
9,1.9,1.04714028051071,0.974531586509563,0.953540712238725,1.00402601420298,1.14223580999951,0.992557542273292
9,1.91,1.04209490770986,0.976830284756211,0.955462312134671,1.000195717098,1.12841445371513,0.992290663552598
9,1.92,1.03726032647051,0.978996565463385,0.957242978111621,0.996741443912147,1.11540033927571,0.992158444451243
9,1.93,1.03263483873245,0.98102072434404,0.958887746860493,0.993788110216416,1.10318306045962,0.992145112257652
9,1.94,1.02821591538197,0.982895098953154,0.960402574582657,0.991434555230776,1.09174578686465,0.992235663906427
9,1.95,1.02400028926976,0.984614001937885,0.961793955085592,0.989750164249693,1.08106533144859,0.99241686046422
9,1.96,1.01998405212488,0.98617366296668,0.963068558679143,0.988773014369708,1.07111241976309,0.992677933401889
9,1.97,1.01616275324339,0.987572170054647,0.96423291186215,0.988509548396894,1.0618521605209,0.993010977207443
9,1.98,1.01253149799341,0.988809401110863,0.965293136693634,0.988935708506512,1.05324470516627,0.993411026923036
9,1.99,1.00908504435991,0.989886938292006,0.966254764885464,0.989999397272277,1.04524607358571,0.99387584108786
9,2,1.00581789591979,0.990807960643105,0.967122635582848,0.991624081146617,1.0378091143483,0.994405429015382
9,2.01,1.00272438977639,0.991577113897175,0.967900878414601,0.993713311435895,1.03088456116365,0.995001375454484
9,2.02,0.99979877809722,0.992200359558371,0.968592975754585,0.99615591058619,1.02442214278006,0.995666025051702
9,2.03,0.997035302006061,0.992684807995975,0.969201891269998,0.998831556948049,1.0183717014216,0.996401593616706
9,2.04,0.994428256707596,0.993038541903741,0.969730246595656,1.00161649854741,1.01268427509926,0.997209273291999
9,2.05,0.991972046892982,0.99327043701171,0.970180524941659,1.00438913495669,1.00731310164249,0.998088394876083
9,2.06,0.989661231706342,0.993389986446278,0.970555279858126,1.00703522517118,1.00221450689578,0.99903570343516
9,2.07,0.987490558849561,0.993407133838943,0.970857329147312,1.0094525073253,0.997348645923714,1.00004479372335
9,2.08,0.985454987757067,0.993332118501329,0.97108991762467,1.01155455181311,0.992680073888724,1.00110574058563
9,2.09,0.983549702162126,0.993175334070669,0.971256837443895,1.01327371136777,0.988178132057094,1.00220494717259
9,2.1,0.981770112771842,0.992947200327423,0.971362500241077,1.01456307812037,0.983817143638616,1.00332522111316
9,2.11,0.980111851136652,0.992658046671187,0.971411960634692,1.01539740658653,0.97957642333233,1.00444607635044
9,2.12,0.978570756110547,0.992318005182772,0.97141089497297,1.01577301072481,0.975440112993733,1.00554424664169
9,2.13,0.977142854525557,0.991936911338636,0.971365542200599,1.01570669038997,0.971396863260371,1.0065943861777
9,2.14,0.97582433783152,0.991524211183609,0.971282615158395,1.01523378541502,0.967439386862906,1.00756992374368
9,2.15,0.974611536473362,0.991088874899633,0.971169190655981,1.01440549212594,0.963563913426645,1.00844402962206
9,2.16,0.97350089369598,0.990639317950478,0.971032585628526,1.0132856055805,0.959769577710562,1.00919064926788
9,2.17,0.97248894029361,0.990183332039182,0.970880225102445,1.0119468699578,0.956057773479418,1.00978555484752
9,2.18,0.97157227157552,0.989728028736402,0.970719506070262,1.01046712861917,0.952431503753258,1.01020736512063
9,2.19,0.970747527527497,0.989279798670608,0.970557660137847,1.00892546436399,0.948894755335897,1.01043848586849
9,2.2,0.970011376835588,0.988844288587208,0.97040161721088,1.00739850990376,0.945451921662792,1.01046592702888
9,2.21,0.969360505130897,0.988426397481579,0.970257872577414,1.00595708972877,0.942107293511694,1.01028195867268
9,2.22,0.968791607534141,0.988030291588718,0.970132360374019,1.00466332894583,0.938864632332096,1.00988457563137
9,2.23,0.968301385342177,0.987659436521828,0.970030337314342,1.00356833420351,0.935726836148011,1.00927774954628
9,2.24,0.967886546514471,0.987316643544723,0.969956281376679,1.00271051848227,0.932695703367725,1.00847145688775
9,2.25,0.967543809486368,0.987004126039978,0.969913810584534,1.00211460724078,0.929771795512717,1.00748148158121
9,2.26,0.96726990975282,0.986723561813573,0.969905626857595,1.00179132992372,0.926954395917576,1.00632900077683
9,2.27,0.967061608621356,0.986476156977914,0.969933489075938,1.00173776962543,0.924241557882516,1.00503997154062
9,2.28,0.966915703515936,0.986262707710377,0.969998218038913,1.00193831594203,0.921630232600488,1.0036443444164
9,2.29,0.966829039214113,0.986083657060823,0.970099734075936,1.00236614260098,0.919116464460924,1.00217513657433
9,2.3,0.966798519412199,0.985939145014403,0.970237125916533,1.00298511292762,0.916695639099362,1.0006674023717
9,2.31,0.966821118034088,0.985829051041515,0.970408747314643,1.00375200295257,0.914362767882083,0.999157142449063
9,2.32,0.966893889729988,0.985753029249986,0.970612336093418,1.00461892413772,0.912112791464555,0.997680193902376
9,2.33,0.967013979054915,0.985710536905023,0.970845148925638,1.00553582528313,0.909940884718061,0.996271143631338
9,2.34,0.96717862787757,0.985700857461841,0.97110410441269,1.00645295599148,0.907842745741023,0.994962304768297
9,2.35,0.967385180651372,0.985723119373597,0.971385926911651,1.0073231817717,0.905814852890624,0.993782792312269
9,2.36,0.967631087281861,0.985776311841157,0.971687284047401,1.00810405296839,0.903854675773382,0.992757728960053
9,2.37,0.967913903445906,0.985859298432996,0.972004911831807,1.00875954556315,0.901960828855344,0.991907605916281
9,2.38,0.968231288352674,0.985970829203825,0.972335722646465,1.00926141072632,0.900133159672703,0.991247816483175
9,2.39,0.968581000075614,0.986109551654737,0.972676892858852,1.00959009089725,0.898372767368415,0.990788372802637
9,2.4,0.96896088871901,0.986274020664529,0.973025928366282,1.00973518214707,0.896681951233436,0.990533808575945
9,2.41,0.969368887801575,0.986462707415918,0.9733807077545,1.00969544459081,0.895064092849764,0.990483263239541
9,2.42,0.969803004334199,0.986674007348938,0.973739503915884,1.00947838363156,0.893523479067816,0.990630736229024
9,2.43,0.970261308132244,0.986906247278553,0.974100985843742,1.00909944386036,0.892065076171718,0.990965493887499
9,2.44,0.97074192093089,0.987157691976197,0.974464202901203,1.00858087364124,0.890694268000671,0.991472606498305
9,2.45,0.971243005864182,0.987426550686452,0.974828554193923,1.00795033108033,0.889416572367922,0.992133589026732
9,2.46,0.971762757826982,0.987710984180772,0.975193745819365,1.00723931071904,0.888237350784201,0.992927116564184
9,2.47,0.972299395169111,0.988009112999885,0.975559738794145,1.00648147464306,0.887161526254586,0.993829784242454
9,2.48,0.972851153079307,0.988319027482194,0.975926690438651,1.0057109717441,0.886193322847794,0.99481688152007
9,2.49,0.973416278911198,0.988638800015414,0.976294891967152,1.00496082483094,0.885336038960557,0.995863152166211
9,2.5,0.973993029592299,0.988966499701615,0.976664705006866,1.00426145759311,0.884591863881368,0.996943513847707
9,2.51,0.974579671147363,0.989300209327204,0.977036499739259,1.00363942268347,0.883961744581546,0.998033714775406
9,2.52,0.97517448026543,0.98963804422355,0.977410597290006,1.00311637913567,0.883445306814233,0.999110909160588
9,2.53,0.975775747750149,0.989978172335748,0.977787218850806,1.00270835277412,0.883040831758224,1.00015413801662
9,2.54,0.976381783618324,0.990318834623913,0.978166443760422,1.00242529802604,0.882745286755068,1.00114470685195
9,2.55,0.976990923553593,0.99065836482698,0.978548178381791,1.00227096439505,0.882554406276985,1.00206645677963
9,2.56,0.977601536380952,0.990995207630804,0.978932137085558,1.00224305651891,0.882462817220135,1.00290593027852
9,2.57,0.97821203220301,0.991327934391412,0.979317836009672,1.00233366382341,0.882464201001946,1.00365243707614
9,2.58,0.978820870829345,0.991655255748755,0.979704599552074,1.00252992479308,0.882551483783694,1.00429802922046
9,2.59,0.979426570135204,0.991976030696415,0.980091578825336,1.00281488217158,0.882717045447334,1.00483739724845
9,2.6,0.98002771400373,0.992289271916113,0.980477780620635,1.00316847921334,0.882952937716243,1.00526770137628
9,2.61,0.980622959536041,0.992594147413424,0.980862104852478,1.00356864354162,0.883251101994858,1.00558835280731
9,2.62,0.981211043254475,0.992889978680511,0.981243388032735,1.00399240421631,0.883603578072311,1.00580076060214
9,2.63,0.981790786074904,0.993176235750037,0.981620450083273,1.00441698916124,0.884002695740632,1.00590805914093
9,2.64,0.982361096882387,0.993452529588362,0.981992141751264,1.00482085393308,0.884441242562472,1.0059148301235
9,2.65,0.982920974608368,0.993718602310831,0.982357390030643,1.00518459863807,0.884912602424296,1.00582683141352
9,2.66,0.98346950877448,0.993974315698614,0.982715239290398,1.00549173725747,0.885410861062001,1.00565074296999
9,2.67,0.984005878534746,0.994219638469256,0.98306488622642,1.00572929231416,0.885930876377207,1.00539393776289
9,2.68,0.98452935031134,0.994454632715993,0.983405707242811,1.00588819725367,0.886468313003322,1.00506428308069
9,2.69,0.98503927417587,0.994679439895442,0.98373727738495,1.00596349866033,0.887019642160864,1.00466997514069
9,2.7,0.985535079175655,0.994894266716439,0.984059380449453,1.00595436002487,0.887582109295429,1.00421940753495
9,2.71,0.986016267840193,0.995099371266645,0.984372010353369,1.00586387779054,0.888153673259677,1.00372107189301
9,2.72,0.986482410125655,0.995295049705162,0.98467536423593,1.00569872844165,0.888732921833224,1.0031834873091
9,2.73,0.986933137063868,0.995481623842548,0.984969828080999,1.00546867213482,0.8893189691343,1.0026151536349
9,2.74,0.98736813437737,0.995659429916284,0.985255955887074,1.00518594355858,0.889911340941927,1.00202452272462
9,2.75,0.98778713630451,0.99582880884239,0.985534443580534,1.00486456417759,0.890509854110177,1.00141998115835
9,2.76,0.98818991985021,0.995990098177137,0.985806098976729,1.00451961170239,0.891114496125326,1.000809837861
9,2.77,0.988576299641111,0.996143625954788,0.986071809152355,1.00416648254284,0.891725310454998,1.00020231035223
9,2.78,0.988946123520954,0.996289706480424,0.986332506609067,1.00382018126113,0.892342292700855,0.999605504063125
9,2.79,0.989299268975996,0.996428638057123,0.986589135586965,1.00349466781865,0.892965301737083,0.999027380175874
9,2.8,0.989635640433591,0.99656070252305,0.98684261982828,1.0032022889539,0.893593989046621,0.99847570870844
9,2.81,0.989955167432076,0.996686166376534,0.987093832995129,1.00295331462443,0.894227748409412,0.997958004992889
9,2.82,0.990257803618887,0.996805283185857,0.987343572808631,1.00275559440753,0.894865687005886,0.997481449196001
9,2.83,0.990543526497846,0.996918296923198,0.98759253979942,1.00261434240535,0.895506617926016,0.997052790016438
9,2.84,0.990812337816936,0.997025445833835,0.987841321344082,1.0025320528533,0.896149073066894,0.996678235082169
9,2.85,0.991064264465399,0.99712696645376,0.988090381414594,1.00250854257766,0.896791334500963,0.996363331791952
9,2.86,0.991299359733873,0.997223097418987,0.988340056198953,1.0025411109438,0.897431481636954,0.996112843334937
9,2.87,0.991517704783603,0.997314082762952,0.988590555474908,1.00262480319359,0.8980674509021,0.995930625337232
9,2.88,0.991719410170342,0.997400174467417,0.988841969351089,1.00275275925222,0.898697104264905,0.995819508993842
9,2.89,0.991904617274827,0.997481634109277,0.989094279747628,1.00291662730099,0.899318302701227,0.99578119663624
9,2.9,0.992073499504188,0.997558733523054,0.989347375786589,1.00310701972372,0.899928980682699,0.995816175463266
9,2.91,0.992226263146388,0.997631754470305,0.989601072113379,1.00331398844603,0.900527217927026,0.995923654644943
9,2.92,0.992363147782001,0.997700987368086,0.989855129081562,1.00352749716017,0.901111304977862,0.996101530227136
9,2.93,0.992484426183078,0.99776672917661,0.990109273707921,1.0037378693804,0.901679799654586,0.996346381262823
9,2.94,0.992590403656435,0.997829280580578,0.990363220340145,1.00393619358401,0.902231571999793,0.996653499424716
9,2.95,0.99268141681709,0.99788894262054,0.990616690069523,1.00411466971259,0.902765836021248,0.997016953071022
9,2.96,0.992757831805459,0.997946012941855,0.99086942805554,1.00426688486254,0.903282167239152,0.99742968540144
9,2.97,0.992820041988056,0.998000781831866,0.991121218096097,1.0043880098971,0.903780505771831,0.997883645013875
9,2.98,0.992868465204592,0.998053528213029,0.991371893963224,1.00447491276945,0.904261145387832,0.998369945911473
9,2.99,0.992903540643571,0.998104515752719,0.991621347217161,1.00452618836822,0.904724709587188,0.998879052867127
9,3,0.992925725442925,0.998153989240349,0.991869531400219,1.00454210850191,0.905172116321588,0.999400987074626
9,3.01,0.99293549112146,0.998202171369638,0.992116462687116,1.00452449906555,0.905604533400688,0.999925546239584
9,3.02,0.992933319950607,0.998249260048105,0.99236221722351,1.00447655434594,0.906023326945144,1.00044253271732
9,3.03,0.992919701374397,0.998295426336789,0.992606925515103,1.00440260071347,0.906430005428884,1.00094198300629
9,3.04,0.992895128578983,0.998340813100187,0.992850764333381,1.00430782354813,0.906826161903837,1.00141439186154
9,3.05,0.992860095302149,0.998385534419479,0.993093946680052,1.00419797211877,0.907213416926571,1.00185092449824
9,3.06,0.992815092958742,0.998429675791706,0.993336710400741,1.00407905727825,0.907593364520732,1.00224361079785
9,3.07,0.992760608140956,0.998473295104629,0.993579306060372,1.00395705628783,0.907967523229103,1.00258551608337
9,3.08,0.992697120533745,0.998516424343385,0.993821984689193,1.00383763790685,0.908337293954738,1.002870883866
9,3.09,0.992625101266383,0.998559071952612,0.994064985981049,1.00372591917072,0.908703925884284,1.00309524694425
9,3.1,0.992545011702344,0.998601225748902,0.994308527476131,1.00362626314123,0.909068491350657,1.00325550431653
9,3.11,0.992457302651916,0.998642856255153,0.994552795191209,1.00354212447416,0.909431870048549,1.00334996250414
9,3.12,0.992362413976236,0.998683920312466,0.99479793607411,1.00347594703913,0.909794742584893,1.00337834102946
9,3.13,0.992260774538026,0.998724364817666,0.995044052559456,1.00342911517793,0.910157592945101,1.00334174290856
9,3.14,0.992152802443896,0.998764130435628,0.995291199393688,1.00340195762276,0.910520719099474,1.00324259205993
9,3.15,0.992038905515718,0.998803155144959,0.995539382784155,1.00339380072845,0.910884250674486,1.00308454046515
9,3.16,0.991919481924428,0.998841377492097,0.995788561814887,1.00340306559898,0.911248172379168,1.00287234871365
9,3.17,0.991794920918695,0.99887873945089,0.996038651966167,1.00342740198457,0.91161235171306,1.00261174420132
9,3.18,0.991665603582947,0.998915188810425,0.996289530481391,1.00346385054836,0.911976569391452,1.00230926171517
9,3.19,0.991531903564094,0.998950681041195,0.996541043247579,1.00350902428247,0.912340550905408,1.00197207141837
9,3.2,0.991394187713488,0.998985180616898,0.996793012798785,1.00355929950366,0.912703997685053,1.0016077993508
9,3.21,0.99125281659982,0.999018661794719,0.99704524701684,1.00361100696672,0.913066616449102,1.0012243454888
9,3.22,0.9911081448593,0.999051108879654,0.997297548092129,1.00366061416833,0.913428145493637,1.00082970417664
9,3.23,0.990960521360933,0.999082516017589,0.997549721317873,1.00370489082727,0.913788376888902,1.00043179137108
9,3.24,0.990810289176604,0.999112886577058,0.997801583322624,1.00374105075518,0.914147173802927,1.00003828265232
9,3.25,0.990657785357314,0.999142232190805,0.998052969394434,1.00376686480296,0.914504482442777,0.999656465375445
9,3.26,0.990503340527828,0.999170571535563,0.998303739612601,1.00378074120023,0.914860338385107,0.999293107693713
9,3.27,0.990347278321682,0.999197928932146,0.998553783574753,1.00378177131662,0.915214867344458,0.998954346506844
9,3.28,0.990189914686594,0.999224332848265,0.998803023584001,1.00376974058076,0.915568280688014,0.99864559570083
9,3.29,0.990031557096472,0.999249814383795,0.999051416238857,1.00374510591856,0.915920866237975,0.998371475375984
9,3.3,0.989872503710253,0.999274405812746,0.999298952443729,1.00370894254571,0.916272975097728,0.998135762129608
9,3.31,0.989713042519633,0.999298139248235,0.999545655927035,1.00366286421239,0.916625005388164,0.997941359887749
9,3.32,0.989553450527388,0.999321045486631,0.999791580414651,1.00360892200271,0.916977383880667,0.99779029028221
9,3.33,0.989393992995574,0.99934315307504,1.00003680565671,1.00354948750682,0.917330546561182,0.997683701155007
9,3.34,0.989234922798631,0.999364487632874,1.0002814325444,1.00348712659215,0.917684919155613,0.997621891449153
9,3.35,0.989076479910691,0.999385071443969,1.0005255775796,1.00342447009992,0.918040898593439,0.997604350514114
9,3.36,0.988918891049427,0.999404923321115,1.00076936697385,1.003364087597,0.918398836289073,0.997629809714361
9,3.37,0.988762369491128,0.999424058730752,1.00101293065428,1.00330836984648,0.918759023986181,0.997696304174557
9,3.38,0.988607115063629,0.999442490152576,1.00125639644361,1.00325942495935,0.91912168274748,0.997801242516338
9,3.39,0.988453314315754,0.999460227637644,1.00149988465976,1.00321899230013,0.919486955490931,0.997941482528238
9,3.4,0.988301140854365,0.999477279519801,1.00174350334992,1.00318837719286,0.919854903282562,0.998113410849355
9,3.41,0.988150755833301,0.999493653229362,1.00198734433499,1.00316840836374,0.92022550540612,0.998313024925194
9,3.42,0.988002308572682,0.999509356155137,1.00223148019554,1.0031594189205,0.920598663049464,0.998536015696983
9,3.43,0.987855937282527,0.999524396501159,1.00247596228217,1.00316125055717,0.920974206285016,0.99877784970028
9,3.44,0.98771176986143,0.999538784087692,1.00272081978281,1.00317327963758,0.921351903883432,0.999033849462911
9,3.45,0.987569924739282,0.999552531051839,1.00296605983034,1.0031944628923,0.921731475390892,0.999299271295485
9,3.46,0.98743051173275,0.999565652410885,1.00321166858789,1.0032233996986,0.922112604824434,0.999569379751672
9,3.47,0.987293632883288,0.999578166460758,1.00345761320784,1.00325840732595,0.922494955298033,0.999839518193704
9,3.48,0.987159383249797,0.999590094992068,1.00370384452651,1.00329760513802,0.922878183884511,1.00010517502741
9,3.49,0.987027851631504,0.999601463316447,1.00395030033058,1.00333900355195,0.923261956043138,1.000362045269
9,3.5,0.98689912120096,0.999612300105831,1.00419690901424,1.00338059356542,0.923645958996749,1.00060608717346
9,3.51,0.986773270032041,0.999622637056411,1.00444359343884,1.00342043285859,0.924029913521134,1.00083357369427
9,3.52,0.986650371513242,0.999632508396878,1.0046902748084,1.00345672484358,0.924413583708213,1.00104113856113
9,3.53,0.986530494642099,0.999641950267045,1.00493687638508,1.00348788754235,0.924796784377414,1.00122581676078
9,3.54,0.986413704202003,0.999650999997824,1.00518332688635,1.00351260979386,0.925179385930725,1.00138507919382
9,3.55,0.986300060827787,0.999659695326707,1.0054295634304,1.0035298929897,0.925561316570246,1.00151686126275
9,3.56,0.986189620970989,0.999668073584516,1.00567553392451,1.0035390772777,0.925942561916957,1.00161958513134
9,3.57,0.986082436779566,0.999676170889109,1.00592119882366,1.00353985192012,0.926323162180868,1.00169217538801
9,3.58,0.985978555909743,0.999684021380263,1.00616653221899,1.00353225021299,0.926703207131111,1.00173406785279
9,3.59,0.985878021289768,0.999691656527051,1.00641152224895,1.00351663003443,0.927082829196521,1.00174521129161
9,3.6,0.985780870856335,0.999699104535017,1.00665617085642,1.0034936416669,0.927462195090028,1.00172606184771
9,3.61,0.985687137284531,0.999706389875372,1.00690049294317,1.00346418500877,0.927841496392268,1.00167757006783
9,3.62,0.985596847731281,0.999713532952664,1.00714451499653,1.00342935864035,0.928220939550514,1.0016011604923
9,3.63,0.98551002361059,0.99972054992098,1.00738827328195,1.00339040342858,0.928600735748795,1.00149870388987
9,3.64,0.98542668041644,0.999727452652191,1.00763181170894,1.00334864344118,0.928981091085006,1.00137248234899
9,3.65,0.985346827606264,0.999734248853139,1.00787517948563,1.00330542689888,0.929362197453112,1.00122514758174
9,3.66,0.985270468554524,0.999740942322429,1.00811842867972,1.00326206973187,0.929744224475705,1.00105967295016
9,3.67,0.985197600582344,0.999747533331804,1.00836161180064,1.00321980403958,0.930127312767458,1.00087929988175
9,3.68,0.985128215065486,0.999754019112293,1.00860477951027,1.00317973339797,0.930511568736859,1.00068747949347
9,3.69,0.985062297619447,0.999760394421513,1.00884797855691,1.0031427965379,0.930897061055619,1.00048781038763
9,3.7,0.984999828357153,0.999766652165981,1.00909125001225,1.00310974045437,0.931283818846062,1.00028397370926
9,3.71,0.984940782211877,0.999772784051018,1.00933462787229,1.00308110352248,0.931671831559983,1.00007966665974
9,3.72,0.984885129315575,0.999778781230846,1.0095781380633,1.00305720871602,0.932061050451256,0.999878535738614
9,3.73,0.984832835421037,0.9997846349328,1.00982179787314,1.00303816656874,0.932451391481567,0.999684111031157
9,3.74,0.984783862355022,0.999790337031961,1.01006561580756,1.00302388710645,0.932842739446367,0.999499742871017
9,3.75,0.984738168488946,0.999795880555882,1.01030959185169,1.00301409962652,0.93323495306829,0.999328542182149
9,3.76,0.984695709213739,0.999801260103185,1.0105537180995,1.00300837892084,0.933627870778734,0.999173325743374
9,3.77,0.984656437406063,0.999806472164347,1.01079797969914,1.00300617633904,0.934021316895781,0.99903656752246
9,3.78,0.984620303874209,0.99981151533783,1.01104235605066,1.00300685397359,0.934415107907678,0.998920357097439
9,3.79,0.984587257773549,0.999816390439516,1.01128682218452,1.00300972021823,0.934809058585076,0.998826366024517
9,3.8,0.984557246983279,0.999821100507989,1.01153135024531,1.00301406500147,0.935202987670753,0.998755822829034
9,3.81,0.984530218438339,0.999825650712381,1.01177591100473,1.00301919312195,0.93559672293077,0.998709497094085
9,3.82,0.98450611841261,0.999830048173114,1.01202047533105,1.00302445429998,0.93599010539388,0.998687692906811
9,3.83,0.984484892751788,0.999834301708787,1.01226501554864,1.00302926880014,0.936382992654023,0.998690251701439
9,3.84,0.984466487056465,0.999838421524644,1.01250950663053,1.00303314775603,0.936775261161487,0.998716564317694
9,3.85,0.984450846817978,0.999842418859436,1.01275392717793,1.00303570762889,0.937166807479242,0.998765591879674
9,3.86,0.984437917511305,0.999846305608071,1.01299826015361,1.00303667853852,0.937557548529673,0.998835894899902
9,3.87,0.984427644650705,0.999850093937295,1.01324249334946,1.00303590650572,0.937947420901404,0.998925669831641
9,3.88,0.984419973814837,0.99985379591076,1.01348661958206,1.00303334992572,0.938336379324185,0.999032792134543
9,3.89,0.984414850648775,0.999857423138339,1.01373063662335,1.00302907084022,0.938724394450606,0.999154864788264
9,3.9,0.984412220850555,0.999860986462517,1.01397454688544,1.00302322178298,0.939111450105668,0.99928927108879
9,3.91,0.984412030149819,0.999864495692275,1.01421835688877,1.00301602913236,0.939497540178526,0.99943323049471
9,3.92,0.984414224285595,0.999867959392135,1.01446207655172,1.0030077740096,0.939882665334938,0.999583856256431
9,3.93,0.984418748989529,0.99987138473119,1.01470571834555,1.00299877181329,0.940266829724529,0.999738213559977
9,3.94,0.984425549979812,0.999874777394016,1.01494929636281,1.002989351477,0.940650037844659,0.999893376947375
9,3.95,0.984434572969883,0.999878141552593,1.01519282534847,1.00297983548413,0.941032291703642,1.00004648583544
9,3.96,0.984445763694623,0.999881479895765,1.01543631974237,1.00297052157549,0.941413588401478,1.00019479704109
9,3.97,0.98445906795544,0.999884793710539,1.01567979277845,1.00296166694851,0.941793918217897,1.00033573333037
9,3.98,0.984474431684279,0.999888083007654,1.01592325568126,1.00295347558115,0.942173263266666,1.00046692713642
9,3.99,0.984491801025352,0.999891346682499,1.01616671699351,1.00294608912749,0.94255159674368,1.0005862587336
9,4,0.98451112243229,0.999894582701556,1.01641018206094,1.00293958163548,0.942928882765566,1.00069188830695
9,4.01,0.984532342777489,0.999897788304202,1.01665365269191,1.00293395814029,0.94330507676699,1.0007822815132
9,4.02,0.984555409469759,0.999900960209832,1.01689712700025,1.00292915699805,0.94368012639964,1.00085622828703
9,4.03,0.984580270575879,0.999904094820833,1.01714059943112,1.00292505565271,0.944053972854896,1.00091285480088
9,4.04,0.984606874941539,0.999907188412968,1.01738406096088,1.00292147938086,0.944426552516292,1.00095162863351
9,4.05,0.984635172307107,0.999910237305988,1.01762749945471,1.00291821244013,0.944797798837314,1.00097235733962
9,4.06,0.984665113414013,0.999913238008882,1.017870900159,1.00291501096137,0.945167644335154,1.00097518073651
9,4.07,0.984696650097965,0.999916187335833,1.01811424630047,1.00291161687418,0.945536022591491,1.00096055733301
9,4.08,0.984729735365903,0.999919082490722,1.01835751976037,1.002907772141,0.945902870157012,1.00092924541816
9,4.09,0.984764323454347,0.999921921119716,1.01860070179028,1.00290323259446,0.946268128266504,1.00088227940231
9,4.1,0.984800369867711,0.999924701333107,1.01884377373559,1.00289778072468,0.946631744285388,1.00082094206149
9,4.11,0.98483783139602,0.999927421698975,1.01908671773391,1.00289123684232,0.946993672825479,1.00074673337552
9,4.12,0.984876666112415,0.999930081212449,1.01932951735851,1.00288346814521,0.947353876486829,1.00066133667506
9,4.13,0.98491683335169,0.999932679245272,1.01957215818055,1.00287439533504,0.94771232620254,1.00056658282026
9,4.14,0.98495829367187,0.999935215480988,1.01981462822878,1.0028639965599,0.94806900118362,1.00046441312821
9,4.15,0.985001008801513,0.999937689841386,1.02005691833102,1.00285230859158,0.948423888480306,1.00035684174762
9,4.16,0.98504494157594,0.99994010240987,1.0202990223275,1.00283942527745,0.948776982193896,1.00024591814977
9,4.17,0.985090055865939,0.99994245335712,1.02054093715238,1.00282549342979,0.949128282388429,1.00013369036556
9,4.18,0.98513631650268,0.999944742873922,1.02078266278569,1.00281070642489,0.949477793763808,1.00002216955269
9,4.19,0.985183689202584,0.999946971115283,1.02102420208341,1.00279529587633,0.949825524160827,0.999913296424369
9,4.2,0.985232140495722,0.999949138159034,1.02126556049824,1.00277952181818,0.950171482973812,0.999808910014412
9,4.21,0.985281637661018,0.999951243981138,1.02150674570791,1.0027636618819,0.950515679548079,0.999710719193922
9,4.22,0.98533214867107,0.99995328844877,1.02174776717082,1.0027479999753,0.950858121637322,0.999620277293267
9,4.23,0.985383642148853,0.99995527133123,1.0219886356309,1.00273281497198,0.951198813990586,0.999538960120575
9,4.24,0.985436087337938,0.999957192327632,1.02222936259484,1.00271836989786,0.951537757130069,0.999467947605654
9,4.25,0.985489454087158,0.999959051109428,1.02246995980459,1.00270490205822,0.951874946370169,0.999408209236406
9,4.26,0.985543712849996,0.999960847374991,1.02271043872704,1.00269261448882,0.95221037111552,0.999360493394227
9,4.27,0.985598834698226,0.999962580912888,1.02295081008115,1.00268166904015,0.952544014461923,0.999325320635774
9,4.28,0.985654791348771,0.99996425166999,1.02319108341964,1.00267218131992,0.95287585310974,0.999302980911307
9,4.29,0.98571155520211,0.999965859820418,1.02343126677964,1.00266421762882,0.95320585758519,0.999293534654674
9,4.3,0.985769099390152,0.999967405831262,1.02367136641244,1.00265779393354,0.95353399275163,0.999296817627343
9,4.31,0.985827397831072,0.999968890521249,1.02391138659898,1.00265287683228,0.953860218580939,0.999312449348673
9,4.32,0.985886425288406,0.999970315108884,1.02415132955337,1.002649386386,0.954184491145027,0.999339844897369
9,4.33,0.98594615743156,0.999971681247189,1.02439119541303,1.00264720061597,0.954506763779544,0.99937822982487
9,4.34,0.986006570894883,0.999972991042784,1.02463098231038,1.00264616140839,0.954826988366435,0.999426657880781
9,4.35,0.986067643332594,0.999974247057859,1.02487068651794,1.00264608152107,0.955145116679087,0.99948403121364
9,4.36,0.986129353467071,0.999975452294372,1.02511030265581,1.00264675235662,0.955461101733513,0.999549122677901
9,4.37,0.986191681128336,0.999976610160669,1.02534982394891,1.00264795215304,0.955774899091167,0.999620599850313
9,4.38,0.986254607282959,0.999977724421467,1.0255892425197,1.00264945424372,0.956086468063337,0.999697050336586
9,4.39,0.986318114051073,0.999978799132925,1.02582854970176,1.00265103505526,0.956395772773403,0.999777007932661
9,4.4,0.986382184710655,0.999979838565122,1.02606773635956,1.00265248154154,0.956702783041039,0.999858979194653
9,4.41,0.986446803688735,0.999980847114815,1.02630679320045,1.00265359779275,0.957007475061443,0.999941469967932
9,4.42,0.986511956539687,0.999981829211692,1.02654571106638,1.0026542106081,0.957309831862254,1.00002301142922
9,4.43,0.986577629911187,0.999982789221607,1.02678448119445,1.00265417387651,0.957609843530669,1.00010218520624
9,4.44,0.986643811498869,0.999983731350327,1.02702309543753,1.00265337166851,0.957907507212869,1.00017764715735
9,4.45,0.986710489991025,0.999984659551278,1.02726154643881,1.00265172000219,0.958202826896808,1.00024814941887
9,4.46,0.986777655004981,0.999985577440542,1.02749982775625,1.00264916730363,0.958495812997443,1.00031256035994
9,4.47,0.986845297016995,0.999986488222032,1.02773793393576,1.00264569363498,0.958786481770169,1.00036988212361
9,4.48,0.98691340728762,0.999987394625321,1.02797586053425,1.00264130881004,0.959074854583508,1.00041926547781
9,4.49,0.9869819777845,0.999988298858072,1.02821360409563,1.00263604955521,0.95936095708574,1.00046002174974
9,4.5,0.987051001104564,0.999989202574408,1.02845116208517,1.00262997590305,0.959644818302108,1.00049163167223
9,4.51,0.987120470397414,0.999990106859957,1.0286885327887,1.00262316702401,0.959926469699642,1.00051375102813
9,4.52,0.987190379291568,0.999991012233674,1.02892571518453,1.00261571671128,0.960205944255368,1.00052621303901
9,4.53,0.98726072182497,0.999991918665905,1.02916270879666,1.00260772873172,0.960483275561095,1.00052902750587
9,4.54,0.987331492380925,0.999992825611626,1.02939951353774,1.00259931224596,0.960758496994177,1.00052237676991
9,4.55,0.987402685630324,0.999993732057259,1.02963612955063,1.00259057748162,0.961031640978855,1.00050660862094
9,4.56,0.987474296480736,0.999994636579061,1.02987255705626,1.00258163181816,0.961302738357373,1.00048222633728
9,4.57,0.987546320032641,0.999995537410762,1.03010879621498,1.00257257641127,0.961571817884192,1.00044987609309
9,4.58,0.987618751542799,0.999996432517888,1.03034484700731,1.00256350345018,0.961838905850637,1.00041033201631
9,4.59,0.987691586394517,0.999997319676107,1.03058070913847,1.00255449410554,0.96210402584146,1.00036447922113
9,4.6,0.987764820074333,0.999998196550941,1.03081638196985,1.00254561718945,0.96236719861937,1.00031329517244
9,4.61,0.987838448154485,0.999999060776244,1.0310518644787,1.00253692851485,0.962628442128625,1.00025782976599
9,4.62,0.987912466280378,0.999999910029087,1.03128715524617,1.00252847091053,0.962887771604735,1.00019918452565
9,4.63,0.987986870162204,1.00000074209891,1.03152225247198,1.00252027482089,0.963145199774044,1.00013849132833
9,4.64,0.988061655569814,1.00000155494914,1.03175715401316,1.00251235939826,0.963400737124691,1.00007689106797
9,4.65,0.988136818329957,1.0000023467699,1.03199185744288,1.00250473397994,0.963654392229205,1.00001551266222
9,4.66,0.988212354325053,1.00000311602077,1.03222636012479,1.00249739983246,0.963906172098663,0.999955452789621
9,4.67,0.988288259492738,1.00000386146295,1.03246065929782,1.00249035204305,0.964156082548993,0.999897756721709
9,4.68,0.988364529825531,1.00000458218078,1.03269475216578,1.00248358144059,0.964404128561475,0.999843400584281
9,4.69,0.988441161370114,1.00000527759263,1.03292863598658,1.00247707643734,0.964650314621631,0.99979327534567
9,4.7,0.988518150225828,1.0000059474518,1.0331623081559,1.00247082469538,0.964894645023427,0.999748172788582
9,4.71,0.988595492542163,1.00000659183833,1.03339576628064,1.00246481453912,0.965137124128819,0.999708773676627
9,4.72,0.988673184515124,1.00000721114258,1.03362900823838,1.00245903605452,0.965377756575975,0.999675638278279
9,4.73,0.988751222382514,1.00000780604211,1.03386203221989,1.0024534818373,0.965616547432841,0.999649199360902
9,4.74,0.988829602418257,1.00000837747296,1.03409483675258,1.00244814737422,0.965853502295986,0.999629757716596
9,4.75,0.98890832092599,1.00000892659702,1.03432742070395,1.0024430310626,0.966088627337578,0.999617480231222
9,4.76,0.988987374232219,1.00000945476666,1.03455978326514,1.00243813389333,0.966321929305936,0.999612400459022
9,4.77,0.989066758679344,1.00000996348809,1.03479192391564,1.00243345883945,0.966553415487138,0.999614421618709
9,4.78,0.989146470618915,1.00001045438472,1.035023842371,1.00242901000693,0.966783093636719,0.999623321883695
9,4.79,0.989226506405419,1.00001092916151,1.03525553851634,1.00242479161458,0.967010971891354,0.999638761799961
9,4.8,0.989306862390908,1.00001138957126,1.03548701232899,1.00242080687655,0.967237058670761,0.999660293630543
9,4.81,0.989387534920675,1.00001183738353,1.03571826379401,1.00241705686345,0.967461362579778,0.999687372396338
9,4.82,0.989468520330158,1.00001227435678,1.0359492928165,1.00241353941655,0.967683892319758,0.999719368359065
9,4.83,0.989549814943142,1.00001270221394,1.0361800991349,1.00241024818428,0.967904656617177,0.999755580674231
9,4.84,0.989631415071252,1.00001312262151,1.03641068223911,1.00240717184183,0.96812366417573,0.999795251929682
9,4.85,0.989713317014653,1.00001353717234,1.03664104129695,1.00240429354331,0.968340923656296,0.999837583278946
9,4.86,0.989795517063764,1.0000139473716,1.03687117509231,1.00240159064283,0.968556443687152,0.999881749877758
9,4.87,0.989878011501768,1.00001435462594,1.03710108197725,1.00239903470599,0.96877023290471,0.999926916336815
9,4.88,0.989960796607587,1.00001476023519,1.03733075984021,1.0023965918184,0.968982300023083,0.999972251913463
9,4.89,0.990043868658989,1.00001516538641,1.0375602060912,1.0023942231826,0.969192653928957,1.00001694517928
9,4.9,0.99012722393545,1.00001557114964,1.0377894176646,1.00239188598074,0.969401303796644,1.00006021791901
9,4.91,0.990210858720404,1.00001597847505,1.03801839103894,1.00238953446765,0.969608259216977,1.00010133803819
9,4.92,0.990294769302502,1.00001638819111,1.03824712227274,1.00238712124832,0.969813530332795,1.00013963128211
9,4.93,0.99037895197556,1.00001680100336,1.03847560705475,1.00238459868573,0.970017127973289,1.00017449159612
9,4.94,0.990463403036921,1.00001721749359,1.03870384076613,1.00238192037927,0.970219063779437,1.00020538998657
9,4.95,0.990548118784005,1.00001763811931,1.03893181855212,1.00237904265169,0.970419350313034,1.00023188177287
9,4.96,0.990633095508909,1.0000180632134,1.03915953540022,1.00237592598246,0.970618001142556,1.00025361215189
9,4.97,0.990718329491003,1.00001849298394,1.03938698622159,1.00237253632876,0.970815030900096,1.000270320028
9,4.98,0.990803816987545,1.00001892751437,1.03961416593286,1.00236884628058,0.971010455304892,1.00028184009308
9,4.99,0.990889554222437,1.00001936676408,1.03984106953509,1.00236483600439,0.971204291150459,1.00028810317113
9,5,0.990975537373314,1.00001981056977,1.04006769218719,1.00236049393903,0.97139655625392,1.00028913487133
10,0,0,0,0,0,0,0
10,0.01,0.00145355830534017,0.00115615643231602,-0.00219354418370261,0.000505382266120131,0.00213721553511665,0.00972128492640552
10,0.02,0.00450405760598068,0.00257142645084862,-0.00364614732043951,0.00214770170778179,0.00784456467379179,0.0199935170972372
10,0.03,0.00842978984547242,0.00311476406741066,-0.00134220848653685,0.00369684089148814,0.0162891427324395,0.0299023523133124
10,0.04,0.0130308874514783,0.00423467862395346,0.00202200524355289,0.00686903758003713,0.0272445198199712,0.0393370261317195
10,0.05,0.0182006767507484,0.00631127287197972,0.00591145520247875,0.0121159803108657,0.0405300893109427,0.0483280816774732
10,0.06,0.0238711916780576,0.00918409773139966,0.0108714799104493,0.0193686599728809,0.0560074917430385,0.0569073501800239
10,0.07,0.0299960273061189,0.0129339316135525,0.0168832499102765,0.0287682342781183,0.0735282927856357,0.065159360130204
10,0.08,0.0365420277369505,0.0176807310134001,0.0238019228188083,0.0403940614779278,0.0929161858776381,0.0732188320663554
10,0.09,0.0434844850417659,0.0234610435250025,0.0316240551491659,0.0541488246627176,0.113975562313809,0.0812548523922595
10,0.1,0.0508044876348842,0.0302946450444917,0.0403507507991243,0.0698420501507201,0.136495667400914,0.0894632215508099
10,0.11,0.0584873915604113,0.0382039532241849,0.0499493756058581,0.0872181945059445,0.160254094373749,0.0980584451302522
10,0.12,0.0665218650712118,0.047199669762916,0.060386173052492,0.10595633713178,0.185024054201248,0.107262804776923
10,0.13,0.0748993191993041,0.0572803802829967,0.0716287622644402,0.125689499308343,0.210582185173408,0.117294971878612
10,0.14,0.0836135846825757,0.06843663391497,0.0836388320894155,0.146029133520254,0.236715442583748,0.128359192572832
10,0.15,0.0926607279102493,0.0806512264564452,0.096372813957355,0.166585080349994,0.263227303539558,0.140635251426493
10,0.16,0.102038953867399,0.0938989309067396,0.109783798871317,0.186983894967403,0.289942951181346,0.154269691370109
10,0.17,0.111748563801104,0.108147023485159,0.123821916475954,0.206885922011815,0.316712990917793,0.16936880231613
10,0.18,0.121791939864056,0.12335584020288,0.138434833720488,0.225999475267463,0.343415563634585,0.185993686313322
10,0.19,0.132173537081592,0.139479222412956,0.153568672088733,0.244091533245774,0.369956834507991,0.204157533530513
10,0.2,0.14289986936076,0.156465037641308,0.169168916265334,0.260994926105619,0.396269878350564,0.223825116242017
10,0.21,0.153979479124042,0.174255788711905,0.185181234979705,0.276611967578007,0.42231207160841,0.244914388468587
10,0.22,0.165422882060607,0.192789266035144,0.201552250212491,0.290914597446111,0.448061187847522,0.267299973549127
10,0.23,0.177242479988647,0.211999230330633,0.218230223780152,0.303941286732128,0.47351045671955,0.290818244104799
10,0.24,0.189452435588972,0.231816119736522,0.235165624261891,0.31579108202897,0.498662896163251,0.315273648381112
10,0.25,0.20206850301476,0.252167768703296,0.252311563035798,0.32661524967447,0.523525263737798,0.340445909101852
10,0.26,0.215107808431335,0.272980126453525,0.269624100260995,0.336607050314294,0.548101990164181,0.366097712706417
10,0.27,0.22858857456385,0.294177966189056,0.287062425891911,0.345990224037868,0.572389454595459,0.391982516130964
10,0.28,0.242529783459965,0.315685578270903,0.304588925009655,0.355006789386419,0.596370937415664,0.417852123360997
10,0.29,0.256950772055683,0.337427441499963,0.322169139978599,0.363904755403695,0.620012544110537,0.443463723477775
10,0.3,0.271870755914512,0.359328867036644,0.339771643240707,0.372926314640511,0.643260335954019,0.468586134657497
10,0.31,0.28730827784453,0.381316609552741,0.357367834728637,0.382297027300336,0.666038834194094,0.493005062850812
10,0.32,0.303280580148719,0.403319440147226,0.374931677785948,0.392216425239558,0.688250989010604,0.516527256820827
10,0.33,0.319802902206617,0.425268675786984,0.392439387563133,0.402850364473917,0.709779627537507,0.538983518573094
10,0.34,0.336887709089535,0.44709866088325,0.409869086286706,0.414325343338963,0.730490320716756,0.560230604378745
10,0.35,0.35454386210641,0.468747198170282,0.427200440605818,0.426724888835267,0.750235539567721,0.580152120177969
10,0.36,0.372775748599451,0.490155928119807,0.444414297297495,0.440088004439724,0.768859909341491,0.598658569794206
10,0.37,0.391582395831719,0.511270658274187,0.461492334710732,0.454409576286983,0.7862063159013,0.615686749748693
10,0.38,0.410956602066439,0.532041645562254,0.478416748090307,0.469642556644361,0.802122573253093,0.631198697148503
10,0.39,0.430884126254724,0.552423835353295,0.495169986914353,0.485701686916518,0.816468325631311,0.645180386356992
10,0.4,0.451342985108694,0.572377060369447,0.511734561181326,0.502468487143896,0.829121834020743,0.657640338069751
10,0.41,0.472302911419598,0.591866200575954,0.52809293087203,0.519797222812742,0.839986288505954,0.668608255868502
10,0.42,0.49372502879213,0.610861302109619,0.544227488477008,0.537521558847055,0.848995297916199,0.678133747318206
10,0.43,0.515561794082051,0.629337649808429,0.560120638680942,0.555461620311843,0.856117240021602,0.686285127469494
10,0.44,0.537757248721402,0.647275784793195,0.57575497247764,0.573431195303612,0.861358210697017,0.693148250644841
10,0.45,0.560247603535745,0.664661456684776,0.591113525810524,0.591244834391687,0.864763388132236,0.6988252790334
10,0.46,0.582962159406812,0.681485500118623,0.606180106046507,0.608724620773551,0.866416724233836,0.70343327921877
10,0.47,0.605824540199539,0.697743627603714,0.62093966390738,0.625706405298093,0.866438982427349,0.707102542693842
10,0.48,0.628754187773451,0.713436135366201,0.635378684468616,0.642045321012513,0.864984249084452,0.709974552636308
10,0.49,0.651668045233242,0.728567525037335,0.649485568861705,0.657620413880816,0.862235143491278,0.712199562313647
10,0.5,0.674482337345054,0.743146050920335,0.663250978557668,0.672338251070557,0.85839702802465,0.713933803309432
10,0.51,0.697114348917782,0.757183208945395,0.676668116565971,0.686135396963346,0.853691568018223,0.715336395613873
10,0.52,0.719484104149815,0.770693188212052,0.689732924390294,0.698979680817939,0.84835000582526,0.716566077780706
10,0.53,0.741515861984633,0.78369230846053,0.702444179799213,0.710870219339392,0.842606496753248,0.71777790664553
10,0.54,0.763139362334894,0.796198466629268,0.714803487859988,0.721836202123142,0.836691811175205,0.719120088142353
10,0.55,0.784290782467162,0.808230613082344,0.726815165526527,0.731934496971724,0.830827645582309,0.720731092587306
10,0.56,0.804913388343316,0.81980827377977,0.738486027533624,0.741246183298276,0.825221715202427,0.722737181798992
10,0.57,0.824957889060632,0.830951129483857,0.749825087613372,0.749872172107537,0.820063730995292,0.725250436564827
10,0.58,0.844382521335418,0.841678657904178,0.76084319348298,0.757928116532631,0.815522301248023,0.728367327645319
10,0.59,0.863152903949087,0.852009840145322,0.77155261634222,0.76553885353,0.811742746839471,0.732167828302749
10,0.6,0.881241709013446,0.86196292930591,0.781966615827681,0.772832641412434,0.808845781064827,0.736715026892072
10,0.61,0.89862819845967,0.871555276662035,0.792098999900308,0.779935466738968,0.806926979149912,0.74205516835647
10,0.62,0.915297671486366,0.880803209415166,0.80196369660006,0.78696568642499,0.806056947347254,0.74821803557915
10,0.63,0.931240863191117,0.889721953250921,0.811574351632231,0.794029247166865,0.806282094341799,0.755217575649288
10,0.64,0.946453327571248,0.898325592697332,0.820943962881206,0.801215686338479,0.807625906177926,0.763052680892071
10,0.65,0.960934830602327,0.906627062311812,0.830084560490074,0.80859506961803,0.81009062800887,0.771708047665567
10,0.66,0.974688771976548,0.914638161974348,0.839006939170787,0.816215964750799,0.813659260149246,0.78115505460797
10,0.67,0.987721647797602,0.922369589998754,0.847720447798855,0.824104492347919,0.818297781188968,0.791352623327756
10,0.68,1.00004256131774,0.929830988403611,0.856232839872368,0.832264437577753,0.823957516746694,0.802248045829464
10,0.69,1.01166278471053,0.93703099551189,0.864550186841677,0.840678354578112,0.830577578567644,0.813777782098533
10,0.7,1.02259537181999,0.94397730204229,0.872676854477796,0.849309551149135,0.83808730507445,0.825868246651221
10,0.71,1.03285481967074,0.950676707945528,0.880615540294945,0.85810480660626,0.846408641239983,0.838436613517626
10,0.72,1.04245677510156,0.957135178325054,0.888367367652632,0.866997651502358,0.855458402881689,0.85139167466499
10,0.73,1.05141778204169,0.963357897754148,0.895932029717325,0.8759120243835,0.865150378272349,0.864634787380142
10,0.74,1.05975506455408,0.969349323063363,0.903307974209353,0.88476611728804,0.875397228362017,0.878060942112545
10,0.75,1.06748634071572,0.975113235158203,0.910492618057014,0.893476227322581,0.886112155873702,0.891559974529629
10,0.76,1.07462966260952,0.980652790613675,0.91748257995106,0.901960445036033,0.897210322948289,0.905017935043513
10,0.77,1.08120327809623,0.985970573700911,0.924273918486627,0.910142029993014,0.908610006662954,0.918318616913628
10,0.78,1.08722551056059,0.991068649191692,0.9308623641425,0.917952348405684,0.920233491343374,0.931345231293973
10,0.79,1.09271465343014,0.995948615847305,0.937243534715398,0.92533327543762,0.932007705782309,0.943982205280252
10,0.8,1.09768887689775,1.00061166002966,0.943413125836773,0.932238994441641,0.943864621877006,0.95611706798648
10,0.81,1.10216614489619,1.00505860847312,0.949367070615651,0.938637155631822,0.955741438412991,0.967642380629157
10,0.82,1.10616414093583,1.00928997900532,0.955101665003101,0.944509386321992,0.967580579396669,0.97845766000458
10,0.83,1.10970020189858,1.01330602795491,0.960613657899418,0.949851172803473,0.97932954019766,0.98847124089043
10,0.84,1.11279125926388,1.01710679314725,0.965900307108107,0.954671159217632,0.990940616646386,0.997602021870547
10,0.85,1.11545378752153,1.02069213174067,0.970959403839846,0.958989930571168,1.00237055213164,1.00578104078373
10,0.86,1.11770375970544,1.02406175263859,0.975789269531267,0.962838364666428,1.0135801358022,1.01295283020221
10,0.87,1.11955661007363,1.02721524374619,0.980388729297676,0.966255650678717,1.02453378148791,1.01907650971178
10,0.88,1.12102720397914,1.03015209483579,0.984757066481582,0.969287080115744,1.03519911232657,1.02412657987481
10,0.89,1.12212981494219,1.03287171716341,0.988893962622881,0.971981718872353,1.04554657078921,1.02809339214476
10,0.9,1.12287810886206,1.03537346118015,0.99279942690086,0.974390067205854,1.05554906832518,1.0309832791823
10,0.91,1.12328513521314,1.03765663367974,0.996473718799712,0.976561808082046,1.06518168364322,1.03281834052294
10,0.92,1.12336332496501,1.0397205155243,0.999917267503411,0.978543734050841,1.07442141405579,1.03363588891368
10,0.93,1.12312449485964,1.04156438073368,1.00313059135857,0.98037792932799,1.08324698057117,1.03348757246792
10,0.94,1.12257985757667,1.04318751727117,1.0061142206349,0.982100267913226,1.09163868461416,1.03243819674021
10,0.95,1.12174003722377,1.04458924938305,1.00886862670846,0.983739271240869,1.09957831236255,1.03056427861886
10,0.96,1.12061508950703,1.04576896092204,1.01139416062422,0.985315350905931,1.10704908157048,1.02795237037706
10,0.97,1.1192145258674,1.04672611876235,1.01369100369655,0.98684044425365,1.11403562521799,1.02469719718662
10,0.98,1.11754734081686,1.04746029523189,1.01575913233518,0.988318033789565,1.12052400615944,1.02089965483246
10,0.99,1.11562204167243,1.04797118845659,1.0175982986276,0.989743526072945,1.12650175693935,1.01666471628453
10,1,1.11344667987099,1.04825863961851,1.01920802738833,0.991104952484074,1.13195793894279,1.01209929625678
10,1.01,1.11102888305316,1.04832264634418,1.02058762945707,0.992383943362862,1.13688321495397,1.00731012202479
10,1.02,1.10837588713269,1.04816337171719,1.02173623006726,0.993556918737207,1.14126992898535,1.00240165673144
10,1.03,1.10549456761873,1.0477811487072,1.02265281020477,0.994596433317334,1.14511218694856,0.997474118351378
10,1.04,1.10239146953142,1.04717648008259,1.0233362581178,0.995472610649927,1.14840593145524,0.992621633587283
10,1.05,1.09907283534553,1.04635003409769,1.02378542759602,0.996154601238032,1.15114900387652,0.987930561412956
10,1.06,1.09554463050777,1.04530263639871,1.02399919935636,0.996612001896023,1.15334118687124,0.983478015930164
10,1.07,1.09181256619909,1.04403525867378,1.02397654187115,0.996816178410187,1.15498422101763,0.979330612826429
10,1.08,1.08788211914637,1.04254900458938,1.02371656823816,0.996741440438016,1.15608179001162,0.975543458149169
10,1.09,1.08375854842423,1.04084509352827,1.0232185861784,0.9963660261698,1.15663947014307,0.972159392469352
10,1.1,1.07944690932062,1.03892484259457,1.02248213889529,0.995672864211188,1.15666464138784,0.969208497897103
10,1.11,1.07495206446351,1.03678964730387,1.02150703526218,0.994650091000804,1.15616635937186,0.966707869917907
10,1.12,1.07027869251482,1.03444096134894,1.02029336855053,0.993291313398623,1.15515518954147,0.964661650713432
10,1.13,1.06543129482713,1.03188027583522,1.01884152360221,0.991595617399452,1.15364300696218,0.963061315579005
10,1.14,1.06041420052485,1.02910909841747,1.01715217293677,0.989567334774163,1.15164276710255,0.961886199309946
10,1.15,1.05523157051105,1.02612893283074,1.01522626274076,0.987215589373437,1.14916825459507,0.961104245060121
10,1.16,1.04988740091374,1.02294125938024,1.01306499000425,0.984553653441365,1.14623381817946,0.960672954239229
10,1.17,1.04438552646981,1.0195475170147,1.01066977226385,0.981598151238249,1.14285410074568,0.960540512573296
10,1.18,1.03872962430333,1.01594908763636,1.00804221150615,0.978368152303899,1.13904377357007,0.96064706456915
10,1.19,1.03292321848933,1.01214728327924,1.00518405381402,0.974884199640481,1.13481728349262,0.960926106358457
10,1.2,1.02696968570974,1.00814333670615,1.00209714633047,0.971167318898263,1.13018862097446,0.961305965302699
10,1.21,1.0208722622087,1.00393839583296,0.998783393092599,0.967238053356224,1.12517111579394,0.961711333856838
10,1.22,1.01463405214772,0.999533522194,0.995244711263684,0.963115566252557,1.1197772657021,0.962064825038212
10,1.23,1.00825803735173,0.994929693433563,0.991482989262176,0.958816847078031,1.11401860178589,0.962288517429328
10,1.24,1.00174708833357,0.99012780956755,0.987500048240671,0.954356052111451,1.10790559269841,0.962305458936311
10,1.25,0.995103976390594,0.985128702532548,0.983297608288136,0.949744002115465,1.10144758841094,0.962041100483623
10,1.26,0.988331386490442,0.979933148350339,0.978877260596104,0.944987852114607,1.09465280279855,0.961424633383445
10,1.27,0.981431930604263,0.974541881102491,0.974240446630647,0.94009093994179,1.08752833323908,0.960390207189867
10,1.28,0.974408161110059,0.96895560784284,0.96938844508234,0.935052812143645,1.08008021450316,0.958878008334809
10,1.29,0.96726258387432,0.963175023577536,0.964322367032807,0.929869418224211,1.07231350353663,0.956835183635927
10,1.3,0.959997670627479,0.957200825506522,0.959043159396824,0.924533457378762,1.06423239125919,0.954216596753843
10,1.31,0.952615870275015,0.951033725834516,0.953551616300234,0.919034856068153,1.05584033718831,0.950985409743981
10,1.32,0.945119618828579,0.944674462607379,0.947848397667778,0.913361350192725,1.04714022250222,0.947113485888134
10,1.33,0.937511347696592,0.938123808193954,0.941934053953431,0.9074991423667,1.0381345170407,0.942581613901335
10,1.34,0.929793490137733,0.931382575198512,0.935809055676341,0.901433602932881,1.02882545567647,0.937379557299243
10,1.35,0.921968485749745,0.924451619742823,0.92947382624761,0.895149982899815,1.01921521945368,0.931505936101067
10,1.36,0.914038782936741,0.917331842192041,0.922928776495846,0.888634107882146,1.00930611687849,0.92496795106771
10,1.37,0.906006839367371,0.910024185512067,0.916174339321285,0.881873024282461,0.999100760767098,0.917780963283431
10,1.38,0.897875120501334,0.902529631538349,0.909211003018052,0.874855572227145,0.98860223612686,0.909967944046238
10,1.39,0.88964609632015,0.894849195510076,0.902039341983787,0.867572863977859,0.977814254692072,0.90155881171649
10,1.4,0.881322236448118,0.886983919282691,0.89466004376357,0.86001865147029,0.96674129198243,0.892589673378558
10,1.41,0.872906003889106,0.878934863678168,0.887073931628544,0.852189572044989,0.955388703124239,0.883101989904115
10,1.42,0.864399847633185,0.870703100467281,0.879281982149281,0.844085267080336,0.943762814187315,0.873141683287636
10,1.43,0.855806194403146,0.862289704499467,0.871285337474411,0.835708373861163,0.931870986449973,0.862758204986019
10,1.44,0.847127439814515,0.853695746500594,0.863085312256593,0.82706439637426,0.91972165180282,0.852003583475454
10,1.45,0.838365939214018,0.84492228704246,0.854683395375457,0.818161465590668,0.907324318418179,0.84093146838806
10,1.46,0.829523998441626,0.835970372146078,0.846081246789675,0.809010003982587,0.894689546811939,0.829596187462536
10,1.47,0.820603864732025,0.826841030911245,0.837280690008399,0.799622312378334,0.881828897464035,0.818051831194727
10,1.48,0.811607717934743,0.817535275467736,0.828283700807029,0.790012099676193,0.868754852190915,0.806351378564936
10,1.49,0.802537662191109,0.808054103422301,0.819092392923168,0.78019397736024,0.855480712423058,0.794545875607392
10,1.5,0.793395718163414,0.798398502837415,0.809709001553541,0.770182941179663,0.842020478378914,0.782683676929076
10,1.51,0.784183815870032,0.7885694596322,0.800135865527477,0.759993861804449,0.828388713794635,0.77080975863062
10,1.52,0.774903788142429,0.778567967154251,0.790375409052433,0.749641004830966,0.814600401327063,0.758965109474687
10,1.53,0.7655573646878,0.768395037544755,0.780430123907553,0.739137598290474,0.800670793968444,0.747186205622207
10,1.54,0.756146166716017,0.758051714418259,0.770302552900064,0.728495462946604,0.78661526778245,0.735504572839251
10,1.55,0.746671702072235,0.747539086310035,0.759995275297129,0.71772471730661,0.772449180995413,0.723946438782051
10,1.56,0.737135360806703,0.736858300312326,0.749510894807244,0.706833565578823,0.758187743972443,0.712532476798976
10,1.57,0.727538411110509,0.726010575326079,0.738852030518553,0.69582817295186,0.743845903907894,0.701277641640518
10,1.58,0.717881995548972,0.714997214394282,0.728021311017519,0.684712628715446,0.729438247207298,0.690191096527138
10,1.59,0.708167127531727,0.703819615651057,0.717021371723001,0.673488994046286,0.714978921585584,0.679276230168917
10,1.6,0.698394687968878,0.692479281510235,0.705854855290375,0.662157427892258,0.700481578910486,0.668530761534588
10,1.61,0.688565422074428,0.680977825820248,0.694524414779516,0.650716381434201,0.685959338837155,0.657946929403419
10,1.62,0.678679936290298,0.669316978821392,0.683032719148162,0.639162849195833,0.67142477236281,0.647511762975125
10,1.63,0.668738695315681,0.657498589849822,0.671382460534657,0.627492663092371,0.65688990362465,0.637207429038659
10,1.64,0.658742019236468,0.645524627834615,0.659576362734433,0.61570081461184,0.642366227605956,0.627011650394549
10,1.65,0.648690080757604,0.633397179725276,0.647617190253195,0.603781789932914,0.62786474092898,0.616898189380639
10,1.66,0.638582902547184,0.621118447064369,0.635507757334364,0.591729903089782,0.613395982610971,0.606837389470284
10,1.67,0.628420354705005,0.608690740981293,0.623250936405117,0.579539613256395,0.598970081542098,0.596796767008491
10,1.68,0.618202152370047,0.596116475927762,0.610849665458755,0.567205813767937,0.584596807500456,0.586741644248001
10,1.69,0.60792785348141,0.583398162502912,0.598306953985094,0.554724082529223,0.570285622730405,0.576635813975592
10,1.7,0.59759685670576,0.570538399726566,0.585625887168258,0.542090885860297,0.556045731449496,0.566442225217182
10,1.71,0.58720839954169,0.557539867113854,0.57280962818605,0.529303730467058,0.541886125085173,0.556123678821359
10,1.72,0.576761556608032,0.544405316884425,0.559861418560338,0.516361260961227,0.527815621541738,0.545643521188833
10,1.73,0.566255238119284,0.531137566606623,0.546784576617693,0.503263303051567,0.513842897327238,0.534966324082499
10,1.74,0.555688188547426,0.517739492533234,0.533582494218458,0.490010855057527,0.499976511897051,0.52405853835752
10,1.75,0.545058985465614,0.504214023833233,0.520258631996207,0.476606032641906,0.486224924067219,0.512889109623767
10,1.76,0.53436603856602,0.490564137866013,0.506816513414632,0.463051973525193,0.472596500791677,0.501430044315515
10,1.77,0.523607588841372,0.476792856583903,0.493259717993093,0.449352710359407,0.459099518963808,0.489656915405264
10,1.78,0.512781707917945,0.462903244088391,0.479591874074155,0.435513020858232,0.445742161180421,0.47754929805742
10,1.79,0.501886297526708,0.44889840530836,0.465816651506593,0.421538264685674,0.432532506586862,0.465091126857724
10,1.8,0.490919089099231,0.434781485717683,0.451937754596772,0.407434216506754,0.419478518003127,0.452270967847503
10,1.81,0.479877643475712,0.420555671966998,0.437958915642377,0.393206904035828,0.406588026515476,0.439082200398009
10,1.82,0.468759350714106,0.406224193272204,0.423883889308605,0.378862458937797,0.393868714614671,0.42552310592931
10,1.83,0.457561429991687,0.391790323381366,0.409716448042004,0.364406987119816,0.381328098783565,0.411596862552152
10,1.84,0.44628092959352,0.377257382932626,0.395460378645796,0.349846463384295,0.368973512200784,0.397311446826587
10,1.85,0.434914726986029,0.362628742018005,0.381119480067269,0.335186653694301,0.356812087953906,0.382679445921762
10,1.86,0.423459528978245,0.347907822780814,0.366697562377111,0.320433066528769,0.344850742867471,0.367717785461493
10,1.87,0.411911871978188,0.333098101895952,0.352198446856429,0.305590933073449,0.333096161771289,0.352447380187611
10,1.88,0.40026812235729,0.318203112810949,0.337625967052823,0.29066521439289,0.321554781785312,0.336892716211278
10,1.89,0.388524476941668,0.303226447658767,0.322983970624851,0.275660632335905,0.310232775998877,0.321081375003481
10,1.9,0.376676963655425,0.288171758788874,0.308276321765968,0.260581719803559,0.299136035790826,0.305043510361956
10,1.91,0.364721442347949,0.273042759898618,0.293506903985066,0.245432885198659,0.288270150984525,0.288811290357029
10,1.92,0.352653605844381,0.257843226780332,0.278679623020817,0.230218485404106,0.277640387063912,0.272418316689403
10,1.93,0.340468981265907,0.242576997729067,0.263798409679865,0.214942901509672,0.267251658793086,0.255899033987945
10,1.94,0.328162931674352,0.22724797367981,0.248867222412674,0.199610611709926,0.257108499775736,0.239288141345919
10,1.95,0.315730658103571,0.211860118160474,0.233890049473227,0.184226256300202,0.247215027749393,0.22262001786197
10,1.96,0.303167202048298,0.196417457157087,0.218870910546954,0.168794690458496,0.237574905715167,0.205928173149091
10,1.97,0.290467448489399,0.180924078990174,0.20381385777252,0.153321021463684,0.228191299334846,0.18924473274012
10,1.98,0.277626129542818,0.165384134296516,0.188722976124485,0.137810628101526,0.219066831359958,0.172599967096746
10,1.99,0.264637828827808,0.149801836198681,0.1736023831628,0.122269161182847,0.210203534167031,0.156021871568784
10,2,0.251496986658429,0.134181460726842,0.158456228189198,0.106702525276271,0.201602801736274,0.139535803200695
10,2.01,0.238197906170577,0.118527347534496,0.143288690878007,0.0911168428774938,0.193265342606295,0.123164178791115
10,2.02,0.224734760505181,0.102843900923103,0.128103979468254,0.075518403241428,0.185191135448446,0.106926237123706
10,2.03,0.211101601176554,0.087135591161738,0.112906328614454,0.059913598944637,0.177379388919313,0.0908378668444934
10,2.04,0.19729236776332,0.0714069560582352,0.097699996994928,0.0443088538863597,0.169828507363033,0.0749115000968805
10,2.05,0.183300899067867,0.0556626027093574,0.0824892647692457,0.0287105468521295,0.162536063747154,0.0591560707690679
10,2.06,0.169120945898874,0.0399072093307312,0.0672784309613289,0.013124934942348,0.15549878093342,0.0435770350806459
10,2.07,0.154746185640163,0.0241455270438535,0.0520718108232302,-0.00244191889060415,0.148712522020819,0.0281764512502579
10,2.08,0.140170238777814,0.00838238147842001,0.0368737332082275,-0.0179842102368372,0.142172290069942,0.0129531141514594
10,2.09,0.125386687566058,-0.00737732596572434,0.0216885379525821,-0.0334964460811265,0.135872237046689,-0.00209725981902124
10,2.1,0.110389097020749,-0.0231286173611153,0.00652057323500106,-0.0489734832954725,0.129805681333725,-0.016981802971804
10,2.11,0.0951710384368556,-0.038866438166557,-0.00862580714651981,-0.0644105507432768,0.123965132675242,-0.0317102273611773
10,2.12,0.0797261156331436,-0.0545856579765899,-0.0237462466674882,-0.0798032538433643,0.118342322969864,-0.0462945226022818
10,2.13,0.0640479941324479,-0.0702810722631997,-0.0388363892488428,-0.0951475613615862,0.11292824093198,-0.060748626597796
10,2.14,0.0481304334891186,-0.0859474052547111,-0.0538918828346207,-0.110439775113395,0.107713168324691,-0.075088075356836
10,2.15,0.0319673229756526,-0.101579314081891,-0.0689083835128613,-0.125676484128248,0.102686715245836,-0.089329638057743
10,2.16,0.0155527208373468,-0.117171394304213,-0.0838815603214809,-0.140854505605387,0.0978378518355797,-0.10349094340454
10,2.17,-0.00111910268389899,-0.132718186911146,-0.0988071008783551,-0.155970815645597,0.0931549337783419,-0.117590103166241
10,2.18,-0.0180536183687796,-0.148214186875197,-0.113680717965877,-0.171022473246988,0.0886257190966409,-0.131645338579651
10,2.19,-0.0352559869149038,-0.16365385331631,-0.128498157185344,-0.186006541384834,0.084237373977729,-0.145674615047662
10,2.2,-0.0527310035661997,-0.179031621321695,-0.143255205776408,-0.200920009144758,0.0799764657284693,-0.159695290282384
10,2.21,-0.0704830383742786,-0.194341915451782,-0.157947702672416,-0.215759718842656,0.0758289414078953,-0.173723780728788
10,2.22,-0.0885159720357823,-0.209579164951897,-0.17257154983465,-0.23052230185001,0.0717800912242459,-0.187775250761326
10,2.23,-0.106833127308213,-0.224737820680257,-0.187122724878314,-0.245204126463718,0.0678144963845527,-0.201863328772709
10,2.24,-0.125437196077482,-0.239812373755382,-0.20159729497131,-0.259801260636723,0.0639159617281431,-0.21599985386867
10,2.25,-0.144330162234083,-0.25479737591931,-0.215991431954355,-0.274309451746461,0.0600674341372392,-0.230194656443158
10,2.26,-0.163513220611767,-0.269687461605649,-0.230301428598238,-0.28872412485391,0.056250908374186,-0.244455375432098
10,2.27,-0.18298669235275,-0.284477371692338,-0.244523715881563,-0.303040400130769,0.0524473226222504,-0.258787314529419
10,2.28,-0.202749937186182,-0.299161978906171,-0.258654881140357,-0.317253129341081,0.0486364465833818,-0.273193339095598
10,2.29,-0.222801263240544,-0.313736314828171,-0.272691686909624,-0.331356950490525,0.0447967654921893,-0.287673814898315
10,2.3,-0.243137835153732,-0.328195598423936,-0.28663109024619,-0.345346359033726,0.0409053638241445,-0.302226589200274
10,2.31,-0.263755581393942,-0.342535265989835,-0.300470262292112,-0.359215793385251,0.0369378127948801,-0.316847014057399
10,2.32,-0.28464910185632,-0.356751002362983,-0.31420660780825,-0.372959731936922,0.0328680659576878,-0.331528011020018
10,2.33,-0.30581157694999,-0.370838773189723,-0.327837784378535,-0.386572798359919,0.0286683673034889,-0.346260175752072
10,2.34,-0.327234679532107,-0.38479485798354,-0.341361720957012,-0.400049871676218,0.0243091762513596,-0.361031920412388
10,2.35,-0.348908491173777,-0.398615883629564,-0.35477663540236,-0.413386197424753,0.0197591137918071,-0.375829650993415
10,2.36,-0.370821424350433,-0.412298857910302,-0.36808105061885,-0.426577496221749,0.0149849338165086,-0.39063797620326
10,2.37,-0.392960152229731,-0.425841202538133,-0.381273808899544,-0.439620066114684,0.00995152334715437,-0.405439943923752
10,2.38,-0.415309547776528,-0.439240785087534,-0.394354084048178,-0.452510875343237,0.00462193497459143,-0.420217300797377
10,2.39,-0.437852633901096,-0.452495949127612,-0.407321390842041,-0.465247642432614,-0.00104254564856702,-0.434950770104871
10,2.4,-0.460570546338462,-0.465605541768143,-0.420175591391009,-0.47782890093689,-0.00708229493864564,-0.449620342806288
10,2.41,-0.483442510860397,-0.47856893775486,-0.432916897949411,-0.490254046603343,-0.0135392073684859,-0.464205576441856
10,2.42,-0.506445836286072,-0.491386059187887,-0.445545871749552,-0.50252336522484,-0.020456511124113,-0.478685896531343
10,2.43,-0.529555924574164,-0.504057389896432,-0.458063417449995,-0.514638039968894,-0.0278785428286089,-0.493040895174545
10,2.44,-0.552746299052525,-0.516583983488527,-0.470470772829723,-0.526600137504889,-0.0358504813105267,-0.507250621738475
10,2.45,-0.57598865157883,-0.528967464111503,-0.482769493412001,-0.538412572783481,-0.0444180409535601,-0.52129586081256
10,2.46,-0.599252909136813,-0.541210019010888,-0.494961431769726,-0.550079052846359,-0.0536271256917398,-0.535158393010234
10,2.47,-0.622507320070533,-0.553314382065243,-0.507048711347373,-0.561604000555225,-0.0635234451996266,-0.548821234679267
10,2.48,-0.645718559857676,-0.565283807603352,-0.519033694732573,-0.57299245962333,-0.0741520952614662,-0.562268853135718
10,2.49,-0.668851856037401,-0.577122033977965,-0.530918946421792,-0.584249982810125,-0.0855571046817476,-0.575487354637046
10,2.5,-0.691871131653097,-0.588833236574921,-0.542707190247513,-0.595382505598647,-0.0977809514210515,-0.588464642937185
10,2.51,-0.714739166358505,-0.60042197017455,-0.554401261766491,-0.606396208114686,-0.110864050910297,-0.601190546897564
10,2.52,-0.737417774176281,-0.61189310084872,-0.566004056046945,-0.617297368462854,-0.12484421972577,-0.613656916242143
10,2.53,-0.759867996796037,-0.623251727865541,-0.577518471433795,-0.628092211040559,-0.139756118018091,-0.625857685121081
10,2.54,-0.782050311252843,-0.634503096377242,-0.58894735001141,-0.638786753735993,-0.155630674312409,-0.637788903669803
10,2.55,-0.803924850829053,-0.645652501977114,-0.60029341561889,-0.649386658205196,-0.172494496577634,-0.649448738203479
10,2.56,-0.82545163805676,-0.656705188519856,-0.611559210399499,-0.659897087636305,-0.190369273852838,-0.660837441061846
10,2.57,-0.846590828742677,-0.66766624089729,-0.622747030979133,-0.670322576521832,-0.209271173281021,-0.671957291410222
10,2.58,-0.867302965963304,-0.67854047473849,-0.633858865464225,-0.68066691694412,-0.229210238199813,-0.682812508509975
10,2.59,-0.887549242952931,-0.689332325250089,-0.64489633252281,-0.690933065703909,-0.250189794037965,-0.693409139100972
10,2.6,-0.9072917736959,-0.700045737618299,-0.655860623859073,-0.701123076255307,-0.272205870214987,-0.703754920601691
10,2.61,-0.9264938698053,-0.710684061547701,-0.66675245140725,-0.711238058821366,-0.295246648062382,-0.71385912184715
10,2.62,-0.945120321897083,-0.721249952601395,-0.677572000551078,-0.721278171226725,-0.319291946961005,-0.72373236307413
10,2.63,-0.963137683137782,-0.731745283020014,-0.688318890616255,-0.731242641880132,-0.344312763345777,-0.733386416855066
10,2.64,-0.980514551958913,-0.74217106462128,-0.698992143782538,-0.74112982496737,-0.370270879820601,-0.74283399170733
10,2.65,-0.997221850117596,-0.752527386205793,-0.709590163416757,-0.750937286293218,-0.397118564126483,-0.752088500194034
10,2.66,-1.01323309139259,-0.762813367610016,-0.720110722637271,-0.760661916387119,-0.42479837980651,-0.761163813513081
10,2.67,-1.02852463531637,-0.773027132149726,-0.730550963684935,-0.77030006554487,-0.453243131735287,-0.770074004861547
10,2.68,-1.04307591956008,-0.783165798689121,-0.740907408398268,-0.779847693541456,-0.482375969810889,-0.778833084268592
10,2.69,-1.05686966402808,-0.793225493963656,-0.751175979776858,-0.789300524982636,-0.512110672635582,-0.787454728100336
10,2.7,-1.06989203950628,-0.803201385100208,-0.761352034275636,-0.798654199862995,-0.542352129601226,-0.795952007024187
10,2.71,-1.08213279395156,-0.81308773154867,-0.771430404115631,-0.807904408082126,-0.572997034256304,-0.804337116828353
10,2.72,-1.09358533028535,-0.822877954906362,-0.781405448539638,-0.81704699664763,-0.603934794190634,-0.812621117061029
10,2.73,-1.10424673088374,-0.832564724428788,-0.791271112602741,-0.826078039232973,-0.635048653226376,-0.820813682912602
10,2.74,-1.11411772579586,-0.842140055426972,-0.801020991788738,-0.834993859752624,-0.666217011029356,-0.828922876046639
10,2.75,-1.12320260395593,-0.851595417297974,-0.81064840050634,-0.843791004648712,-0.697314914182791,-0.836954940140249
10,2.76,-1.13150906910252,-0.860921847655976,-0.820146442364202,-0.852466162502822,-0.728215682290374,-0.844914126694295
10,2.77,-1.13904804456322,-0.870110068945862,-0.829508080068472,-0.861016034107394,-0.75879262382564,-0.852802556220609
10,2.78,-1.14583343327153,-0.879150604030576,-0.838726202841449,-0.869437160851163,-0.788920790131385,-0.86062011923521
10,2.79,-1.15188184115219,-0.888033887531082,-0.847793689427225,-0.877725723716078,-0.818478712850121,-0.868364420631675
10,2.8,-1.15721227319196,-0.896750370131536,-0.856703465022522,-0.885877328859422,-0.847350070428704,-0.876030770032699
10,2.81,-1.16184581203292,-0.905290613600658,-0.865448550831129,-0.893886798227315,-0.875425233085961,-0.883612219671718
10,2.82,-1.16580528879694,-0.913645374877523,-0.874022105363422,-0.901747984591872,-0.902602642296809,-0.891099650277103
10,2.83,-1.16911495515456,-0.921805678182027,-0.882417457058357,-0.909453629660104,-0.928789989694269,-0.898481904338672
10,2.84,-1.17180016452492,-0.929762874698965,-0.890628128262516,-0.91699528148467,-0.953905170442763,-0.905745965034733
10,2.85,-1.17388706889322,-0.937508689920342,-0.898647851029773,-0.924363283506609,-0.977876996701385,-0.912877177986188
10,2.86,-1.17540233621481,-0.945035259192583,-0.906470575581187,-0.931546842518275,-1.00064566698341,-0.919859511884601
10,2.87,-1.17637289187631,-0.95233515239168,-0.914090472569131,-0.938534177095803,-1.02216299641038,-0.926675852928971
10,2.88,-1.17682568630392,-0.959401388935034,-0.921501930510502,-0.945312742112954,-1.04239242064185,-0.933308326935051
10,2.89,-1.17678748961392,-0.96622744453441,-0.92869954988475,-0.951869519311524,-1.06130879242048,-0.939738642003052
10,2.9,-1.17628471321962,-0.972807251204282,-0.935678135432411,-0.958191359021359,-1.07889799415972,-0.9459484438083
10,2.91,-1.17534325754892,-0.97913519207116,-0.942432688141647,-0.964265354365575,-1.09515639289759,-0.951919674981354
10,2.92,-1.17398838447149,-0.985206092490638,-0.948958398280494,-0.97007922691418,-1.11009016540519,-0.957634929727685
10,2.93,-1.17224461266081,-0.991015208879753,-0.95525064063119,-0.975621701898337,-1.12371452147965,-0.963077794842443
10,2.94,-1.17013563389276,-0.996558216522652,-0.961304972823367,-0.98088285177814,-1.13605285268823,-0.968233168618914
10,2.95,-1.16768424817993,-1.00183119741816,-0.967117137361704,-0.985854389061001,-1.14713583228191,-0.973087549818111
10,2.96,-1.1649123156303,-1.00683062901906,-0.972683067620033,-0.990529892586759,-1.15700048986586,-0.977629289824007
10,2.97,-1.16184072297647,-1.01155337447562,-0.977998897748564,-0.99490495574339,-1.16568928188283,-0.981848802295761
10,2.98,-1.15848936282646,-1.01599667475118,-0.983060976134501,-0.998977249918331,-1.17324917619389,-0.985738725973207
10,2.99,-1.15487712382256,-1.0201581427365,-0.987865881787742,-1.00274650156921,-1.1797307661663,-0.989294037717883
10,3,-1.15102189004804,-1.02403575926273,-0.992410442807988,-1.00621438626612,-1.18518742681452,-0.992512114305254
10,3.01,-1.14694054818274,-1.02762787071142,-0.996691755938202,-1.00938434759963,-1.1896745227819,-0.995392742859911
10,3.02,-1.14264900107056,-1.03093318775262,-1.00070720612729,-1.01226135270039,-1.19324867536867,-0.997938081093883
10,3.03,-1.13816218651934,-1.03395078461653,-1.00445448501205,-1.01485159907854,-1.19596709346069,-1.00015256963425
10,3.04,-1.13349410030277,-1.03668009822629,-1.00793160728017,-1.01716218943835,-1.19788697112685,-1.00204279969143
10,3.05,-1.12865782247349,-1.03912092649149,-1.01113692398353,-1.01920079200362,-1.1990649528493,-1.00361734011934
10,3.06,-1.12366554622388,-1.04127342508275,-1.01406913202352,-1.02097530372071,-1.19955666583334,-1.00488652855947
10,3.07,-1.11852860864667,-1.04313810207523,-1.01672727921499,-1.02249353256926,-1.19941631760341,-1.00586223185716
10,3.08,-1.11325752285069,-1.04471580995463,-1.01911076454054,-1.02376291323817,-1.19869635611133,-1.00655758130597
10,3.09,-1.10786201097863,-1.04600773461632,-1.02121933342041,-1.02479026778582,-1.1974471888367,-1.00698668853425
10,3.1,-1.10235103775381,-1.04701538114489,-1.02305306803421,-1.0255816197953,-1.19571695682128,-1.00716434800935
10,3.11,-1.09673284425246,-1.04774055632782,-1.02461237293055,-1.02614206716318,-1.19355135921752,-1.00710573221215
10,3.12,-1.091014981658,-1.04818534802134,-1.02589795634061,-1.02647571523066,-1.19099352372063,-1.00682608553176
10,3.13,-1.08520434480511,-1.04835210164017,-1.02691080776554,-1.02658566867164,-1.1880839181664,-1.00634042284927
10,3.14,-1.07930720536449,-1.04824339417646,-1.02765217253001,-1.0264740775652,-1.18486029859113,-1.00566323861715
10,3.15,-1.07332924455574,-1.04786200626124,-1.02812352408088,-1.02614223054178,-1.18135768914828,-1.00480823199218
10,3.16,-1.06727558530621,-1.0472108928597,-1.02832653485871,-1.02559068591239,-1.17760838944167,-1.00378805323961
10,3.17,-1.0611508237985,-1.04629315323795,-1.02826304657925,-1.02481943033619,-1.17364200505704,-1.00261407618856
10,3.18,-1.05495906036978,-1.04511200085288,-1.02793504073364,-1.02382805388761,-1.16948549734155,-1.00129620098364
10,3.19,-1.04870392974228,-1.04367073380088,-1.02734461005238,-1.02261593034031,-1.16516324878581,-0.999842690746291
10,3.2,-1.04238863057685,-1.04197270641756,-1.02649393158403,-1.02118239205299,-1.1606971406982,-0.99826004503831
10,3.21,-1.03601595435094,-1.04002130255439,-1.02538524192178,-1.01952688994654,-1.15610664021733,-0.996552912223238
10,3.22,-1.02958831356837,-1.03781991097252,-1.02402081497774,-1.01764913060815,-1.1514088940783,-0.994724041963658
10,3.23,-1.02310776931234,-1.03537190319599,-1.02240294256338,-1.01554918443044,-1.14661882692176,-0.992774278197378
10,3.24,-1.01657605815386,-1.03268061405977,-1.02053391789527,-1.01322756076759,-1.1417492423034,-0.990702592026632
10,3.25,-1.00999461842678,-1.02974932507936,-1.01841602201514,-1.01068524823813,-1.13681092491528,-0.988506153059135
10,3.26,-1.00336461587767,-1.02658125066237,-1.01605151299895,-1.00792372040212,-1.13181274286064,-0.986180436885377
10,3.27,-0.996686968693327,-1.02317952708396,-1.01344261773711,-1.00494490897743,-1.12676174912292,-0.983719365589449
10,3.28,-0.989962371902706,-1.01954720406141,-1.01059152599937,-1.00175114843965,-1.12166328163096,-0.981115477495245
10,3.29,-0.98319132114195,-1.01568723869184,-1.00750038645483,-0.998345097199256,-1.11652106154189,-0.978360121766611
10,3.3,-0.976374135762672,-1.01160249146408,-1.00417130429904,-0.994729641516093,-1.11133728953859,-0.975443673025088
10,3.31,-0.969510981254294,-1.00729572402191,-1.00060634014373,-0.990907788870729,-1.10611274007014,-0.972355760833065
10,3.32,-0.96260189094181,-1.00276959834254,-0.996807509847664,-0.986882557661065,-1.10084685355411,-0.969085508718745
10,3.33,-0.955646786910977,-0.998026676999082,-0.99277678500365,-0.982656869853992,-1.09553782661179,-0.965621777391786
10,3.34,-0.948645500104291,-0.993069424198882,-0.988516093844838,-0.978233452635325,-1.09018270042875,-0.961953406909234
10,3.35,-0.941597789523289,-0.987900207325715,-0.984027322386062,-0.973614754224503,-1.08477744732821,-0.958069452789766
10,3.36,-0.934503360466458,-0.982521298761965,-0.979312315671608,-0.968802877921905,-1.07931705562057,-0.953959411426001
10,3.37,-0.927361881727334,-0.976934877821031,-0.974372879054261,-0.963799537211816,-1.07379561275678,-0.949613430592008
10,3.38,-0.920173001674876,-0.971143032677567,-0.969210779479831,-0.958606033430814,-1.0682063867697,-0.945022501366883
10,3.39,-0.912936363137866,-0.965147762239433,-0.96382774679404,-0.953223256205363,-1.06254190594312,-0.940178628374548
10,3.4,-0.905651617017277,-0.958950977957073,-0.958225475123039,-0.947651705633282,-1.05679403660618,-0.935074975854501
10,3.41,-0.89831843455525,-0.952554505610754,-0.952405624403873,-0.941891534091632,-1.05095405891339,-0.929705987708141
10,3.42,-0.890936518196457,-0.945960087151504,-0.946369822156363,-0.935942604646844,-1.04501274044144,-0.92406748029256
10,3.43,-0.883505610987255,-0.939169382696524,-0.940119665593087,-0.929804562356307,-1.03896040741187,-0.918156707342206
10,3.44,-0.876025504469663,-0.932183972793755,-0.9336567241599,-0.92347691430459,-1.03278701333625,-0.911972396975083
10,3.45,-0.868496045040832,-0.925005361073334,-0.926982542586673,-0.916959114018183,-1.02648220487557,-0.905514761273423
10,3.46,-0.860917138763685,-0.917634977396738,-0.920098644508052,-0.910250645942641,-1.02003538470858,-0.898785479410826
10,3.47,-0.853288754630512,-0.910074181598702,-0.913006536688697,-0.903351105925871,-1.01343577121393,-0.891787655723513
10,3.48,-0.845610926298032,-0.90232426789421,-0.905707713858717,-0.896260274101505,-1.00667245478641,-0.884525754489397
10,3.49,-0.837883752329221,-0.894386469994947,-0.898203664134839,-0.888978177169439,-0.999734450629001,-0.877005513484462
10,3.5,-0.830107394993661,-0.886261966948453,-0.890495874973356,-0.881505137784328,-0.992610747887455,-0.86923383863224
10,3.51,-0.822282077693813,-0.877951889681089,-0.882585839573892,-0.873841809542001,-0.985290355023447,-0.861218682251476
10,3.52,-0.814408081098977,-0.869457328194612,-0.874475063630138,-0.86598919685363,-0.977762341354239,-0.8529689075425
10,3.53,-0.806485738081533,-0.860779339337585,-0.866165072306037,-0.857948659775349,-0.970015874721635,-0.844494142038601
10,3.54,-0.798515427560942,-0.851918955048505,-0.857657417304233,-0.849721904579098,-0.962040255289601,-0.835804622788869
10,3.55,-0.790497567369812,-0.842877190948611,-0.848953683888307,-0.841310961476596,-0.953824945508027,-0.826911036038138
10,3.56,-0.782432606262887,-0.833655055149712,-0.840055497721172,-0.832718151418164,-0.945359596319032,-0.817824354131776
10,3.57,-0.774321015194127,-0.824253557136432,-0.830964531388769,-0.823946044264768,-0.936634069721095,-0.808555672302258
10,3.58,-0.766163277989061,-0.814673716582935,-0.821682510490049,-0.814997410866794,-0.927638457844432,-0.799116047893978
10,3.59,-0.757959881539472,-0.804916571971146,-0.812211219190404,-0.805875171676141,-0.91836309872753,-0.789516344455888
10,3.6,-0.74971130564529,-0.794983188889879,-0.80255250515516,-0.796582344475907,-0.908798589018521,-0.779767082980724
10,3.61,-0.741418012624629,-0.78487466791112,-0.792708283801526,-0.787121993647409,-0.898935793855461,-0.769878302397334
10,3.62,-0.733080436807243,-0.774592151959769,-0.782680541830383,-0.777497183125516,-0.88876585420552,-0.759859431230696
10,3.63,-0.724698974019741,-0.76413683311509,-0.772471340022508,-0.767710934842316,-0.878280191964117,-0.74971917213469
10,3.64,-0.716273971162742,-0.753509958804726,-0.762082815306274,-0.757766194050006,-0.867470513130609,-0.739465400777144
10,3.65,-0.7078057159711,-0.742712837374091,-0.751517182124674,-0.747665802471753,-0.856328809387091,-0.729105080316973
10,3.66,-0.699294427038582,-0.731746843034311,-0.740776733147798,-0.737412479778597,-0.844847358411341,-0.718644192461236
10,3.67,-0.690740244178151,-0.720613420209716,-0.729863839392125,-0.727008813454356,-0.833018723254185,-0.708087685827743
10,3.68,-0.682143219178473,-0.709314087320634,-0.718780949819595,-0.716457256709109,-0.820835751106384,-0.697439442068783
10,3.69,-0.673503307006645,-0.697850440048415,-0.707530590497099,-0.705760133752249,-0.80829157177117,-0.686702259936307
10,3.7,-0.664820357496586,-0.68622415413715,-0.696115363400796,-0.694919651451125,-0.795379596146921,-0.67587785719138
10,3.71,-0.65609410755222,-0.674436987790451,-0.684537944949494,-0.683937916189768,-0.782093515011147,-0.664966889984346
10,3.72,-0.64732417388465,-0.662490783722055,-0.672801084347733,-0.672816954608405,-0.768427298383025,-0.653968989060418
10,3.73,-0.638510046293136,-0.650387470916462,-0.660907601812443,-0.661558736848578,-0.754375195728103,-0.64288281188235
10,3.74,-0.629651081491002,-0.638129066150613,-0.648860386747956,-0.650165200947055,-0.739931737256441,-0.63170610951158
10,3.75,-0.620746497469641,-0.625717675320427,-0.636662395923228,-0.638638277107189,-0.725091736554902,-0.620435806856006
10,3.76,-0.611795368386802,-0.613155494607449,-0.624316651693225,-0.626979910719064,-0.709850294786028,-0.60906809468093
10,3.77,-0.602796619959288,-0.600444811511479,-0.611826240294163,-0.615192083187629,-0.694202806680208,-0.5975985315938
10,3.78,-0.593749025335204,-0.587588005765511,-0.599194310230441,-0.603276829847695,-0.678144968544433,-0.586022154057701
10,3.79,-0.584651201417011,-0.574587550140089,-0.586424070760115,-0.591236254482007,-0.661672788509809,-0.574333592366785
10,3.8,-0.575501605603841,-0.561446011135802,-0.573518790476209,-0.579072540199714,-0.644782599240487,-0.562527190432705
10,3.81,-0.566298532919803,-0.548166049555368,-0.560481795973331,-0.566787956664122,-0.627471073328293,-0.550597127187459
10,3.82,-0.557040113494411,-0.534750420941014,-0.547316470583204,-0.554384863868694,-0.60973524159938,-0.538537537407366
10,3.83,-0.547724310361559,-0.521201975858589,-0.534026253158827,-0.541865712838825,-0.591572514560803,-0.526342629806325
10,3.84,-0.538348917544768,-0.507523660007327,-0.520614636885098,-0.529233043775936,-0.572980707215439,-0.514006800335004
10,3.85,-0.528911558398428,-0.493718514133168,-0.507085168093584,-0.516489482254634,-0.553958067472261,-0.501524738755182
10,3.86,-0.519409684177522,-0.479789673724081,-0.493441445060417,-0.503637734130054,-0.534503308375084,-0.488891526733934
10,3.87,-0.509840572811583,-0.465740368467601,-0.479687116768823,-0.490680579811064,-0.514615644365953,-0.476102725917401
10,3.88,-0.500201327862273,-0.451573921453679,-0.465825881620915,-0.477620868507901,-0.494294831788873,-0.463154454695006
10,3.89,-0.490488877647958,-0.437293748109587,-0.451861486086916,-0.464461512974933,-0.473541213825409,-0.450043452646444
10,3.9,-0.480699974522698,-0.422903354857831,-0.437797723283397,-0.451205485147096,-0.452355770035393,-0.436767131969707
10,3.91,-0.470831194301187,-0.408406337492576,-0.423638431475074,-0.437855812920802,-0.430740170653564,-0.423323615511202
10,3.92,-0.460878935825194,-0.39380637927465,-0.409387492496955,-0.424415578166099,-0.408696835766166,-0.409711761350694
10,3.93,-0.450839420670923,-0.379107248749741,-0.395048830094962,-0.410887915887239,-0.386228999460099,-0.395931174225425
10,3.94,-0.440708693000414,-0.364312797298714,-0.380626408183432,-0.397276014283916,-0.363340779000819,-0.38198220440036
10,3.95,-0.430482619563537,-0.349426956432958,-0.366124229017174,-0.383583115315826,-0.340037249053191,-0.367865934895505
10,3.96,-0.42015688986042,-0.334453734851409,-0.351546331274153,-0.36981251524819,-0.316324520911022,-0.353584158257942
10,3.97,-0.409727016477251,-0.319397215279243,-0.336896788042526,-0.355967564563861,-0.292209826644891,-0.339139344306775
10,3.98,-0.399188335611413,-0.304261551111455,-0.322179704703076,-0.34205166657505,-0.267701608012508,-0.324534600476246
10,3.99,-0.388536007804948,-0.289050962887481,-0.307399216695299,-0.328068274059095,-0.242809609899404,-0.309773626529316
10,4,-0.377765018908483,-0.273769734626022,-0.292559487153052,-0.314020883280254,-0.217544977967892,-0.294860665506183
10,4.01,-0.366870181301164,-0.258422210052213,-0.27766470439399,-0.299913024842824,-0.191920360086762,-0.279800452806505
10,4.02,-0.355846135395938,-0.243012788752466,-0.262719079246525,-0.285748250947452,-0.165950010990553,-0.264598165279185
10,4.03,-0.34468735146382,-0.227545922295648,-0.247726842199031,-0.271530118786753,-0.139649899473252,-0.249259372110542
10,4.04,-0.333388131815808,-0.212026110362907,-0.232692240358686,-0.257262170011351,-0.113037817255226,-0.233789989163325
10,4.05,-0.321942613386878,-0.196457896932248,-0.217619534211965,-0.242947906413693,-0.0861334884730303,-0.218196238230076
10,4.06,-0.310344770773272,-0.180845866567939,-0.202512994185317,-0.22859076220408,-0.0589586785294887,-0.202484612431749
10,4.07,-0.298588419782072,-0.165194640868691,-0.187376897013004,-0.214194073479949,-0.0315373008078249,-0.186661848723643
10,4.08,-0.286667221561123,-0.149508875132252,-0.17221552192913,-0.19976104570374,-0.0038955195016803,-0.170734908175335
10,4.09,-0.274574687387667,-0.133793255297046,-0.157033146712309,-0.185294720195593,0.0239381534518789,-0.154710964378408
10,4.1,-0.262304184205901,-0.118052495223625,-0.14183404362364,-0.170797940804168,0.0519327696193872,-0.138597400015951
10,4.11,-0.249848941017042,-0.10229133437935,-0.126622475291133,-0.15627332203312,0.080054866046673,-0.122401811310155
10,4.12,-0.237202056240628,-0.0865145359884416,-0.111402690605638,-0.141723219965186,0.108268400760921,-0.106132019758499
10,4.13,-0.224356506182796,-0.0707268857058576,-0.0961789207039779,-0.127149707335291,0.136534704815274,-0.0897960902830623
10,4.14,-0.211305154766246,-0.05493319086668,-0.0809553751232412,-0.112554554055983,0.164812454064436,-0.0734023546587537
10,4.15,-0.198040764697728,-0.0391382803523844,-0.0657362382152466,-0.0979392143923302,0.19305766396934,-0.0569594388609147
10,4.16,-0.184556010272069,-0.0233470051010043,-0.0505256659109221,-0.0833048218209659,0.221223710759286,-0.0404762927857385
10,4.17,-0.170843492037059,-0.00756423926934574,-0.0353277829197437,-0.0686521923931658,0.249261382215337,-0.0239622206520541
10,4.18,-0.156895753570661,0.00820511796820477,-0.020146680438571,-0.0539818371604224,0.277118961165602,-0.00742691029325682
10,4.19,-0.142705300650679,0.0239561400282504,-0.00498641442637269,-0.0392939839204721,0.304742344490808,0.00911954050481279
10,4.2,-0.128264623126522,0.0396838700116455,0.0101489955240905,-0.0245886082111459,0.332075200021426,0.0256666024689399
10,4.21,-0.113566219832223,0.0553833173966488,0.0252555667197673,-0.00986547312933622,0.359059163164861,0.0422032999119286
10,4.22,-0.0986026269080759,0.0710494544890293,0.0403293533489756,0.00487582280545925,0.385634074438753,0.0587182041276495
10,4.23,-0.0833664499235867,0.0866772128311985,0.0553664460019171,0.0196357908758935,0.411738258316819,0.0751994366820984
10,4.24,-0.0678504002149268,0.102261479819489,0.0703629708740559,0.0344149919454039,0.437308842936601,0.0916346839901227
10,4.25,-0.0520473358632875,0.117797095826372,0.0853150888533506,0.0492139725540726,0.462282119300143,0.108011224340143
10,4.26,-0.0359503077439117,0.133278852171008,0.100218994750382,0.0640331993422214,0.486593937651003,0.124315968262476
10,4.27,-0.0195526110660921,0.148701490325167,0.115070916986363,0.0788729939929778,0.510180137770389,0.140535512835606
10,4.28,-0.00284784279907415,0.164059702779996,0.129867118104187,0.0937334709842972,0.532977009040215,0.156656210194925
10,4.29,0.0141700346654901,0.179348136030091,0.144603896508023,0.108614480445374,0.554921775310429,0.172664250156758
10,4.3,0.0315066233300079,0.194561396152323,0.159277589863404,0.123515558311378,0.575953098918404,0.188545756505891
10,4.31,0.0491670126922325,0.209694057465313,0.173884580598212,0.138435885757466,0.596011597671229,0.204286896126014
10,4.32,0.0671556960539401,0.224740674748916,0.188421303931969,0.153374259566472,0.615040368241704,0.219873999790949
10,4.33,0.0854764801035552,0.239695799478965,0.202884258823417,0.168329074649099,0.632985509260929,0.235293693090738
10,4.34,0.104132388010666,0.254554000488836,0.217270022162769,0.183298319402146,0.649796637419162,0.2505330356532
10,4.35,0.123125556467943,0.269309889404071,0.231575266444519,0.198279583977442,0.665427390105467,0.26557966654958
10,4.36,0.142457127337147,0.28395815110808,0.245796781040164,0.213270080866708,0.679835908507726,0.280421953553949
10,4.37,0.162127134796428,0.298493579385063,0.259931497049788,0.228266676516349,0.692985295630065,0.295049143769363
10,4.38,0.182134389140229,0.312911117750834,0.273976515551076,0.243265932006559,0.704844044328319,0.309451513047015
10,4.39,0.202476358643074,0.327205905324224,0.2879291388891,0.258264150199231,0.715386431173986,0.323620511611674
10,4.4,0.223149051155353,0.341373327413454,0.301786904466642,0.273257426217823,0.724592872688378,0.337548903367653
10,4.41,0.244146897342091,0.355409070296613,0.315547620310377,0.288241697706602,0.732450241197327,0.351230896489733
10,4.42,0.265462637692984,0.369309179468063,0.329209401511137,0.303212791059771,0.738952138202623,0.364662263092975
10,4.43,0.287087215611087,0.383070120409176,0.342770706475301,0.318166459740027,0.744099123716366,0.377840446009073
10,4.44,0.309009679016046,0.396688840729829,0.356230371787601,0.333098410940513,0.747898900435466,0.390764650955266
10,4.45,0.331217092963738,0.410162832324892,0.369587644381657,0.348004317194313,0.750366451933962,0.403435922641272
10,4.46,0.353694465777369,0.42349019200704,0.382842209650563,0.36287981010206,0.751524134222083,0.415857203595203
10,4.47,0.376424691097738,0.436669678923259,0.395994214112442,0.377720454121554,0.751401720076633,0.428033374675504
10,4.48,0.399388508088222,0.449700766947314,0.409044281279818,0.392521699323709,0.750036395512584,0.439971276350707
10,4.49,0.422564481773164,0.462583690173291,0.421993519470193,0.407278813137668,0.747472707674604,0.451679709855188
10,4.5,0.445929005151897,0.475319479624066,0.434843520439705,0.421986792346306,0.743762463319208,0.463169417259416
10,4.51,0.469456324325059,0.487909989339339,0.447596347921003,0.436640257904781,0.738964576974121,0.474453039330082
10,4.52,0.49311858741111,0.500357910124107,0.460254515397414,0.451233336485115,0.733144867839053,0.485545049815227
10,4.53,0.516885917539493,0.512666769421077,0.472820952741867,0.465759533937477,0.726375804561567,0.49646166450235
10,4.54,0.540726509707254,0.52484091601664,0.485298961682562,0.480211607036564,0.718736197201999,0.507220723107228
10,4.55,0.564606750804492,0.53688548859403,0.497692160416668,0.494581440877334,0.710310835997199,0.517841541814699
10,4.56,0.588491361677606,0.548806367499995,0.510004418064782,0.508859940024035,0.701190076934367,0.528344734174549
10,4.57,0.612343559732522,0.560610109481116,0.522239780026691,0.523036941926408,0.691469374629194,0.538751998125577
10,4.58,0.636125240303442,0.572303865559262,0.534402385645811,0.537101161128864,0.681248763532268,0.549085867244891
10,4.59,0.659797174839942,0.583895282637847,0.546496379897464,0.55104017235477,0.670632289023531,0.559369424954176
10,4.6,0.683319223902278,0.595392389846985,0.558525821067336,0.564840439608493,0.659727390456803,0.569625981397883
10,4.61,0.706650562997805,0.606803471032546,0.570494586565142,0.578487396986838,0.648644238653087,0.579878714052269
10,4.62,0.729749919426881,0.618136925159777,0.582406279112046,0.591965584944266,0.637495030695598,0.590150274808444
10,4.63,0.75257581851136,0.629401116727402,0.594264135540809,0.605258843364366,0.626393245154011,0.600462368240376
10,4.64,0.775086837821182,0.640604218566718,0.60607094035278,0.618350560044374,0.615452861085821,0.610835307925609
10,4.65,0.797241868256368,0.651754049629366,0.617828945990269,0.631223970228823,0.604787544375683,0.621287559903805
10,4.66,0.819000381040732,0.662857910546815,0.629539801517814,0.64386249979497,0.594509805242772,0.631835284480179
10,4.67,0.840322699796453,0.673922419876573,0.641204491078809,0.656250141782263,0.584730131143172,0.64249188943578
10,4.68,0.86117027685453,0.684953354038047,0.652823283127092,0.668371853366932,0.575556099887875,0.65326760912091
10,4.69,0.881505972780466,0.695955493988864,0.664395691051026,0.680213958301435,0.567091478640871,0.664169124722877
10,4.7,0.901294337732917,0.706932481703225,0.6759204454351,0.691764538434752,0.559435315583032,0.675199241085839
10,4.71,0.920501892715506,0.717886689488388,0.68739547786309,0.703013797332451,0.552681032417716,0.686356634734986
10,4.72,0.939097408036791,0.728819105111592,0.698817915874346,0.713954379303063,0.546915527504128,0.697635686190204
10,4.73,0.957052175390735,0.739729235601785,0.710184088451232,0.724581628327739,0.542218301145045,0.709026407277571
10,4.74,0.974340268964853,0.75061503242849,0.721489541244462,0.73489377344057,0.538660616301287,0.720514471052345
10,4.75,0.990938789956205,0.761472840531035,0.732729060630922,0.744892029916644,0.53630470960448,0.7320813482818
10,4.76,1.00682808793136,0.772297373359483,0.743896705637743,0.754580609044768,0.535203068826061,0.743704550391831
10,4.77,1.02199195172959,0.783081715678644,0.754985846746625,0.763966633107106,0.535397793767602,0.75535797458013
10,4.78,1.03641776221215,0.79381735536562,0.765989210603785,0.773059956252811,0.536920057712823,0.767012342677927
10,4.79,1.05009659923336,0.804494244793144,0.776898929695745,0.781872896024617,0.539789686001009,0.778635721536731
10,4.8,1.06302329585568,0.815100891639052,0.787706596105244,0.790419884169831,0.544014866862251,0.790194109443778
10,4.81,1.07519643411222,0.82562447811344,0.798403318534208,0.798717048849815,0.54959200736767,0.801652070514885
10,4.82,1.08661827853121,0.836051006681434,0.808979781872838,0.806781743287996,0.556505744226261,0.812973397317698
10,4.83,1.09729464609866,0.846365469428381,0.81942630870646,0.814632038127455,0.56472911530652,0.824121781229548
10,4.84,1.10723471418371,0.856552037325639,0.829732922282316,0.822286196200054,0.574223893346684,0.835061470261331
10,4.85,1.11645077095654,0.866594264876025,0.839889410599851,0.829762148971537,0.584941078574336,0.845757895249167
10,4.86,1.12495791571407,0.876475305014918,0.84988539142745,0.837076993594569,0.596821542160433,0.856178247337168
10,4.87,1.13277371901219,0.886178128772564,0.859710378168936,0.844246528293224,0.609796807879498,0.866291992402401
10,4.88,1.13991785433798,0.895685744103181,0.869353846586212,0.851284841786224,0.623789955319384,0.876071311320093
10,4.89,1.14641171406732,0.904981408469652,0.878805302414543,0.858203969749043,0.638716624719076,0.885491458518743
10,4.9,1.15227802257064,0.914048830223262,0.888054349875266,0.865013628078249,0.654486101179164,0.894531034906112
10,4.91,1.15754045858669,0.922872354493995,0.897090760997358,0.871721029150545,0.671002454667948,0.903172174740238
10,4.92,1.16222329751249,0.931437130145888,0.905904545514119,0.878330783578879,0.688165711928101,0.91140064918109
10,4.93,1.16635108225789,0.93972925528002,0.914486020921858,0.884844886374561,0.705873036987838,0.919205891932101
10,4.94,1.16994832901837,0.947735899710343,0.922825882095734,0.891262783125234,0.724019898351856,0.926580954458734
10,4.95,1.17303927195977,0.955445403728437,0.930915269675605,0.897581508956906,0.742501202914113,0.933522399697574
10,4.96,1.17564764858166,0.962847353261482,0.938745836280256,0.903795890779666,0.76121237901243,0.940030143941289
10,4.97,1.17779652557701,0.969932632180994,0.946309809494082,0.909898801684155,0.780050393662322,0.946107256746406
10,4.98,1.17950816342502,0.976693453024466,0.953600050502686,0.915881455369725,0.798914691718099,0.951759728345553
10,4.99,1.18080391677499,0.983123367750189,0.960610107233809,0.921733728110397,0.817708047398714,0.956996213264282
10,5,1.18170416689273,0.989217260371329,0.967334260885291,0.927444495931133,0.836337321200662,0.961827757770597
11,0,0,0,0,0,0,0
11,0.01,0,0,0,0,0,0
11,0.02,0,0,0,0,0,0
11,0.03,0,0,0,0,0,0
11,0.04,0,0,0,0,0,0
11,0.05,0,0,0,0,0,0
11,0.06,0,0,0,0,0,0
11,0.07,0,0,0,0,0,0
11,0.08,0,0,0,0,0,0
11,0.09,0,0,0,0,0,0
11,0.1,0,0,0,0,0,0
11,0.11,0,0,0,0,0,0
11,0.12,0,0,0,0,0,0
11,0.13,0,0,0,0,0,0
11,0.14,0,0,0,0,0,0
11,0.15,0,0,0,0,0,0
11,0.16,0,0,0,0,0,0
11,0.17,0,0,0,0,0,0
11,0.18,0,0,0,0,0,0
11,0.19,0,0,0,0,0,0
11,0.2,0,0,0,0,0,0
11,0.21,0,0,0,0,0,0
11,0.22,0,0,0,0,0,0
11,0.23,0,0,0,0,0,0
11,0.24,0,0,0,0,0,0
11,0.25,0,0,0,0,0,0
11,0.26,0,0,0,0,0,0
11,0.27,0,0,0,0,0,0
11,0.28,0,0,0,0,0,0
11,0.29,0,0,0,0,0,0
11,0.3,0,0,0,0,0,0
11,0.31,0,0,0,0,0,0
11,0.32,0,0,0,0,0,0
11,0.33,0,0,0,0,0,0
11,0.34,0,0,0,0,0,0
11,0.35,0,0,0,0,0,0
11,0.36,0,0,0,0,0,0
11,0.37,0,0,0,0,0,0
11,0.38,0,0,0,0,0,0
11,0.39,0,0,0,0,0,0
11,0.4,0,0,0,0,0,0
11,0.41,0,0,0,0,0,0
11,0.42,0,0,0,0,0,0
11,0.43,0,0,0,0,0,0
11,0.44,0,0,0,0,0,0
11,0.45,0,0,0,0,0,0
11,0.46,0,0,0,0,0,0
11,0.47,0,0,0,0,0,0
11,0.48,0,0,0,0,0,0
11,0.49,0,0,0,0,0,0
11,0.5,0,0,0,0,0,0
11,0.51,0,0,0,0,0,0
11,0.52,0,0,0,0,0,0
11,0.53,0,0,0,0,0,0
11,0.54,0,0,0,0,0,0
11,0.55,0,0,0,0,0,0
11,0.56,0,0,0,0,0,0
11,0.57,0,0,0,0,0,0
11,0.58,0,0,0,0,0,0
11,0.59,0,0,0,0,0,0
11,0.6,0,0,0,0,0,0
11,0.61,0,0,0,0,0,0
11,0.62,0,0,0,0,0,0
11,0.63,0,0,0,0,0,0
11,0.64,0,0,0,0,0,0
11,0.65,0,0,0,0,0,0
11,0.66,0,0,0,0,0,0
11,0.67,0,0,0,0,0,0
11,0.68,0,0,0,0,0,0
11,0.69,0,0,0,0,0,0
11,0.7,0,0,0,0,0,0
11,0.71,0,0,0,0,0,0
11,0.72,0,0,0,0,0,0
11,0.73,0,0,0,0,0,0
11,0.74,0,0,0,0,0,0
11,0.75,0,0,0,0,0,0
11,0.76,0,0,0,0,0,0
11,0.77,0,0,0,0,0,0
11,0.78,0,0,0,0,0,0
11,0.79,0,0,0,0,0,0
11,0.8,0,0,0,0,0,0
11,0.81,0,0,0,0,0,0
11,0.82,0,0,0,0,0,0
11,0.83,0,0,0,0,0,0
11,0.84,0,0,0,0,0,0
11,0.85,0,0,0,0,0,0
11,0.86,0,0,0,0,0,0
11,0.87,0,0,0,0,0,0
11,0.88,0,0,0,0,0,0
11,0.89,0,0,0,0,0,0
11,0.9,0,0,0,0,0,0
11,0.91,0,0,0,0,0,0
11,0.92,0,0,0,0,0,0
11,0.93,0,0,0,0,0,0
11,0.94,0,0,0,0,0,0
11,0.95,0,0,0,0,0,0
11,0.96,0,0,0,0,0,0
11,0.97,0,0,0,0,0,0
11,0.98,0,0,0,0,0,0
11,0.99,0,0,0,0,0,0
11,1,0,0,0,0,0,0
11,1.01,0.204437370860109,-0.0803411704692256,0.350473163947535,-0.589060180425719,1.03765571799848,1.1060844664284
11,1.02,0.279756824732443,0.0395658212367065,0.304150878413328,-0.695169152921283,1.2213655468243,1.30106710928364
11,1.03,0.333581967495878,0.147446158516513,0.281029888249434,-0.681526388115065,1.31028826944209,1.0023827764868
11,1.04,0.377867969014134,0.244053631753795,0.278870957093477,-0.604803507621393,1.35587495132045,0.93269820782146
11,1.05,0.417219332389544,0.333823638290154,0.287651885670401,-0.465586884059643,1.37486224756049,0.990331767330525
11,1.06,0.45412739785981,0.419270728574077,0.303462963652538,-0.279248728319224,1.37522476983544,1.01408082787487
11,1.07,0.490221401178833,0.501594576288072,0.325698932638989,-0.0709277732104687,1.36138172389777,1.00458637404493
11,1.08,0.526815834679619,0.581317466660896,0.353939856410964,0.13753688141338,1.33558660364676,0.997673135668132
11,1.09,0.564936319499924,0.658447000014611,0.38714633109211,0.331592350045375,1.29949984308462,0.998724515589682
11,1.1,0.60522938371909,0.732539289870716,0.424001140256495,0.502489955764758,1.25502610462521,1.00031177476432
11,1.11,0.647886386340248,0.802881639537247,0.463263032198482,0.645199976387137,1.20426480240743,1.00011805928226
11,1.12,0.692526927214942,0.868758485614583,0.503881502789815,0.757385964982665,1.14938058805228,0.999681993209865
11,1.13,0.738149784480643,0.929659661918377,0.545015290764848,0.838958794678752,1.09264582174925,0.999775809601235
11,1.14,0.783326072952279,0.985353703453502,0.58602104037949,0.89161199707808,1.03638271707845,1.00006752074642
11,1.15,0.826634357630486,1.03584053283428,0.626415299426907,0.918366625676374,0.982716269535675,1.00030232493418
11,1.16,0.867086882743504,1.08124734888192,0.665838120464447,0.923280469835027,0.93333501696897,1.00050529792726
11,1.17,0.904276578574016,1.121740993091,0.704029773048549,0.911213035453386,0.889426281770837,1.00067548119634
11,1.18,0.938248381721628,1.15749014809103,0.740805811628442,0.887490671486494,0.851749586969497,1.00074921174851
11,1.19,0.969281814791361,1.18866169113769,0.776030475985858,0.857484771506483,0.820741436453212,1.0007063074688
11,1.2,0.997726776488802,1.21542559605481,0.809597898988954,0.82619612071002,0.796590966996567,1.0005757138194
11,1.21,1.02391760409434,1.23795720652292,0.841424371040651,0.797902753408333,0.779284855535445,1.00039255538866
11,1.22,1.04813896450029,1.25643742614533,0.87144689660857,0.775901565882442,0.768638124079471,1.00019044499277
11,1.23,1.07061801266975,1.27105393311761,0.899621692620223,0.76236920224322,0.764321254715693,1.00000431435618
11,1.24,1.09152795780705,1.28200420830921,0.925919754677637,0.758348424607683,0.765886130762665,0.999861896388813
11,1.25,1.11099583570891,1.2894990049584,0.950320217572798,0.763843151378571,0.772790130104832,0.999778750256919
11,1.26,1.12911117369417,1.29376473506461,0.972803698327966,0.777994743307285,0.784418445242672,0.999759885245451
11,1.27,1.14593459087322,1.29504398265499,0.993347864843427,0.799307900168534,0.800104400308748,0.999801332149057
11,1.28,1.16150563222004,1.29359412106939,1.01192679997947,0.825893591393239,0.819148505790752,0.999891867912155
11,1.29,1.17584968072638,1.28968444004339,1.02851453322466,0.85570126071872,0.840836434971722,1.00001599422492
11,1.3,1.1889837830672,1.28359230937095,1.04309185238113,0.886720304799713,0.864456046319246,1.00015687550141
11,1.31,1.2009213205732,1.27559881331147,1.05565459710338,0.917138684166919,0.889313152955106,1.00029862667739
11,1.32,1.21167554352303,1.26598418984118,1.06622130471448,0.945453593915167,0.914745511984668,1.00042803578425
11,1.33,1.22126207321512,1.25502335564271,1.07483839858435,0.970534870656054,0.940134516694535,1.00053559735125
11,1.34,1.22970052677381,1.24298175435205,1.0815819218148,0.991645902675837,0.964914297655712,1.00061579741692
11,1.35,1.23701542572138,1.23011170054858,1.08655578606944,1.00842936293617,0.988578268580309,1.00066680612567
11,1.36,1.24323652669086,1.21664930827112,1.0898872886138,1.02086634161671,1.01068344668449,1.00068978647566
11,1.37,1.24839868583111,1.2028120185164,1.09172105265759,1.02921765467881,1.03085302931417,1.00068801492919
11,1.38,1.25254135610801,1.18879670312853,1.09221255111149,1.03395552550462,1.04877769520237,1.0006659894391
11,1.39,1.25570782122,1.17477832819166,1.09152210044447,1.03569275754376,1.06421596830088,1.00062865406115
11,1.4,1.2579442798388,1.16090918893057,1.08980982648653,1.03511516435609,1.07699381222051,1.00058080978249
11,1.41,1.25929889502425,1.14731875015523,1.08723174995929,1.03292156342369,1.08700348028198,1.00052673055788
11,1.42,1.25982090808423,1.13411411905909,1.0839368973764,1.02977418714653,1.09420156465588,1.00046996762588
11,1.43,1.25955988566908,1.12138113655747,1.08006523116797,1.0262610067585,1.09860617086933,1.00041330308853
11,1.44,1.25856513220543,1.10918601275904,1.07574618579343,1.02287027684352,1.10029317393759,1.00035880438403
11,1.45,1.25688526690517,1.09757737353819,1.07109764920813,1.01997664918427,1.09939156624329,1.00030793248347
11,1.46,1.25456794226112,1.08658854789157,1.06622529793477,1.01783750956462,1.09607796509677,1.00026166503238
11,1.47,1.25165967090669,1.07623991921702,1.06122224962363,1.01659776210608,1.09057039694144,1.00022060770343
11,1.48,1.24820572769748,1.06654118589164,1.05616902673668,1.01630109405459,1.08312150969517,1.00018507968817
11,1.49,1.24425009974371,1.05749341769546,1.05113382962825,1.01690575042911,1.07401138401611,1.0001551702538
11,1.5,1.23983546491216,1.0490908423068,1.04617310481896,1.0183029767595,1.06354012044979,1.00013077125123
11,1.51,1.23500318632258,1.04132233974932,1.04133237435261,1.0203364985603,1.05202037572955,1.0001115948909
11,1.52,1.22979331537103,1.03417265591749,1.03664727277326,1.02282165914659,1.03977001137195,1.00009718721501
11,1.53,1.22424459869917,1.02762336708023,1.03214472454117,1.02556310678688,1.02710500410906,1.00008694617188
11,1.54,1.21839448582917,1.02165363668546,1.02784418894057,1.02837019263502,1.01433275275479,1.00008014996319
11,1.55,1.21227913498059,1.01624080666312,1.02375890191146,1.03106950410829,1.00174590057201,1.00007599736082
11,1.56,1.20593341540041,1.0113608610132,1.01989705353755,1.03351420918963,0.989616776583706,1.00007365791085
11,1.57,1.19939090392974,1.00698879274151,1.01626285414761,1.03559012021057,0.978192545442111,1.00007232715603
11,1.58,1.19268387354751,1.00309889815037,1.01285745855732,1.03721859577755,0.967691140480318,1.00007128048154
11,1.59,1.18584327588142,0.99966501618245,1.009679734202,1.03835658068342,0.958298033576401,1.00006991893937
11,1.6,1.17889871922022,0.996660725988757,1.00672687327523,1.03899422569549,0.950163878633342,1.0000678017377
11,1.61,1.17187844032016,0.994059512988142,1.00399486016476,1.03915062634106,0.943403050069123,1.00006466228166
11,1.62,1.16480927411189,0.991834911430046,1.00147881223305,1.03886827220785,0.938093070078557,1.00006040683399
11,1.63,1.15771662553456,0.989960630198971,0.999173215439222,1.03820680124736,0.934274896984615,1.00005509730767
11,1.64,1.15062444374268,0.98841066773773,0.997072077148929,1.03723661171933,0.9319540305326,1.00004892168776
11,1.65,1.14355520165566,0.987159420641063,0.99516901694326,1.03603280888127,0.931102366883664,1.00004215659477
11,1.66,1.13652988324503,0.986181789089691,0.99345731382441,1.0346698616837,0.931660719364951,1.00003512690593
11,1.67,1.12956797913519,0.985453280789235,0.991929925481036,1.03321722902425,0.933541908976497,1.00002816703566
11,1.68,1.12268749121536,0.984950113456112,0.990579492411491,1.03173609817115,0.936634318069143,1.00002158757546
11,1.69,1.11590494626959,0.984649314509313,0.989398337077909,1.03027726916535,0.9408057950297,1.00001564980257
11,1.7,1.10923541803652,0.984528815621702,0.988378465858399,1.02888012651394,0.945907796089837,1.00001054926867
11,1.71,1.10269255687043,0.984567539253703,0.987511579335562,1.02757256843096,0.951779651947842,1.00000640846849
11,1.72,1.09628862596997,0.984745474266283,0.986789094404178,1.0263717163413,0.958252851688523,1.00000327760589
11,1.73,1.09003454308565,0.985043738111633,0.986202179795699,1.02528520296456,0.965155243814108,1.00000114179785
11,1.74,1.08393992667074,0.985444623802867,0.985741804943228,1.02431283357363,0.97231506351411,0.999999932710137
11,1.75,1.07801314555304,0.985931630720596,0.985398800708225,1.02344842812729,0.979564706075661,0.999999542574353
11,1.76,1.07226137135497,0.986489479185537,0.985163929416578,1.02268167735577,0.986744178059387,0.999999838736639
11,1.77,1.06669063304541,0.987104109505001,0.985027960944774,1.02199987886891,0.993704170111399,1.00000067725431
11,1.78,1.06130587315006,0.987762666819969,0.984981751263994,1.02138945565801,1.00030870769257,1.00000191450474
11,1.79,1.05611100526456,0.98845347351088,0.98501631986528,1.02083719535593,1.00643734829641,1.00000341622683
11,1.8,1.0511089726006,0.989165991167924,0.985122922798925,1.02033118154089,1.01198690567266,1.00000506382119
11,1.81,1.04630180734876,0.989890774220015,0.98529311859339,1.01986141634713,1.01687269299939,1.00000675805354
11,1.82,1.04169069066523,0.990619417280126,0.985518824992539,1.01942015564802,1.02102928770841,1.00000842052085
11,1.83,1.03727601308836,0.991344498139,0.98579236518557,1.01900199379199,1.0244108306458,1.00000999335378
11,1.84,1.03305743517137,0.992059518155961,0.986106502931649,1.01860374455085,1.02699088133338,1.00001143765686
11,1.85,1.02903394808571,0.992758841579284,0.98645446664481,1.01822416924128,1.02876185918769,1.00001273115168
11,1.86,1.02520393391267,0.993437635096903,0.986829963064684,1.01786360281126,1.02973410756336,1.00001386541353
11,1.87,1.02156522530361,0.994091808682499,0.987227181571299,1.01752352507064,1.02993462333921,1.00001484299948
11,1.88,1.01811516415672,0.994717958569432,0.987640790498759,1.01720611822698,1.02940549940101,1.00001567467462
11,1.89,1.01485065893384,0.995313312960215,0.988065926965913,1.01691384442903,1.02820213075578,1.00001637686388
11,1.9,1.0117682402266,0.995875680866039,0.988498181784116,1.01664906896029,1.02639123712904,1.00001696939589
11,1.91,1.00886411417849,0.99640340427279,0.98893358094097,1.01641374674305,1.02404875576222,1.00001747356388
11,1.92,1.00613421337895,0.996895313651098,0.989368565016088,1.01620918241693,1.02125765778802,1.00001791050416
11,1.93,1.00357424486686,0.997350686672453,0.989799967683639,1.01603586778493,1.01810574008533,1.00001829988133
11,1.94,1.00117973491352,0.997769209865324,0.990224994219522,1.01589339506602,1.01468344199644,1.00001865886623
11,1.95,0.998946070298524,0.998150942848319,0.990641200679872,1.01578044022119,1.01108173284017,1.00001900139325
11,1.96,0.996868535844422,0.998496284713975,0.991046474171081,1.01569480760123,1.0073901119056,1.00001933768501
11,1.97,0.994942348036804,0.99880594210793,0.991439014405235,1.01563352520437,1.00369475770124,1.00001967403177
11,1.98,0.993162684623311,0.999080898553099,0.991817316540843,1.01559297879752,1.00007685781255,1.00002001281025
11,1.99,0.991524710156582,0.999322384604607,0.992180155155106,1.01556907289528,0.996611144936721,1.00002035272092
11,2,0.990023597519888,0.999531848484242,0.992526569084932,1.01555740695734,0.99336465866747,1.00002068921582
11,2.01,0.988654545547924,0.999710926927452,0.992855846810173,1.01555345601441,0.990395746539344,1.00002101508152
11,2.02,0.987412792926349,0.99986141607479,0.993167512031543,1.01555274614073,0.987753311848417,1.00002132113533
11,2.03,0.98629362861972,0.999985242345949,0.993461309112148,1.01555101664616,0.985476309971323,1.0000215969878
11,2.04,0.985292399136004,1.00008443334099,0.993737188098657,1.01554436246738,0.983593489421917,1.00002183182322
11,2.05,0.984404512984678,1.00016108891319,0.993995289107468,1.01552935191436,0.982123368814628,1.00002201515072
11,2.06,0.983625442722878,1.00021735264527,0.9942359259445,1.01550311660142,0.981074436330116,1.00002213748328
11,2.07,0.98295072500878,1.00025538403073,0.99445956891605,1.01546341200196,0.980445554270404,1.00002219090929
11,2.08,0.982375959092833,1.00027733171087,0.994666826875284,1.01540864855674,0.980226547898345,1.00002216953055
11,2.09,0.981896804175526,1.00028530814466,0.994858428628244,1.01533789459441,0.98039895501511,1.00002206975132
11,2.1,0.981508976045684,1.00028136609066,0.995035203890196,1.01525085345423,0.98093691065778,1.00002189041409
11,2.11,0.98120824338704,1.00026747726077,0.995198064034636,1.01514781810963,0.981808139900546,1.00002163278771
11,2.12,0.980990424104578,1.00024551346417,0.995347982911918,1.01502960726232,0.982975031006339,1.00002130042293
11,2.13,0.980851381977989,1.00021723050222,0.99548597803191,1.01489748730733,0.984395761076785,1.000020898897
11,2.14,0.9807870238996,1.00018425500292,0.995613092406391,1.01475308476268,0.986025446851157,1.00002043547389
11,2.15,0.980793297900784,1.00014807430309,0.995730377333637,1.01459829373016,0.987817294363285,1.0000199187091
11,2.16,0.980866192116196,1.00011002940149,0.995838876382216,1.01443518272572,0.98972372272403,1.00001935802775
11,2.17,0.981001734781459,1.00007131092243,0.995939610795854,1.01426590481837,0.991697439293865,1.00001876330304
11,2.18,0.981195995308861,1.00003295795016,0.996033566499172,1.01409261447687,0.993692445877579,1.00001814445831
11,2.19,0.981445086438749,0.999995859524987,0.996121682837654,1.01391739387967,0.995664958239782,1.00001751111147
11,2.2,0.981745167422842,0.999960758534501,0.996204843136819,1.01374219073226,0.997574224132007,1.0000168722753
11,2.21,0.982092448160276,0.999928257690074,0.996283867117515,1.01356876889575,0.999383228065655,1.00001623612192
11,2.22,0.982483194178467,0.999898827251117,0.99635950515825,1.01339867239605,1.00105927418639,1.00001560981443
11,2.23,0.982913732328747,0.999872814147217,0.996432434353202,1.01323320269096,1.00257444173414,1.00001499940485
11,2.24,0.9833804570512,0.999850452150487,0.996503256277074,1.01307340845169,1.00390591064117,1.00001440979332
11,2.25,0.983879837053706,0.999831872765412,0.996572496336241,1.01292008659306,1.00503615776669,1.00001384474158
11,2.26,0.984408422246404,0.999817116528881,0.996640604560112,1.01277379288254,1.00595302703357,1.00001330693122
11,2.27,0.984962850773848,0.999806144446196,0.996707957667685,1.01263486018472,1.00664967927174,1.00001279805704
11,2.28,0.985539855992485,0.999798849326818,0.996774862231685,1.01250342226067,1.00712442984127,1.00001231894515
11,2.29,0.986136273249737,0.999795066823603,0.996841558756422,1.01237944103761,1.00738048407311,1.00001186968609
11,2.3,0.986749046332438,0.999794586018906,0.996908226484872,1.01226273538228,1.00742558219992,1.00001144977382
11,2.31,0.987375233465742,0.999797159437945,0.996974988755061,1.01215300963424,1.00727156673826,1.00001105824285
11,2.32,0.988012012758425,0.999802512402873,0.997041918734685,1.01204988045959,1.0069338862163,1.00001069379674
11,2.33,0.988656687006106,0.999810351668962,0.997109045375331,1.01195290094284,1.00643104971914,1.0000103549228
11,2.34,0.98930668777989,0.999820373306841,0.99717635944266,1.01186158121761,1.00578404695357,1.00001003998927
11,2.35,0.989959578743962,0.999832269811921,0.997243819495761,1.01177540531411,1.00501574843006,1.00000974732269
11,2.36,0.990613058161364,0.999845736434525,0.997311357706537,1.01169384424912,1.00415029994411,1.0000094752646
11,2.37,0.991264960562461,0.999860476732588,0.997378885427952,1.01161636567761,1.00321252483733,1.00000922220819
11,2.38,0.991913257565242,0.999876207354221,0.997446298437295,1.01154244064981,1.00222734656347,1.0000089866166
11,2.39,0.992556057850485,0.999892662060886,0.997513481797083,1.0114715481629,1.0012192429113,1.00000876702585
11,2.4,0.993191606307967,0.99990959500459,0.997580314291195,1.01140317825895,1.00021174188291,1.00000856203581
11,2.41,0.993818282382094,0.999926783275093,0.99764667240723,1.01133683440635,0.999226967733243,1.00000837029354
11,2.42,0.99443459765671,0.999944028736483,0.997712433847732,1.01127203581811,0.998285244085464,1.00000819047315
11,2.43,0.995039192729146,0.999961159176909,0.997777480562865,1.0112083202238,0.99740475938788,1.00000802125635
11,2.44,0.995630833432871,0.999978028801061,0.997841701305458,1.01114524743867,0.996601298311442,1.00000786131719
11,2.45,0.996208406476205,0.999994518101979,0.997904993716309,1.0110824038837,0.995888041040186,1.00000770931391
11,2.46,0.996770914571434,1.00001053315679,0.997967265953384,1.01101940802187,0.995275430815381,1.0000075638895
11,2.47,0.997317471134088,1.00002600439944,0.998028437883412,1.0109559165065,0.99477110858934,1.00000742368185
11,2.48,0.997847294636203,1.0000408849321,0.998088441858529,1.01089163069997,0.994379912254679,1.00000728734303
11,2.49,0.998359702699739,1.00005514844453,0.998147223104275,1.01082630312599,0.994103936662745,1.00000715356628
11,2.5,0.998854106017125,1.00006878681776,0.998204739748515,1.0107597433708,0.993942649550036,1.00000702111853
11,2.51,0.999330002184996,1.00008180749287,0.998260962523914,1.01069182294915,0.993893057567966,1.00000688887581
11,2.52,0.999786969534579,1.0000942306889,0.998315874179299,1.01062247869649,0.993949915868963,1.0000067558584
11,2.53,1.00022466103802,1.0001060865539,0.998369468637745,1.01055171433222,0.994105974145729,1.00000662126279
11,2.54,1.00064279836419,1.00011741233113,0.99842174994133,1.01047959995182,0.994352251651232,1.00000648448795
11,2.55,1.00104116615056,1.00012824961765,0.998472731024135,1.01040626933572,0.994678333541251,1.00000634515351
11,2.56,1.00141960654927,1.00013864178535,0.998522432356192,1.01033191509971,0.995072680872056,1.00000620310861
11,2.57,1.00177801409678,1.00014863162552,0.998570880501428,1.01025678184385,0.995522946742511,1.00000605843064
11,2.58,1.00211633094624,1.00015825926723,0.99861810663232,1.01018115757426,0.996016291379314,1.00000591141395
11,2.59,1.00243454249194,1.00016756040811,0.99866414504274,1.01010536376752,0.996539689410448,1.00000576254933
11,2.6,1.00273267340469,1.00017656488359,0.998709031698369,1.01002974451473,0.997080223137455,1.00000561249566
11,2.61,1.00301078408698,1.00018529558836,0.998752802861116,1.00995465521881,0.997625356282789,1.00000546204553
11,2.62,1.00326896754719,1.00019376775186,0.99879549382024,1.00988045132413,0.998163183434052,1.00000531208686
11,2.63,1.00350734668301,1.00020198855856,0.998837137758335,1.00980747753354,0.998682651211666,1.00000516356284
11,2.64,1.00372607195627,1.00020995709412,0.99887776477534,1.00973605791883,0.999173748029941,1.00000501743218
11,2.65,1.00392531943426,1.00021766459028,0.998917401088172,1.00966648726124,0.999627660183072,1.00000487463162
11,2.66,1.00410528916655,1.00022509493492,0.998956068417856,1.00959902387582,1.00003689284793,1.0000047360423
11,2.67,1.00426620386187,1.00023222540911,0.998993783570161,1.00953388408311,1.0003953554361,1.00000460246121
11,2.68,1.00440830782568,1.00023902761008,0.999030558210018,1.00947123840117,1.00069841153172,1.00000447457857
11,2.69,1.00453186611734,1.00024546851751,0.99906639882457,1.00941120944511,1.00094289440377,1.00000435296137
11,2.7,1.00463716388413,1.00025151166118,0.999101306864695,1.00935387144582,1.0011270897687,1.00000423804335
11,2.71,1.00472450582983,1.00025711834915,0.999135279050435,1.00929925123773,1.00125068809049,1.00000413012089
11,2.72,1.00479421577623,1.00026224891807,0.999168307822082,1.00924733051942,1.00131470923122,1.00000402935423
11,2.73,1.00484663627836,1.00026686397071,0.999200381915701,1.00919804916152,1.00132140270014,1.00000393577345
11,2.74,1.00488212825621,1.00027092556916,0.999231487039801,1.00915130932365,1.00127412708842,1.00000384928797
11,2.75,1.00490107060991,1.00027439835652,0.999261606628533,1.00910698014392,1.00117721251854,1.00000376969895
11,2.76,1.00490385978845,1.00027725058379,0.999290722646345,1.00906490277919,1.00103581008199,1.00000369671343
11,2.77,1.00489090928673,1.00027945502298,0.999318816419279,1.00902489559809,1.00085573228927,1.00000362995944
11,2.78,1.00486264905011,1.00028098975151,0.999345869469032,1.00898675935938,1.00064328851607,1.00000356900128
11,2.79,1.0048195247702,1.00028183879666,0.999371864327468,1.00895028224149,1.00040511930515,1.00000351335447
11,2.8,1.0047619970603,1.00028199263266,0.999396785311246,1.00891524462309,1.00014803318313,1.00000346249967
11,2.81,1.00469054050377,1.00028144852623,0.999420619238664,1.00888142354562,0.999878849382511,1.00000341589559
11,2.82,1.00460564257261,1.00028021072969,0.999443356073447,1.00884859681614,0.999604249533011,1.00000337299041
11,2.83,1.00450780241819,1.00027829052363,0.999464989483048,1.0088165467306,0.999330641012413,1.00000333323194
11,2.84,1.00439752953969,1.00027570611374,0.999485517301915,1.00878506341312,0.999064034236566,1.00000329607631
11,2.85,1.00427534233957,1.00027248238916,0.999504941893053,1.00875394777721,0.998809935732281,1.00000326099564
11,2.86,1.00414176657835,1.00026865055188,0.999523270403997,1.00872301411867,0.998573258386396,1.0000032274845
11,2.87,1.0039973337439,1.0002642476287,0.999540514915951,1.00869209235088,0.998358249810062,1.0000031950657
11,2.88,1.00384257935247,1.00025931587951,0.999556692487298,1.00866102988941,0.998168439309283,1.00000316329522
11,2.89,1.00367804120068,1.00025390211675,0.999571825094931,1.00862969318916,0.998006603520469,1.00000313176663
11,2.9,1.00350425758862,1.00024805695283,0.999585939478821,1.0085979689317,0.99787475036158,1.00000310011505
11,2.91,1.00332176553516,1.00024183399272,0.999599066896978,1.00856576485668,0.997774120572913,1.00000306802053
11,2.92,1.00313109900688,1.00023528899,0.999611242799436,1.00853301022884,0.997705205782923,1.00000303521102
11,2.93,1.0029327871814,1.00022847898474,0.999622506431074,1.00849965593225,0.997667781738873,1.00000300146463
11,2.94,1.00272735276568,1.00022146144154,0.999632900374046,1.00846567418615,0.997660955093374,1.00000296661134
11,2.95,1.00251531038832,1.00021429340536,0.999642470041262,1.00843105788221,0.997683221938712,1.00000293053384
11,2.96,1.00229716508358,1.00020703069214,0.999651263132798,1.00839581955085,0.99773253613251,1.00000289316743
11,2.97,1.0020734108831,1.00019972712962,0.999659329067292,1.00835998997356,0.997806385361132,1.00000285449906
11,2.98,1.00184452952879,1.00019243386227,0.999666718400342,1.00832361646888,0.997901872840162,1.00000281456514
11,2.99,1.00161098931853,1.00018519873227,0.999673482241663,1.00828676089001,0.998015802552567,1.0000027734485
11,3,1.00137324409335,1.0001780657463,0.999679671682242,1.00824949738239,0.998144765971688,1.00000273127412
11,3.01,1.0011317323726,1.00017107463558,0.999685337242087,1.00821190995781,0.998285228304485,1.00000268820409
11,3.02,1.00088687664049,1.00016426051411,0.999690528348291,1.0081740899484,0.998433612416011,1.00000264443168
11,3.03,1.00063908278538,1.00015765363765,0.999695292852106,1.00813613340773,0.998586378754092,1.00000260017485
11,3.04,1.00038873969007,1.00015127926353,0.999699676592586,1.00809813852744,0.998740099778227,1.00000255566924
11,3.05,1.00013621896944,1.00014515760918,0.999703723013067,1.00806020313635,0.998891527603298,1.00000251116108
11,3.06,0.999881874849413,1.00013930390495,0.999707472835438,1.00802242234463,0.999037653791057,1.00000246690004
11,3.07,0.999626044179082,1.0001337285352,0.999710963795713,1.00798488638867,0.999175760454728,1.00000242313237
11,3.08,0.999369046566515,1.00012843725965,0.999714230443042,1.00794767872399,0.999303462078929,1.0000023800945
11,3.09,0.999111184626932,1.00012343150598,0.999717304002849,1.00791087440301,0.999418737693092,1.00000233800725
11,3.1,0.998852744331062,1.00011870872351,0.999720212303446,1.00787453876369,0.999519953266466,1.00000229707078
11,3.11,0.998593995440541,1.00011426278689,0.999722979764166,1.00783872644378,0.999605874412209,1.00000225746056
11,3.12,0.998335192016725,1.0001100844387,0.99972562744188,1.00780348072441,0.999675669692749,1.00000221932406
11,3.13,0.998076572989057,1.00010616175943,0.999728173131671,1.00776883319646,0.999728905004944,1.00000218277864
11,3.14,0.997818362769163,1.00010248065356,0.999730631516549,1.00773480373435,0.999765529688772,1.00000214791019
11,3.15,0.99756077189721,1.00009902534091,0.999733014360307,1.00770140075383,0.999785855144813,1.00000211477286
11,3.16,0.997303997707581,1.00009577884293,0.999735330737036,1.00766862172488,0.999790526862097,1.00000208338946
11,3.17,0.997048225001717,1.00009272345448,0.9997375872904,1.00763645390608,0.999780490847894,1.00000205375278
11,3.18,0.996793626716954,1.00008984119249,0.999739788515552,1.00760487526425,0.999756955514237,1.00000202582736
11,3.19,0.996540364581259,1.00008711421403,0.999741937056493,1.00757385554204,0.999721350112741,1.000001999552
11,3.2,0.99628858974504,1.00008452519732,0.999744034011789,1.00754335743608,0.99967528082013,1.00000197484246
11,3.21,0.996038443382506,1.00008205768048,0.999746079241815,1.00751333784979,0.999620485563353,1.0000019515947
11,3.22,0.995790057256422,1.00007969635403,0.999748071671102,1.00748374918672,0.999558788636697,1.00000192968807
11,3.23,0.995543554241526,1.00007742730418,0.999750009579838,1.00745454065305,0.999492056106274,1.00000190898884
11,3.24,0.995299048803218,1.00007523820537,0.999751890879234,1.00742565954126,0.999422152921918,1.00000188935354
11,3.25,0.99505664742953,1.00007311846149,0.999753713366112,1.0073970524697,0.999350902565669,1.00000187063239
11,3.26,0.99481644901564,1.00007105929621,0.999755474952846,1.00736866655651,0.999280049962527,1.00000185267256
11,3.27,0.994578545201409,1.00006905379418,0.999757173869552,1.00734045050935,0.999211228265963,1.00000183532126
11,3.28,0.994343020663532,1.00006709689533,0.999758808836229,1.00731235561574,0.999145930010866,1.00000181842861
11,3.29,0.994109953364853,1.00006518534569,0.999760379203347,1.00728433662132,0.99908548300307,1.00000180185031
11,3.3,0.993879414764277,1.00006331760854,0.999761885060142,1.00725635248653,0.999031031190403,1.00000178545003
11,3.31,0.993651469991378,1.00006149374067,0.999763327310644,1.00722836701451,0.99898352063787,1.00000176910149
11,3.32,0.993426177990408,1.00005971523848,0.99976470771812,1.00720034934562,0.998943690611816,1.00000175269026
11,3.33,0.993203591638784,1.00005798485955,0.99976602891927,1.00717227431621,0.998912069666952,1.00000173611527
11,3.34,0.992983757845421,1.00005630642507,0.999767294410075,1.00714412268181,0.998888976527933,1.00000171928991
11,3.35,0.992766717634367,1.00005468460881,0.999768508505668,1.00711588120688,0.998874525465528,1.00000170214292
11,3.36,0.992552506219205,1.00005312471839,0.999769676277017,1.00708754262574,0.99886863578762,1.00000168461887
11,3.37,0.992341153073495,1.00005163247408,0.999770803467531,1.00705910548113,0.998871044998377,1.00000166667833
11,3.38,0.992132682002289,1.00005021379055,0.999771896392926,1.00703057384931,0.998881325125687,1.00000164829772
11,3.39,0.991927111219362,1.00004887456624,0.999772961827858,1.0070019569622,0.998898901677557,1.00000162946887
11,3.4,0.991724453434318,1.00004762048483,0.999774006882874,1.00697326873887,0.998923074662892,1.00000161019828
11,3.41,0.991524715953216,1.00004645683271,0.999775038875252,1.00694452724042,0.998953041100383,1.00000159050607
11,3.42,0.99132790079574,1.00004538833555,0.999776065197191,1.0069157540632,0.998987918440813,1.0000015704248
11,3.43,0.991134004831296,1.00004441901688,0.999777093184667,1.0068869736864,0.999026768341931,1.00000154999797
11,3.44,0.99094301993576,1.00004355208044,0.999778129990073,1.00685821279033,0.999068620260301,1.00000152927843
11,3.45,0.99075493316993,1.00004278981788,0.999779182461456,1.0068294995621,0.99911249435984,1.00000150832665
11,3.46,0.990569726980063,1.00004213354232,0.999780257030897,1.00680086300474,0.999157423280878,1.00000148720889
11,3.47,0.990387379420244,1.00004158354801,0.999781359614175,1.00677233226515,0.999202472364953,1.00000146599537
11,3.48,0.990207864395736,1.00004113909537,0.999782495523542,1.0067439359953,0.999246757987723,1.00000144475844
11,3.49,0.990031151925895,1.00004079842064,0.999783669394974,1.00671570175951,0.999289463713668,1.00000142357079
11,3.5,0.989857208424756,1.0000405587682,0.999784885130922,1.00668765549869,0.999329854050234,1.00000140250379
11,3.51,0.989685996996938,1.00004041644401,0.999786145859132,1.00665982106097,0.999367285644041,1.00000138162591
11,3.52,0.98951747774621,1.00004036688744,0.999787453907752,1.00663221980541,0.999401215826421,1.00000136100136
11,3.53,0.989351608093733,1.00004040475918,0.999788810796543,1.00660487028382,0.999431208478349,1.00000134068884
11,3.54,0.989188343102815,1.00004052404227,0.99979021724367,1.00657778800314,0.999456937244678,1.00000132074056
11,3.55,0.989027635806912,1.00004071815335,0.999791673187228,1.00655098526909,0.999478186183215,1.00000130120147
11,3.56,0.988869437537539,1.00004098006118,0.999793177820393,1.00652447110935,0.999494847984742,1.00000128210863
11,3.57,0.988713698248796,1.00004130240939,0.999794729638804,1.00649825127322,0.99950691994472,1.00000126349087
11,3.58,0.988560366835334,1.00004167764066,0.999796326498645,1.00647232830273,0.999514497905549,1.00000124536869
11,3.59,0.988409391440718,1.00004209811948,0.99979796568369,1.0064467016691,0.999517768419367,1.00000122775424
11,3.6,0.988260719753404,1.00004255625105,0.99979964397951,1.00642136796707,0.999516999405334,1.0000012106516
11,3.61,0.988114299287781,1.00004304459388,0.999801357752957,1.00639632115927,0.999512529591865,1.00000119405717
11,3.62,0.98797007764807,1.0000435559642,0.999803103035036,1.0063715528617,0.999504757043635,1.00000117796023
11,3.63,0.987828002773195,1.00004408353019,0.999804875605325,1.00634705266155,0.99949412707543,1.00000116234356
11,3.64,0.987688023161115,1.00004462089486,0.999806671076123,1.00632280845828,0.99948111985053,1.00000114718428
11,3.65,0.987550088071477,1.0000451621663,0.999808484974672,1.00629880681907,0.999466237950703,1.00000113245462
11,3.66,0.987414147705845,1.00004570201455,0.999810312821886,1.00627503334013,0.999449994188697,1.00000111812286
11,3.67,0.987280153365124,1.00004623571472,0.999812150206195,1.00625147300574,0.999432899913025,1.00000110415419
11,3.68,0.987148057584176,1.00004675917615,0.999813992851315,1.00622811053761,0.99941545402952,1.00000109051172
11,3.69,0.987017814243967,1.00004726895786,0.99981583667692,1.00620493072775,0.999398132935477,1.00000107715731
11,3.7,0.986889378661929,1.00004776227062,0.999817677851419,1.00618191874894,0.999381381530976,1.00000106405249
11,3.71,0.986762707661473,1.00004823696658,0.999819512836259,1.00615906043758,0.999365605438978,1.00000105115929
11,3.72,0.98663775962191,1.00004869151714,0.999821338421361,1.00613634254484,0.999351164531933,1.00000103844103
11,3.73,0.986514494510198,1.00004912498038,0.999823151751544,1.0061137529526,0.999338367828568,1.00000102586296
11,3.74,0.986392873896161,1.00004953695925,0.999824950343952,1.00609128085184,0.999327469791164,1.00000101339296
11,3.75,0.986272860952946,1.00004992755201,0.999826732096718,1.00606891688206,0.999318668021466,1.00000100100198
11,3.76,0.986154420444574,1.00005029729625,0.999828495289246,1.00604665323083,0.999312102323223,1.00000098866454
11,3.77,0.986037518702532,1.0000506471083,0.999830238574671,1.00602448369392,0.999307855071605,1.00000097635901
11,3.78,0.985922123593315,1.00005097821932,0.999831960965148,1.00600240369683,0.999305952804942,1.00000096406788
11,3.79,0.98580820447886,1.0000512921098,0.999833661810796,1.0059804102796,0.999306368932705,1.00000095177786
11,3.8,0.985695732171711,1.00005159044382,0.999835340773124,1.00595850204708,0.999309027435671,1.00000093947991
11,3.81,0.985584678886681,1.00005187500462,0.999836997793918,1.00593667908789,0.999313807420023,1.00000092716918
11,3.82,0.985475018190668,1.00005214763254,0.999838633060538,1.00591494286542,0.999320548376696,1.0000009148449
11,3.83,0.985366724952103,1.00005241016679,0.999840246968626,1.00589329608475,0.999329055990737,1.00000090251007
11,3.84,0.985259775291385,1.00005266439182,0.99984184008321,1.00587174253985,0.999339108342623,1.00000089017126
11,3.85,0.985154146533439,1.00005291198923,0.999843413099171,1.00585028694539,0.999350462344256,1.00000087783815
11,3.86,0.985049817163382,1.00005315449597,0.999844966801968,1.00582893475759,0.999362860256445,1.0000008655232
11,3.87,0.984946766786039,1.00005339326919,0.999846502029494,1.0058076919889,0.999376036141968,1.00000085324115
11,3.88,0.984844976089902,1.00005362945822,0.999848019635824,1.00578656502073,0.99938972211815,1.00000084100859
11,3.89,0.984744426815903,1.00005386398376,0.999849520457542,1.00576556041847,0.999403654285299,1.00000082884341
11,3.9,0.984645101731178,1.00005409752421,0.999851005283237,1.00574468475292,0.99941757822154,1.00000081676439
11,3.91,0.984546984607854,1.00005433050916,0.999852474826652,1.00572394443157,0.999431253950417,1.00000080479064
11,3.92,0.984450060206695,1.00005456311953,0.999853929703843,1.00570334554293,0.99944446030453,1.00000079294118
11,3.93,0.984354314265321,1.000054795294,0.99985537041463,1.00568289371675,0.999456998626057,1.00000078123449
11,3.94,0.984259733490565,1.00005502674125,0.99985679732847,1.00566259400211,0.999468695762827,1.00000076968813
11,3.95,0.984166305554456,1.00005525695723,0.999858210674808,1.00564245076525,0.999479406336289,1.00000075831832
11,3.96,0.984074019093189,1.00005548524683,0.999859610537845,1.00562246760818,0.999489014274899,1.00000074713973
11,3.97,0.983982863708416,1.00005571074924,0.999860996855563,1.00560264730861,0.999497433622709,1.00000073616512
11,3.98,0.983892829970131,1.00005593246597,0.999862369422781,1.00558299178141,0.999504608648083,1.00000072540523
11,3.99,0.983803909420402,1.00005614929107,0.999863727897919,1.00556350206106,0.999510513291176,1.00000071486855
11,4,0.983716094577205,1.00005636004236,0.999865071813093,1.00554417830437,0.99951515000085,1.00000070456132
11,4.01,0.983629378937629,1.00005656349321,0.999866400587122,1.00552501981209,0.999518548021973,1.00000069448742
11,4.02,0.983543756979771,1.00005675840385,0.999867713540966,1.00550602506795,0.999520761202389,1.00000068464844
11,4.03,0.983459224162663,1.00005694355178,0.999869009915111,1.0054871917931,0.999521865395178,1.00000067504373
11,4.04,0.983375776923674,1.00005711776038,0.999870288888379,1.00546851701401,0.999521955536176,1.00000066567049
11,4.05,0.983293412672878,1.00005727992541,0.999871549597668,1.00544999714146,0.99952114247908,1.00000065652397
11,4.06,0.983212129783964,1.00005742903872,0.999872791158107,1.00543162805825,0.999519549670878,1.00000064759761
11,4.07,0.98313192758139,1.00005756420892,0.999874012683143,1.00541340521331,0.999517309748978,1.00000063888328
11,4.08,0.983052806323525,1.00005768467865,0.99987521330412,1.00539532371969,0.99951456113832,1.00000063037149
11,4.09,0.982974767181658,1.0000577898383,0.999876392188919,1.00537737845419,0.999511444722195,1.00000062205165
11,4.1,0.982897812214843,1.0000578792359,0.999877548559286,1.00535956415635,0.999508100654563,1.00000061391234
11,4.11,0.982821944340622,1.00005795258346,0.999878681706546,1.00534187552469,0.999504665374633,1.00000060594154
11,4.12,0.982747167301776,1.00005800975946,0.999879791005407,1.00532430730848,0.999501268876531,1.00000059812689
11,4.13,0.982673485629333,1.00005805080788,0.99988087592566,1.00530685439304,0.999498032278272,1.00000059045598
11,4.14,0.982600904602118,1.00005807593389,0.999881936041624,1.00528951187747,0.999495065725144,1.00000058291652
11,4.15,0.982529430203214,1.00005808549643,0.999882971039217,1.00527227514335,0.999492466653373,1.00000057549661
11,4.16,0.982459069073752,1.000058079998,0.999883980720646,1.00525513991361,0.999490318430551,1.00000056818489
11,4.17,0.98238982846447,1.00005806007215,0.999884965006704,1.00523810230082,0.999488689380241,1.00000056097078
11,4.18,0.98232171618556,1.00005802646882,0.999885923936757,1.00522115884457,0.999487632189376,1.00000055384455
11,4.19,0.982254740555276,1.00005798003818,0.999886857666517,1.00520430653768,0.999487183688885,1.00000054679749
11,4.2,0.982188910347846,1.00005792171324,0.999887766463781,1.0051875428414,0.999487364990436,1.00000053982198
11,4.21,0.982124234741205,1.00005785249169,0.99988865070229,1.00517086568995,0.999488181955491,1.00000053291158
11,4.22,0.982060723265027,1.0000577734175,0.999889510853957,1.0051542734848,0.999489625967053,1.00000052606101
11,4.23,0.981998385749575,1.00005768556246,0.999890347479694,1.00513776507954,0.999491674969663,1.00000051926622
11,4.24,0.981937232275792,1.00005759000825,0.999891161219089,1.00512133975611,0.999494294739416,1.00000051252433
11,4.25,0.981877273127063,1.00005748782931,0.999891952779215,1.00510499719355,0.999497440343028,1.00000050583359
11,4.26,0.981818518743016,1.0000573800767,0.999892722922834,1.00508873743013,0.999501057743268,1.00000049919332
11,4.27,0.981760979675685,1.00005726776353,0.999893472456271,1.00507256082038,0.99950508550743,1.00000049260384
11,4.28,0.981704666548298,1.00005715185178,0.999894202217213,1.00505646798793,0.999509456575792,1.00000048606636
11,4.29,0.981649590016923,1.00005703324105,0.999894913062689,1.00504045977567,0.999514100048263,1.00000047958285
11,4.3,0.981595760735107,1.00005691275916,0.999895605857454,1.00502453719435,0.999518942949443,1.00000047315593
11,4.31,0.981543189321634,1.00005679115471,0.999896281462996,1.00500870137082,0.999523911935147,1.00000046678875
11,4.32,0.98149188633143,1.00005666909175,0.999896940727334,1.0049929534971,0.999528934906847,1.00000046048485
11,4.33,0.981441862229623,1.00005654714635,0.999897584475784,1.0049772947813,0.999533942504466,1.00000045424801
11,4.34,0.981393127368705,1.00005642580526,0.999898213502799,1.00496172640142,0.999538869452321,1.00000044808213
11,4.35,0.981345691968684,1.00005630546633,0.999898828565002,1.00494624946276,0.999543655737655,1.00000044199113
11,4.36,0.981299566100097,1.00005618644073,0.999899430375452,1.00493086495969,0.999548247606046,1.00000043597878
11,4.37,0.981254759669712,1.00005606895675,0.999900019599207,1.00491557374249,0.999552598362858,1.00000043004865
11,4.38,0.981211282408698,1.00005595316504,0.999900596850172,1.00490037648941,0.999556668974732,1.00000042420396
11,4.39,0.981169143863052,1.00005583914497,0.999901162689214,1.00488527368451,0.999560428469812,1.00000041844754
11,4.4,0.981128353386032,1.00005572691209,0.999901717623506,1.00487026560132,0.99956385413981,1.00000041278175
11,4.41,0.981088920132334,1.0000556164263,0.99990226210702,1.00485535229224,0.999566931551162,1.0000004072084
11,4.42,0.981050853053756,1.00005550760057,0.999902796542087,1.00484053358375,0.9995696543762,1.00000040172874
11,4.43,0.981014160896091,1.00005540031004,0.999903321281913,1.00482580907702,0.999572024058545,1.00000039634345
11,4.44,0.980978852196984,1.00005529440117,0.999903836633928,1.00481117815372,0.999574049329689,1.00000039105258
11,4.45,0.980944935284516,1.0000551897008,0.999904342863843,1.00479663998646,0.999575745595937,1.0000003858556
11,4.46,0.98091241827628,1.00005508602496,0.999904840200274,1.00478219355348,0.999577134216608,1.00000038075142
11,4.47,0.980881309078743,1.00005498318719,0.999905328839785,1.0047678376569,0.999578241695469,1.00000037573837
11,4.48,0.980851615386695,1.00005488100625,0.999905808952222,1.00475357094408,0.999579098808038,1.0000003708143
11,4.49,0.98082334468263,1.00005477931307,0.999906280686185,1.00473939193117,0.99957973968738,1.00000036597662
11,4.5,0.980796504235912,1.00005467795689,0.999906744174506,1.00472529902856,0.999580200890667,1.00000036122231
11,4.51,0.980771101101618,1.00005457681047,0.999907199539624,1.0047112905672,0.999580520467818,1.00000035654804
11,4.52,0.980747142118973,1.00005447577422,0.999907646898714,1.00469736482545,0.999580737052302,1.0000003519502
11,4.53,0.98072463390931,1.00005437477946,0.999908086368492,1.00468352005569,0.999580888992488,1.00000034742499
11,4.54,0.980703582873541,1.00005427379056,0.999908518069598,1.00466975451012,0.99958101353998,1.0000003429685
11,4.55,0.980683995189118,1.00005417280605,0.999908942130478,1.00465606646535,0.999581146109207,1.00000033857673
11,4.56,0.980665876806507,1.00005407185888,0.999909358690711,1.00464245424515,0.999581319620111,1.00000033424572
11,4.57,0.98064923344521,1.00005397101563,0.999909767903744,1.00462891624114,0.99958156393332,1.00000032997155
11,4.58,0.980634070589397,1.00005387037495,0.999910169938999,1.00461545093096,0.999581905384624,1.00000032575048
11,4.59,0.980620393483219,1.00005377006528,0.999910564983342,1.00460205689368,0.999582366423029,1.0000003215789
11,4.6,0.98060820712588,1.0000536702418,0.999910953241928,1.00458873282243,0.999582965354154,1.00000031745348
11,4.61,0.980597516266573,1.00005357108295,0.999911334938425,1.00457547753384,0.999583716188377,1.00000031337111
11,4.62,0.980588325399379,1.00005347278647,0.99991171031466,1.0045622899746,0.999584628590877,1.00000030932903
11,4.63,0.980580638758231,1.00005337556509,0.999912079629718,1.00454916922488,0.999585707928694,1.00000030532477
11,4.64,0.980574460312049,1.00005327964203,0.999912443158553,1.00453611449893,0.999586955408099,1.00000030135621
11,4.65,0.980569793760156,1.00005318524649,0.999912801190166,1.0045231251428,0.999588368294032,1.00000029742159
11,4.66,0.980566642528069,1.00005309260901,0.999913154025418,1.00451020062962,0.999589940202023,1.00000029351947
11,4.67,0.980565009763757,1.00005300195708,0.999913501974545,1.00449734055246,0.999591661452052,1.00000028964877
11,4.68,0.980564898334451,1.00005291351093,0.999913845354448,1.00448454461523,0.999593519473048,1.00000028580875
11,4.69,0.980566310824079,1.00005282747956,0.999914184485834,1.00447181262182,0.999595499246299,1.00000028199895
11,4.7,0.980569249531387,1.00005274405722,0.999914519690276,1.00445914446384,0.9995975837759,1.00000027821921
11,4.71,0.980573716468788,1.00005266342026,0.999914851287267,1.00444654010738,0.999599754574455,1.00000027446961
11,4.72,0.980579713361977,1.00005258572454,0.999915179591331,1.00443399957896,0.999601992152632,1.00000027075049
11,4.73,0.980587241650335,1.00005251110322,0.999915504909254,1.00442152295123,0.999604276501729,1.00000026706233
11,4.74,0.98059630248812,1.00005243966524,0.999915827537487,1.00440911032851,0.999606587559225,1.00000026340579
11,4.75,0.980606896746442,1.00005237149418,0.999916147759782,1.00439676183272,0.999608905648215,1.00000025978164
11,4.76,0.980619025015997,1.00005230664782,0.999916465845079,1.00438447758979,0.999611211882744,1.00000025619073
11,4.77,0.980632687610534,1.00005224515807,0.999916782045705,1.00437225771694,0.999613488532266,1.00000025263393
11,4.78,0.980647884571001,1.00005218703149,0.999917096595885,1.00436010231095,0.999615719339714,1.00000024911216
11,4.79,0.980664615670324,1.00005213225023,0.999917409710602,1.00434801143767,0.999617889789026,1.00000024562626
11,4.8,0.980682880418751,1.00005208077342,0.999917721584795,1.00433598512301,0.999619987319273,1.00000024217705
11,4.81,0.980702678069697,1.00005203253889,0.999918032392912,1.00432402334524,0.999622001483893,1.00000023876526
11,4.82,0.980724007626012,1.00005198746519,0.999918342288801,1.00431212602905,0.999623924054794,1.0000002353915
11,4.83,0.980746867846594,1.00005194545393,0.999918651405928,1.00430029304108,0.999625749072293,1.00000023205628
11,4.84,0.98077125725327,1.00005190639224,0.999918959857904,1.00428852418713,0.999627472842989,1.00000022875995
11,4.85,0.980797174137862,1.00005187015536,0.999919267739289,1.00427681921089,0.999629093888668,1.00000022550273
11,4.86,0.980824616569365,1.00005183660941,0.999919575126649,1.00426517779421,0.999630612850198,1.00000022228465
11,4.87,0.980853582401155,1.000051805614,0.99991988207983,1.00425359955874,0.999632032351153,1.00000021910561
11,4.88,0.980884069278151,1.00005177702493,0.999920188643413,1.00424208406886,0.999633356826465,1.00000021596536
11,4.89,0.980916074643882,1.0000517506967,0.999920494848308,1.00423063083578,0.999634592321866,1.00000021286346
11,4.9,0.980949595747374,1.00005172648501,0.999920800713452,1.00421923932259,0.999635746270181,1.00000020979935
11,4.91,0.980984629649824,1.00005170424886,0.999921106247575,1.00420790895014,0.99963682725066,1.00000020677235
11,4.92,0.981021173231002,1.00005168385267,0.999921411450983,1.00419663910355,0.999637844737574,1.00000020378162
11,4.93,0.981059223195339,1.00005166516798,0.999921716317341,1.00418542913917,0.999638808844129,1.00000020082625
11,4.94,0.981098776077691,1.00005164807496,0.999922020835396,1.00417427839184,0.999639730067539,1.00000019790523
11,4.95,0.981139828248727,1.0000516324636,0.99992232499064,1.00416318618224,0.999640619040693,1.00000019501748
11,4.96,0.981182375919954,1.00005161823467,0.999922628766857,1.00415215182414,0.999641486295426,1.00000019216187
11,4.97,0.98122641514835,1.00005160530031,0.999922932147546,1.0041411746315,0.999642342041832,1.00000018933724
11,4.98,0.981271941840625,1.00005159358439,0.999923235117193,1.00413025392515,0.999643195967456,1.00000018654241
11,4.99,0.981318951757105,1.00005158302261,0.999923537662386,1.00411938903901,0.999644057059568,1.00000018377621
11,5,0.98136744051525,1.00005157356225,0.999923839772744,1.00410857932568,0.999644933452997,1.0000001810375
12,0,0,0,0,0,0,0
12,0.01,0.0017333629155495,-0.00187643458854386,0.00496603316986041,-0.00453520405814923,0.0105688622293207,0.0130636839132364
12,0.02,0.00524814882436926,-0.00228546711589509,0.00967359532950145,-0.00814173597185051,0.0251329504785579,0.0300960602296737
12,0.03,0.00969088386634082,-0.00111651778688031,0.0141897934883128,-0.00811985111769495,0.0407734927058215,0.044106180965716
12,0.04,0.0148398348589602,0.00153031752919245,0.0188305913425438,-0.00469131227873754,0.0568046691058862,0.0588406363342867
12,0.05,0.0205785224311835,0.00558812490617386,0.0237781585013886,0.00237174031816975,0.0731660560405156,0.0742497694735599
12,0.06,0.026833587469757,0.0110025961474861,0.0291508821362948,0.0132883060326809,0.0897522184847692,0.0886974602645786
12,0.07,0.0335591777170557,0.0177134994932606,0.0350546061911872,0.0273538466999018,0.106361923650275,0.103767631910227
12,0.08,0.0407226530611791,0.0256732945307632,0.0415449944328703,0.0441867166702109,0.122966238482079,0.118713369681172
12,0.09,0.0483010578155343,0.0348278404672839,0.0486711232005827,0.0631358750288426,0.139460105127273,0.13350092163846
12,0.1,0.0562782399168206,0.0451204291447675,0.0564663782425192,0.0834325202224125,0.15577038208599,0.148485855534922
12,0.11,0.0646418808073933,0.0564955618365813,0.0649410259786962,0.104467614086875,0.171867791325419,0.16333402288687
12,0.12,0.0733832439323302,0.0688903922231026,0.074101235329146,0.125591408336897,0.187707858998492,0.178171765104965
12,0.13,0.0824961479486899,0.0822404266750028,0.0839386232395869,0.146273611001887,0.203278137272313,0.193012911926837
12,0.14,0.0919764235343471,0.0964785566375605,0.094434972308558,0.166118416969196,0.218578101189042,0.20776823404227
12,0.15,0.10182190331316,0.111533725573262,0.105567704573499,0.184823037777199,0.233611760239011,0.222493446697853
12,0.16,0.112032094918069,0.127334184265398,0.117306294278716,0.202226887969499,0.248397181390731,0.23716215547902
12,0.17,0.122608138547805,0.143806748678115,0.129616925718559,0.218282061074995,0.262955044303615,0.251759222159947
12,0.18,0.133552786359686,0.160877634139653,0.142463560843745,0.233035811841987,0.277308351112865,0.266298029940456
12,0.19,0.14487029077476,0.178473813586919,0.155807743918432,0.246623289310248,0.291481792982087,0.280764393191178
12,0.2,0.15656636416929,0.196522960940408,0.169610869083201,0.259236833052788,0.305497437851246,0.295157526009197
12,0.21,0.168648072720189,0.214954261705046,0.183834280909685,0.271106351210506,0.319374638374748,0.309478709730654
12,0.22,0.181123680250057,0.233698937394254,0.198439630173146,0.282479526840656,0.333128971230908,0.323722920491488
12,0.23,0.194002467094678,0.252690429771037,0.213389564032613,0.293600081082919,0.346771304508078,0.33789031631264
12,0.24,0.207294479967836,0.271864843559632,0.22864761099401,0.30469315544733,0.360308158800486,0.351979801317388
12,0.25,0.221010231098457,0.291161166048384,0.244178278887648,0.315952955965976,0.373741845513016,0.365989113929675
12,0.26,0.235160347608101,0.310521414714016,0.2599470889612,0.327534031659729,0.38707098574732,0.379917153990306
12,0.27,0.249755164184207,0.329890811913287,0.27592040426296,0.339547497541037,0.400291362952689,0.393761837889725
12,0.28,0.264804271445433,0.349217855180197,0.292065358999481,0.352060291738428,0.413396728218414,0.407520690455197
12,0.29,0.280316024643453,0.368454365662014,0.308349768016402,0.36509760504832,0.426379704651412,0.421191192591156
12,0.3,0.296297020451492,0.387555527313989,0.324742039466501,0.378647901351684,0.4392326764394,0.434770268612071
12,0.31,0.312751555869493,0.406479897775679,0.341211165584831,0.392669421886019,0.451948565050895,0.448254595475977
12,0.32,0.329681082220291,0.42518942412021,0.357726755205729,0.407097656594754,0.464521509882432,0.461640680939509
12,0.33,0.347083670531725,0.443649466295992,0.374259120261285,0.421853061843659,0.476947406471847,0.474924814422944
12,0.34,0.364953507070496,0.461828826695374,0.390779421795976,0.436848367483674,0.489224285232907,0.488103218724785
12,0.35,0.3832804380707,0.479699791508506,0.407259854151045,0.451995074268231,0.501352540740166,0.501172108445055
12,0.36,0.402049583675145,0.497238177899458,0.423673857006943,0.467208804681526,0.513335011993919,0.514127726603038
12,0.37,0.421241040677281,0.514423379039008,0.439996340086764,0.482413317343498,0.525176927266569,0.526966415399614
12,0.38,0.440829691804852,0.531238399045021,0.456203900971763,0.497543151277178,0.5368857337582,0.539684649265209
12,0.39,0.46078513664887,0.547669867075858,0.472275021156469,0.512544957838414,0.548470830659828,0.552279054895632
12,0.4,0.481071755323826,0.563708020445776,0.488190227114182,0.527377669474523,0.55994322654499,0.564746428783709
12,0.41,0.501648910791178,0.579346648208639,0.503932205934303,0.542011720918536,0.57131514150155,0.577083737582213
12,0.42,0.52247128988405,0.594582988232329,0.519485869743291,0.556427568797738,0.582599571967456,0.589288109700687
12,0.43,0.543489376642541,0.609417573431915,0.534838366843822,0.570613766873458,0.593809834633075,0.601356822145204
12,0.44,0.564650045124027,0.623854025758015,0.549979040983516,0.58456484380568,0.604959103832405,0.613287281311853
12,0.45,0.585897252948394,0.637898799394954,0.564899343311278,0.598279200801616,0.616059954993591,0.625077001348281
12,0.46,0.60717281194617,0.651560877463587,0.579592703786373,0.611757205882658,0.627123925530746,0.63672358244867
12,0.47,0.628417208844214,0.664851429049221,0.594054370218454,0.624999613698852,0.638161103686061,0.648224689933204
12,0.48,0.649570447245237,0.677783435404354,0.608281223796661,0.638006389322643,0.649179755165382,0.659578035633444
12,0.49,0.670572882325032,0.690371295645959,0.622271579912987,0.65077596626003,0.660185996847425,0.670781362550417
12,0.5,0.691366021590559,0.702630423092089,0.636024982463751,0.663304926327649,0.671183526121336,0.68183243308675
12,0.51,0.711893268438817,0.714576843542799,0.649541998786107,0.675588054485575,0.682173413356871,0.692729021004204
12,0.52,0.732100589721066,0.726226806355867,0.66282402109807,0.687618696793796,0.6931539635651,0.703468906949879
12,0.53,0.751937093576596,0.737596418181825,0.675873078916466,0.699389334807499,0.70412065144912,0.714049877096283
12,0.54,0.771355508983314,0.74870130782301,0.688691665560926,0.710892284484581,0.715066131845713,0.724469724314369
12,0.55,0.790312563366499,0.759556329005786,0.701282580612483,0.722120430924259,0.725980325154763,0.734726251217273
12,0.56,0.808769258900815,0.7701753060411,0.713648789151984,0.733067920336863,0.736850574902926,0.744817274381584
12,0.57,0.826691051642221,0.78057082551947,0.72579329779256,0.743730745626006,0.747661872253168,0.754740629100188
12,0.58,0.844047940260675,0.790754075444206,0.737719046947585,0.754107179846367,0.758397140194111,0.764494174112954
12,0.59,0.860814472936032,0.800734731624816,0.74942881842298,0.764198030685466,0.769037568427183,0.774075795880324
12,0.6,0.876969682024371,0.810520889777696,0.760925157256521,0.774006707347136,0.779562988677495,0.783483412102171
12,0.61,0.892496956537871,0.820119040635882,0.772210306703918,0.783539107462443,0.78995227930824,0.792714974322931
12,0.62,0.907383862459433,0.829534084458138,0.783286155346636,0.79280334497393,0.800183787706406,0.80176846958979
12,0.63,0.921621920575988,0.838769380641542,0.794154195427552,0.8018093497699,0.810235758894466,0.810641921235394
12,0.64,0.935206350981271,0.847826827665424,0.804815491671571,0.810568375986821,0.820086759159322,0.819333388934298
12,0.65,0.948135792758629,0.856706968309304,0.815270659991186,0.819092458460749,0.829716084122088,0.827840968230517
12,0.66,0.96041200666551,0.865409114973617,0.825519855591857,0.827393856151402,0.839104141547308,0.836162789753307
12,0.67,0.972039567935013,0.873931489970432,0.835562770066794,0.83548451801943,0.848232800259399,0.844297018333364
12,0.68,0.983025555598152,0.882271375823155,0.845398637099643,0.843375601448872,0.857085697754787,0.852241852207247
12,0.69,0.993379244013556,0.890425270900656,0.855026246376597,0.851077066553649,0.865648500432512,0.859995522460112
12,0.7,1.00311180156524,0.898389046093222,0.864443965250649,0.8585973622562,0.873909111779829,0.867556292812082
12,0.71,1.01223600075122,0.906158098695151,0.873649767607758,0.865943212486842,0.881857825309879,0.874922459807212
12,0.72,1.02076594313911,0.913727500171053,0.882641269267475,0.873119503743968,0.889487420523773,0.882092353420628
12,0.73,1.0287168019176,0.921092135029077,0.891415769120848,0.880129268988872,0.896793201626782,0.889064338062139
12,0.74,1.03610458404029,0.928246828583872,0.899970295078643,0.886973757717896,0.903772980135045,0.895836813925549
12,0.75,1.04294591325775,0.935186461945994,0.908301653785334,0.893652578234227,0.91042700383293,0.902408218612548
12,0.76,1.04925783468402,0.941906073105855,0.916406482960266,0.90016389569674,0.916757835751261,0.908777028948491
12,0.77,1.05505764096309,0.948400943474911,0.924281305166222,0.906504668420609,0.922770187905436,0.91494176290357
12,0.78,1.06036271960042,0.954666669693817,0.931922581784022,0.912670905029537,0.928470715436697,0.92090098153558
12,0.79,1.06519042061532,0.960699220909133,0.939326765993335,0.918657926235321,0.933867777521554,0.926653290878251
12,0.8,1.06955794335179,0.96649498205234,0.9464903536248,0.92446061702777,0.938971171941648,0.932197343710439
12,0.81,1.0734822410583,0.972050783925986,0.953409930853919,0.93007365765448,0.943791850533766,0.937531841154941
12,0.82,1.0769799417022,0.977363921112441,0.96008221784708,0.93549172470917,0.948341622867931,0.942655534070186
12,0.83,1.08006728341342,0.982432158873869,0.966504107636624,0.940709656694741,0.95263285543723,0.947567224212459
12,0.84,1.08276006294209,0.987253730311755,0.972672699685637,0.945722581373926,0.95667817339835,0.952265765159976
12,0.85,1.0850735955538,0.991827325105944,0.978585327794296,0.95052600489286,0.960490171493244,0.956750063002291
12,0.86,1.08702268486238,0.996152071162596,0.984239582188448,0.955115864929849,0.964081140230252,0.961019076808898
12,0.87,1.08862160120134,1.0002275104739,0.98963332580906,0.959488551896648,0.967462812730479,0.965071818899115
12,0.88,1.08988406725332,1.00405357043643,0.994764704981043,0.963640903461138,0.970646136877228,0.968907354941272
12,0.89,1.09082324978255,1.00763053179556,0.999632154776395,0.967570178367909,0.973641076568768,0.97252480391291
12,0.9,1.09145175644362,1.01095899428723,1.00423439949631,0.971274015742223,0.976456444993662,0.975923337955126
12,0.91,1.09178163676515,1.01403984093993,1.00857044877827,0.974750385836417,0.97909977194866,0.979102182153617
12,0.92,1.09182438652653,1.01687420188558,1.01263958988771,0.97799753759926,0.981577206325678,0.982060614276697
12,0.93,1.0915909548577,1.01946341841165,1.01644137678084,0.9810139476126,0.983893454028619,0.98479796449681
12,0.94,1.0910917534942,1.02180900787198,1.01997561652934,0.983798273943354,0.986051750762231,0.987313615117398
12,0.95,1.09033666771289,1.02391262996448,1.0232423536814,0.986349317396023,0.988053868380578,0.989607000321666
12,0.96,1.08933506855636,1.02577605478104,1.02624185310184,0.988665991604893,0.989900152805727,0.991677605954364
12,0.97,1.08809582602785,1.02740113294181,1.0289745817908,0.990747302445099,0.991589590938627,0.993524969342457
12,0.98,1.08662732300239,1.02878976804138,1.03144119012876,0.99259233641986,0.993119903491381,0.995148679155841
12,0.99,1.08493746965593,1.02994389156151,1.0336424929406,0.994200257031808,0.994487660277902,0.996548375305338
12,1,1.08303371826124,1.03086544034041,1.03557945071452,0.995570307685772,0.995688414210099,0.997723748872225
12,1.01,1.08092307823976,1.03155633663484,1.03725315125605,0.996701819399515,0.996716850058647,0.998674542061504
12,1.02,1.07861213139116,1.03201847076568,1.03866479200567,0.997594221504652,0.997566943948141,0.99940054817018
12,1.03,1.07610704724951,1.03225368629989,1.03981566320017,0.998247053579286,0.998232129561136,0.999901611561662
12,1.04,1.07341359853515,1.03226376769127,1.04070713201572,0.998659977036295,0.998705467117721,1.00017762763807
12,1.05,1.07053717668758,1.03205043027743,1.04134062779317,0.998832785062777,0.998979811369044,1.00022854280347
12,1.06,1.06748280747494,1.03161531251101,1.04171762841446,0.998765409932084,0.999047975085757,1.00005435441269
12,1.07,1.06425516668234,1.03095997028747,1.04183964787243,0.998457927057331,0.998902884825952,0.99965511070223
12,1.08,1.06085859588449,1.03008587322009,1.04170822505388,0.997910555495315,0.998537726121425,0.999030910701495
12,1.09,1.05729711830834,1.0289944027042,1.04132491373783,0.997123654919233,0.9979460756143,0.99818190412449
12,1.1,1.05357445479247,1.02768685160613,1.04069127379555,0.996097719340266,0.997122018095969,0.99710829124313
12,1.11,1.04969403984853,1.02616442540887,1.03980886356666,0.994833368060588,0.99606024683833,0.995810322744658
12,1.12,1.04565903781912,1.02442824464508,1.03867923337571,0.993331334475762,0.994756146064581,0.994288299576822
12,1.13,1.04147235909625,1.02247934845021,1.03730392014617,0.991592453410501,0.993205854884297,0.992542572785882
12,1.14,1.03713667634646,1.02031869907152,1.03568444306265,0.98961764768292,0.991406312467574,0.990573543351648
12,1.15,1.03265444076443,1.01794718716809,1.03382230022194,0.987407914581779,0.989355284548247,0.988381662019408
12,1.16,1.02802789849835,1.01536563773563,1.03171896620116,0.984964312903583,0.987051371584487,0.985967429128838
12,1.17,1.02325910718034,1.01257481650989,1.02937589047625,0.982287951029354,0.984493999516283,0.983331394452294
12,1.18,1.01834995196664,1.00957543674163,1.02679449665047,0.979379976242677,0.981683395004842,0.980474157052242
12,1.19,1.01330216097519,1.00636816621576,1.02397618242812,0.976241565515301,0.978620546695811,0.977396365133113
12,1.2,1.00811732143244,1.00295363431865,1.02092232018185,0.972873918290878,0.975307152565858,0.9740987158855
12,1.21,1.00279689636837,0.999332439057694,1.01763425803471,0.969278251237033,0.971745555418513,0.970581955376603
12,1.22,0.997342239270751,0.995505154080196,1.0141133215349,0.965455794127303,0.967938671582281,0.966846878433427
12,1.23,0.99175460808194,0.991472335525203,1.01036081577593,0.961407787135242,0.963889913092383,0.962894328476326
12,1.24,0.986035180952141,0.987234528509648,1.00637802772439,0.957135480057019,0.959603102560303,0.958725197435169
12,1.25,0.980185070392211,0.982792273373571,1.00216622889211,0.952640132248473,0.955082386813441,0.95434042564456
12,1.26,0.974205336069012,0.978146111618789,0.9977266782823,0.947923013128236,0.950332150893322,0.949741001672771
12,1.27,0.968096998199601,0.973296591404887,0.993060625409205,0.942985403592571,0.945356931962369,0.944927962217778
12,1.28,0.961861049817705,0.968244272667114,0.988169313451676,0.937828597638169,0.940161336907253,0.939902391961383
12,1.29,0.955498468270704,0.96298973182098,0.98305398246692,0.932453904126088,0.934749964732565,0.934665423405027
12,1.3,0.949010226094538,0.957533566039449,0.977715872607894,0.926862648592451,0.929127334931468,0.929218236701855
12,1.31,0.942397301012886,0.951876397115329,0.972156227325741,0.921056174934579,0.92329782326927,0.923562059463352
12,1.32,0.935660685098445,0.94601887491388,0.96637629652314,0.915035846920324,0.917265605845017,0.917698166547655
12,1.33,0.928801393035196,0.939961680430847,0.960377339638763,0.908803049473279,0.911034612180445,0.911627879825287
12,1.34,0.921820469447642,0.933705528474418,0.954160628647143,0.902359189721742,0.904608487817131,0.90535256792157
12,1.35,0.914718995264692,0.927251169993197,0.947727450963968,0.895705697821306,0.897990566668586,0.898873645934878
12,1.36,0.90749809309131,0.920599394074906,0.941079112251624,0.888844027577539,0.891183853144051,0.892192575130283
12,1.37,0.90015893156675,0.913751029642427,0.934216939123967,0.881775656905588,0.884191013843607,0.885310862608564
12,1.38,0.892702728694335,0.906706946875018,0.927142281752716,0.874502088168509,0.877014378423984,0.878230060950857
12,1.39,0.885130754134276,0.899468058383214,0.919856516380527,0.867024848436526,0.869655949054287,0.870951767839547
12,1.4,0.877444330458003,0.89203532016604,0.912361047747695,0.859345489706491,0.862117417723804,0.863477625656262
12,1.41,0.869644833369745,0.884409732378869,0.904657311440621,0.851465589115652,0.854400190532195,0.855809321058067
12,1.42,0.861733690908688,0.876592339939551,0.89674677617066,0.843386749177555,0.8465054179871,0.847948584533154
12,1.43,0.853712381652753,0.868584232999397,0.888630945991864,0.835110598061459,0.838434030256559,0.839897189937481
12,1.44,0.845582431952894,0.860386547304247,0.880311362465429,0.826638789930776,0.830186776273547,0.831656954013957
12,1.45,0.837345412234578,0.852000464469265,0.871789606777581,0.817973005351308,0.821764265567134,0.823229735895852
12,1.46,0.829002932410776,0.843427212189261,0.863067301816108,0.809114951776657,0.813167011698185,0.814617436596218
12,1.47,0.820556636458099,0.834668064404328,0.854146114209015,0.800066364116238,0.804395476205545,0.805821998485116
12,1.48,0.812008196214642,0.825724341438417,0.845027756326813,0.790829005390702,0.795450112019452,0.796845404756502
12,1.49,0.803359304464434,0.816597410126189,0.835713988247949,0.781404667479912,0.786331405369912,0.787689678886594
12,1.5,0.794611667379052,0.807288683941109,0.826206619684804,0.771795171969672,0.777039915306447,0.778356884085524
12,1.51,0.785766996391807,0.797799623135377,0.816507511865748,0.762002371104592,0.767576310048958,0.768849122744004
12,1.52,0.776826999583856,0.78813173489987,0.806618579366848,0.75202814885554,0.757941399504297,0.759168535876675
12,1.53,0.767793372664554,0.778286573549949,0.796541791885214,0.741874422110544,0.748136163406485,0.749317302563657
12,1.54,0.758667789630259,0.768265740740746,0.786279175944509,0.731543141997565,0.738161774666969,0.739297639391689
12,1.55,0.749451893186647,0.75807088571343,0.775832816522036,0.721036295346067,0.728019617651906,0.729111799896085
12,1.56,0.740147285019285,0.747703705572069,0.765204858585947,0.710355906291563,0.71771130123309,0.718762074004514
12,1.57,0.730755515995878,0.737165945588986,0.754397508530648,0.699504038023502,0.707238666585012,0.708250787483424
12,1.58,0.721278076381157,0.726459399535112,0.743413035498249,0.68848279467198,0.696603789820091,0.697580301387668
12,1.59,0.71171638614199,0.715585910030695,0.732253772574104,0.677294323323048,0.685808979664979,0.686753011513672
12,1.6,0.702071785415951,0.704547368910898,0.720922117844958,0.665940816146217,0.674856770481111,0.675771347856236
12,1.61,0.69234552521147,0.693345717600335,0.709420535309021,0.654424512611364,0.663749911020595,0.6646377740688
12,1.62,0.682538758401838,0.681982947490443,0.697751555628399,0.642747701765975,0.652491349382955,0.653354786926796
12,1.63,0.672652531068959,0.670461100313708,0.685917776715661,0.63091272453799,0.641084214698114,0.6419249157935
12,1.64,0.662687774245904,0.658782268509285,0.673921864147954,0.618921976024578,0.629531796105897,0.630350722087564
12,1.65,0.652645296100204,0.646948595575261,0.661766551403843,0.606777907723396,0.617837519632008,0.618634798751308
12,1.66,0.642525774592565,0.634962276403851,0.649454639920063,0.59448302966043,0.606004923575089,0.606779769718701
12,1.67,0.632329750638402,0.622825557596996,0.636988998967394,0.582039912367474,0.594037633019603,0.594788289381851
12,1.68,0.622057621792476,0.610540737761244,0.624372565347099,0.569451188662921,0.581939334075665,0.582663042054841
12,1.69,0.611709636470008,0.598110167782235,0.611608342911482,0.556719555191566,0.569713748420716,0.570406741433677
12,1.7,0.601285888711143,0.585536251080687,0.598699401914347,0.54384777368277,0.557364608680244,0.55802213005122
12,1.71,0.590786313489591,0.572821443853276,0.58564887819923,0.530838671891281,0.544895635137245,0.545511978725984
12,1.72,0.580210682560792,0.559968255303274,0.572459972235302,0.517695144191176,0.532310514204242,0.532879086003869
12,1.73,0.569558600840102,0.546979247867161,0.559135948012723,0.504420151800582,0.519612879029261,0.520126277591959
12,1.74,0.558829503297338,0.533857037444579,0.545680131810934,0.49101672262276,0.506806292539868,0.50725640578376
12,1.75,0.548022652350589,0.520604293639948,0.532095910854872,0.477487950697659,0.493894233159081,0.49427234887538
12,1.76,0.537137135739547,0.507223740024773,0.518386731875369,0.463836995266768,0.480880083355278,0.481177010572365
12,1.77,0.526171864856707,0.493718154430032,0.504556099591007,0.450067079462994,0.467767121116953,0.467973319387124
12,1.78,0.515125573513693,0.480090369278144,0.490607575129435,0.436181488645902,0.454558514373728,0.454664228027043
12,1.79,0.503996817119602,0.466343271963769,0.476544774406601,0.422183568411023,0.441257318319012,0.441252712773576
12,1.8,0.492783972248705,0.452479805292081,0.462371366482499,0.408076722309665,0.427866475528199,0.427741772852803
12,1.81,0.481485236575958,0.43850296798229,0.44809107191186,0.393864409322766,0.414388818710585,0.414134429798068
12,1.82,0.47009862916063,0.424415815242909,0.433707661107768,0.379550141138612,0.400827075884002,0.400433726805438
12,1.83,0.458621991060884,0.410221459423801,0.419224952735387,0.365137479289556,0.387183877719367,0.386642728082863
12,1.84,0.447052986265265,0.395923070748205,0.404646812151926,0.35063003220729,0.373461766768272,0.372764518193952
12,1.85,0.435389102930806,0.381523878125973,0.38997714990763,0.336031452259459,0.359663208260823,0.358802201397357
12,1.86,0.423627654921735,0.367027170047037,0.375219920320915,0.321345432832667,0.345790602143167,0.34475890098278
12,1.87,0.411765783647623,0.352436295551782,0.360379120138935,0.306575705527954,0.331846296014474,0.3306377586046
12,1.88,0.399800460205065,0.337754665272592,0.345458787292696,0.29172603753478,0.317832598621339,0.316441933614105
12,1.89,0.387728487832784,0.322985752538321,0.330462999753525,0.276800229248354,0.303751793573091,0.302174602391269
12,1.9,0.375546504696215,0.308133094530963,0.31539587449514,0.261802112192779,0.289606152953946,0.287838957676937
12,1.91,0.363250987024204,0.293200293481348,0.300261566562876,0.246735547309083,0.275397950526506,0.27343820790622
12,1.92,0.350838252627405,0.278191017888254,0.285064268248743,0.231604423662651,0.261129474245109,0.258975576543803
12,1.93,0.338304464835287,0.263109003743075,0.269808208367991,0.216412657619045,0.246803037826095,0.244454301421768
12,1.94,0.325645636896233,0.247958055739967,0.254497651629783,0.201164192530682,0.232420991154335,0.229877634080446
12,1.95,0.312857636893198,0.232742048449356,0.239136898091363,0.185862998969372,0.217985729340419,0.21524883911271
12,1.96,0.299936193235547,0.217464927430765,0.223730282681869,0.170513075531489,0.203499700279916,0.200571193511992
12,1.97,0.286876900796162,0.202130710259151,0.208282174778642,0.155118450233495,0.188965410604104,0.185847986024265
12,1.98,0.273675227771572,0.186743487437235,0.192796977815564,0.139683182505838,0.174385429949831,0.171082516504075
12,1.99,0.260326523351671,0.17130742316477,0.177279128899611,0.124211365782989,0.159762393513808,0.156278095274672
12,2,0.246826026294564,0.155826755934169,0.16173309840851,0.10870713067661,0.145099002893054,0.141438042492185
12,2.01,0.233168874511063,0.140305798920448,0.146163389539055,0.093174648707672,0.1303980252477,0.126565687513715
12,2.02,0.219350115772349,0.124748940131969,0.130574537772394,0.0776181365618451,0.115662290854522,0.111664368269168
12,2.03,0.205364719663156,0.109160642286952,0.114971110219391,0.0620418608207549,0.100894689148766,0.0967374306365563
12,2.04,0.19120759091145,0.0935454423791531,0.0993577048060328,0.0464501431097103,0.0860981633780263,0.081788227820471
12,2.05,0.176873584233721,0.0779079508943549,0.0837389492558102,0.0308473655904113,0.0712757040145915,0.0668201197333393
12,2.06,0.162357520842679,0.0622528506375188,0.0681194998231065,0.0152379767148825,0.0564303410919425,0.0518364723790298
12,2.07,0.147654206770857,0.0465848951283899,0.0525040397288711,-0.000373502855511875,0.0415651356467386,0.0368406572382918
12,2.08,0.132758453169403,0.0309089065211834,0.0368972772473071,-0.0159824742746272,0.0266831704598461,0.0218360506554423
12,2.09,0.117665098745644,0.0152297730016298,0.0213039433900022,-0.0315842546009798,0.0117875402988207,0.00682603322559266
12,2.1,0.102369034505621,-0.000447554387821378,0.00572878913196695,-0.047174071086183,-0.00311865812999123,-0.00818601081837037
12,2.11,0.0868652309682525,-0.016118065546389,-0.00982341787754779,-0.0627470558094245,-0.0180323363087183,-0.0231966942200085
12,2.12,0.0711487680156693,-0.0317766957912358,-0.0253478971776615,-0.0782982408180999,-0.032950423903252,-0.0382026273158612
12,2.13,0.0552148675390058,-0.0474183310683575,-0.0408398599905929,-0.093822553947843,-0.0478698784171517,-0.053200418655584
12,2.14,0.0390589290300659,-0.0630378139569755,-0.0562945144069406,-0.109314815508282,-0.0627876942985721,-0.0681866756272199
12,2.15,0.0226765682561189,-0.0786299505280363,-0.0717070713188121,-0.124769736033724,-0.0777009113000204,-0.0831580050893954
12,2.16,0.00606365913704469,-0.09418951811847,-0.0870727511558891,-0.140181915310394,-0.0926066218974019,-0.0981110140125032
12,2.17,-0.010783621079538,-0.109711274082964,-0.102386791476098,-0.15554584290345,-0.107501977582525,-0.113042310131285
12,2.18,-0.0278687432793127,-0.125189965583896,-0.117644455457665,-0.170855900417324,-0.122384193851756,-0.12794850261154
12,2.19,-0.0451947745492505,-0.140620340477363,-0.132841041332828,-0.186106365731426,-0.137250553722813,-0.142826202734092
12,2.2,-0.0627643228673494,-0.155997159348606,-0.147971892795109,-0.201291419459096,-0.152098409621731,-0.157672024599476
12,2.21,-0.0805794784808863,-0.171315208743141,-0.163032410401615,-0.216405153880132,-0.166925183492949,-0.172482585857238
12,2.22,-0.0986417521001559,-0.186569315630163,-0.178018063979154,-0.231441584595183,-0.181728364997507,-0.187254508464043
12,2.23,-0.116952010103334,-0.201754363121842,-0.192924406027899,-0.246394665142666,-0.196505507677879,-0.201984419475132
12,2.24,-0.135510407025153,-0.216865307455632,-0.207747086098663,-0.261258304804397,-0.211254222983498,-0.216668951873935
12,2.25,-0.154316315687176,-0.231897196226232,-0.222481866099679,-0.276026389803535,-0.225972172069191,-0.231304745444771
12,2.26,-0.173368255419856,-0.246845187829079,-0.237124636465978,-0.290692808066318,-0.240657055300203,-0.245888447693669
12,2.27,-0.192663818925214,-0.261704572048049,-0.25167143309913,-0.305251477676191,-0.255306599423117,-0.260416714822222
12,2.28,-0.212199598432234,-0.27647079168621,-0.266118454957605,-0.31969637909399,-0.269918542392516,-0.274886212759109
12,2.29,-0.231971111902897,-0.291139465100152,-0.280462082148449,-0.334021591149921,-0.284490615879475,-0.289293618253463
12,2.3,-0.251972730152615,-0.305706409455862,-0.294698894339995,-0.348221330731415,-0.299020525530617,-0.303635620033532
12,2.31,-0.272197605851539,-0.320167664477802,-0.308825689283439,-0.362289995995249,-0.313505929096007,-0.317908920033126
12,2.32,-0.292637605469292,-0.334519516413585,-0.322839501199177,-0.376222212822824,-0.327944412600765,-0.332110234687075
12,2.33,-0.313283245311192,-0.348758521885491,-0.336737618752573,-0.390012884115151,-0.342333464798893,-0.346236296295449
12,2.34,-0.334123632864749,-0.362881531248414,-0.350517602314598,-0.403657241390446,-0.356670450217732,-0.360283854454465
12,2.35,-0.355146414726942,-0.376885711023383,-0.364177300176428,-0.417150898004941,-0.370952581176537,-0.374249677550008
12,2.36,-0.376337732411246,-0.390768564928544,-0.37771486336515,-0.430489903169915,-0.385176889241166,-0.388130554307435
12,2.37,-0.397682187334841,-0.404527952987732,-0.391128758691286,-0.443670795789532,-0.399340196656202,-0.401923295388958
12,2.38,-0.41916281625779,-0.418162108162891,-0.404417779649341,-0.456690657000167,-0.413439088372994,-0.41562473502745
12,2.39,-0.440761078384823,-0.431669649933279,-0.417581054791184,-0.46954716015877,-0.427469885363237,-0.42923173268303
12,2.4,-0.462456855245912,-0.445049594234077,-0.430618053199969,-0.482238616912274,-0.441428619968621,-0.442741174706526
12,2.41,-0.484228464344242,-0.458301359172305,-0.443528586710363,-0.494764017889686,-0.455311014083101,-0.456149975991723
12,2.42,-0.506052687401679,-0.471424765960798,-0.456312808549797,-0.507123066500753,-0.469112460990783,-0.469455081596653
12,2.43,-0.52790481384599,-0.48442003455332,-0.46897120811568,-0.519316204307457,-0.482828011684835,-0.482653468312777
12,2.44,-0.549758699976305,-0.49728777352667,-0.48150460165496,-0.531344626463895,-0.496452366467105,-0.495742146160258
12,2.45,-0.571586844020419,-0.510028963839419,-0.493914118674759,-0.54321028580212,-0.509979872571389,-0.508718159787336
12,2.46,-0.593360477067485,-0.522644936201167,-0.506201183985126,-0.554915884280554,-0.523404528463633,-0.521578589752426
12,2.47,-0.615049669631141,-0.535137341909745,-0.518367495356125,-0.566464850709964,-0.536719995349727,-0.534320553668783
12,2.48,-0.636623453379814,-0.547508117154265,-0.5304149968596,-0.577861303929846,-0.549919616267675,-0.546941207193532
12,2.49,-0.658049957371104,-0.559759440936301,-0.542345848059217,-0.589110000922846,-0.562996442959559,-0.559437744845387
12,2.5,-0.679296557952549,-0.571893686925853,-0.554162389308123,-0.600216269721275,-0.575943270515821,-0.571807400638422
12,2.51,-0.700330041346561,-0.583913369738396,-0.565867103509234,-0.611185927369858,-0.588752679567599,-0.584047448522718
12,2.52,-0.721116777825099,-0.595821086289304,-0.577462574785839,-0.622025183651927,-0.601417085581627,-0.596155202626356
12,2.53,-0.741622906298756,-0.607619453046734,-0.588951444596854,-0.632740531749232,-0.613928794596987,-0.608128017297034
12,2.54,-0.761814528091142,-0.619311040158102,-0.600336365908784,-0.643338627473314,-0.626280064544729,-0.619963286945293
12,2.55,-0.781657908634948,-0.630898303563312,-0.611619956102155,-0.653826159162515,-0.638463171120599,-0.631658445694947
12,2.56,-0.801119685800403,-0.642383516324528,-0.622804749341441,-0.664209710765493,-0.65047047704746,-0.643210966849686
12,2.57,-0.820167083536725,-0.653768700492852,-0.633893149171621,-0.674495621011885,-0.662294503474812,-0.654618362187984
12,2.58,-0.838768129458454,-0.665055560892613,-0.644887382119774,-0.684689841885772,-0.67392800222298,-0.665878181101396
12,2.59,-0.85689187492671,-0.676245422230307,-0.655789453074972,-0.694797799851066,-0.68536402759028,-0.676988009594218
12,2.6,-0.874508616047891,-0.687339170924788,-0.666601103193394,-0.704824263414522,-0.69659600650026,-0.687945469165381
12,2.61,-0.891590113829662,-0.698337203005863,-0.677323771028154,-0.71477322063828,-0.70761780586641,-0.698748215596505
12,2.62,-0.908109811492429,-0.709239379338709,-0.68795855751552,-0.724647770118813,-0.718423796182893,-0.709393937673379
12,2.63,-0.924043046636821,-0.720044989301214,-0.698506195362829,-0.734450028725381,-0.729008910498279,-0.719880355871804
12,2.64,-0.939367255625675,-0.730752723871362,-0.708967023281184,-0.7441810590349,-0.739368698078551,-0.730205221042698
12,2.65,-0.95406216717356,-0.74136065887438,-0.719340965391566,-0.753840818912996,-0.749499372198881,-0.740366313135422
12,2.66,-0.968109981778375,-0.751866248898579,-0.729627516010716,-0.763428135080216,-0.759397851604422,-0.750361440002153
12,2.67,-0.981495533316887,-0.762266332120439,-0.739825729898168,-0.772940701781931,-0.76906179523523,-0.76018843632932
12,2.68,-0.994206428903848,-0.772557145991504,-0.749934217923444,-0.782375104872307,-0.778489629811001,-0.769845162743982
12,2.69,-1.00623316302999,-0.782734353442057,-0.759951147998023,-0.79172687075637,-0.787680569816075,-0.779329505143004
12,2.7,-1.01756920209209,-0.792793078961138,-0.769874251015174,-0.800990538747094,-0.796634629321021,-0.788639374290202
12,2.71,-1.02821103574483,-0.802727953632607,-0.77970083145595,-0.81015975453045,-0.805352624940123,-0.797772705720905
12,2.72,-1.03815819206149,-0.812533167956315,-0.789427782254425,-0.819227381638428,-0.813836169078652,-0.806727459984285
12,2.73,-1.04741321429072,-0.822202531075591,-0.799051603470542,-0.828185627157189,-0.822087652501132,-0.815501623241446
12,2.74,-1.05598159801872,-0.831729534878684,-0.808568424294464,-0.837026177390458,-0.830110215186332,-0.824093208222241
12,2.75,-1.06387168874547,-0.841107421351427,-0.817974027899859,-0.845740338894627,-0.837907704459988,-0.832500255526927
12,2.76,-1.07109454119101,-0.850329251535971,-0.827263878672022,-0.854319180227333,-0.845484619539734,-0.84072083524152
12,2.77,-1.07766374297961,-0.859387974496047,-0.836433151356223,-0.862753669914487,-0.852846041905086,-0.848753048819502
12,2.78,-1.08359520661157,-0.868276494798015,-0.845476761697921,-0.87103480653297,-0.859997551320626,-0.856595031168922
12,2.79,-1.08890693473299,-0.876987737179711,-0.854389398176003,-0.879153737399753,-0.866945127878097,-0.864244952874331
12,2.8,-1.09361876457252,-0.885514707282782,-0.863165554459908,-0.887101863109438,-0.873695041052214,-0.871701022478219
12,2.81,-1.09775209797333,-0.893850547553864,-0.871799562249519,-0.894870926014837,-0.880253727441139,-0.878961488747159
12,2.82,-1.10132962367607,-0.901988587659743,-0.880285624182343,-0.902453081636834,-0.886627659533024,-0.886024642853432
12,2.83,-1.10437503840463,-0.909922388997007,-0.88861784651568,-0.909840952857317,-0.892823208449487,-0.892888820412828
12,2.84,-1.10691277289795,-0.917645783094955,-0.896790271313139,-0.917027667535662,-0.898846504114366,-0.899552403332226
12,2.85,-1.10896772836917,-0.92515290390251,-0.90479690788578,-0.92400688084902,-0.904703296640298,-0.906013821435281
12,2.86,-1.11056502802448,-0.932438214109553,-0.912631763259591,-0.93077278415803,-0.910398822889252,-0.912271553849367
12,2.87,-1.11172978731196,-0.939496525778193,-0.920288871463436,-0.937320102527149,-0.915937682134686,-0.918324130150774
12,2.88,-1.11248690556748,-0.946323015650367,-0.927762321455542,-0.943644083182578,-0.921323724536571,-0.924170131276903
12,2.89,-1.11286088074513,-0.952913235557762,-0.935046283531875,-0.949740477184725,-0.926559955754181,-0.929808190223314
12,2.9,-1.11287564801533,-0.95926311839248,-0.942135034085946,-0.955605516450713,-0.931648460493614,-0.935236992549632
12,2.91,-1.11255444222174,-0.965368980107273,-0.949022978616063,-0.961235888016923,-0.93659034715271,-0.940455276721656
12,2.92,-1.11191968352982,-0.971227518207529,-0.955704672902027,-0.966628707116687,-0.941385715023428,-0.945461834317873
12,2.93,-1.11099288508493,-0.976835807178388,-0.962174842297986,-0.971781490298167,-0.946033644778618,-0.950255510127396
12,2.94,-1.10979458112168,-0.982191291263528,-0.968428399111005,-0.976692129453499,-0.950532212241268,-0.95483520216377
12,2.95,-1.10834427371952,-0.98729177498063,-0.974460458055463,-0.981358867298566,-0.954878524740009,-0.95919986161565
12,2.96,-1.10666039626503,-0.99213541172509,-0.980266349791332,-0.985780274552928,-0.959068778719293,-0.96334849275151
12,2.97,-1.10476029164047,-0.996720690779996,-0.985841632569745,-0.989955228834478,-0.963098336715096,-0.96728015279184
12,2.98,-1.10266020319127,-1.00104642301817,-0.991182102022159,-0.993882895109553,-0.966961821339931,-0.970993951758789
12,2.99,-1.10037527661334,-1.00511172555192,-0.996283799140018,-0.997562707426865,-0.970653223552193,-0.974489052310395
12,3,-1.09791957102843,-1.0089160055588,-1.00114301650061,-1.00099435160825,-0.974166022217407,-0.977764669564235
12,3.01,-1.09530607766639,-1.01245894348685,-1.00575630280207,-1.00417774856293,-0.977493311802208,-0.980820070913678
12,3.02,-1.09254674473721,-1.0157404758211,-1.01012046577651,-1.00711303792429,-0.980627934971897,-0.983654575838885
12,3.03,-1.08965250724245,-1.01876077757415,-1.01423257355571,-1.00980056176803,-0.983562616883169,-0.986267555714051
12,3.04,-1.08663332063897,-1.02152024464674,-1.01808995456851,-1.01224084824679,-0.986290098066901,-0.988658433612209
12,3.05,-1.083498197423,-1.02401947619031,-1.02169019605342,-1.01443459505838,-0.988803262972489,-0.990826684108911
12,3.06,-1.08025524584585,-1.02625925709074,-1.02503114127441,-1.01638265274494,-0.991095261484904,-0.992771833086265
12,3.07,-1.07691171010283,-1.02824054068185,-1.02811088553163,-1.01808600789058,-0.993159621017506,-0.994493457539059
12,3.08,-1.0734740114526,-1.02996443178769,-1.030927771063,-1.01954576634273,-0.994990347116983,-0.995991185384848
12,3.09,-1.06994778982609,-1.03143217018379,-1.03348038093567,-1.0207631366227,-0.996582010880348,-0.997264695280067
12,3.1,-1.06633794557204,-1.03264511455981,-1.03576753203001,-1.02173941371582,-0.997929821867131,-0.998313716444199
12,3.11,-1.06264868106107,-1.03360472705809,-1.03778826722093,-1.02247596343875,-0.999029685582468,-0.999138028493972
12,3.12,-1.05888354193361,-1.03431255845549,-1.03954184686332,-1.02297420757635,-0.999878244998875,-0.999737461289342
12,3.13,-1.05504545782935,-1.03477023404795,-1.04102773968955,-1.02323560996211,-1.00047290596719,-1.0001118947927
12,3.14,-1.05113678247857,-1.0349794402901,-1.0422456132267,-1.02326166365091,-1.00081184673237,-1.0002612589424
12,3.15,-1.04715933306999,-1.03494191223382,-1.0431953238405,-1.02305387930072,-1.00089401211061,-1.00018553354127
12,3.16,-1.04311442883615,-1.03465942180222,-1.04387690651072,-1.02261377484619,-1.00071909319407,-0.999884748160313
12,3.17,-1.03900292881797,-1.03413376692672,-1.04429056443957,-1.02194286651287,-1.00028749372333,-0.999358982057469
12,3.18,-1.03482526878676,-1.03336676156726,-1.04443665859081,-1.02104266118829,-0.999600284498118,-0.998608364110411
12,3.19,-1.03058149732112,-1.03236022662746,-1.04431569725202,-1.01991465013841,-0.99865914737569,-0.997633072761566
12,3.2,-1.02627131105482,-1.03111598176957,-1.04392832570764,-1.0185603040334,-0.997466310533631,-0.996433335972323
12,3.21,-1.02189408910552,-1.02963583812517,-1.04327531610257,-1.0169810692254,-0.996024476787447,-0.995009431185198
12,3.22,-1.0174489265939,-1.02792159188416,-1.04235755756488,-1.01517836519601,-0.994336746949907,-0.993361685300167
12,3.23,-1.01293466698094,-1.0259750187268,-1.0411760466391,-1.01315358306558,-0.992406540493543,-0.991490474677434
12,3.24,-1.00834993311026,-1.02379786906825,-1.03973187807837,-1.01090808506844,-0.990237515531813,-0.989396225151577
12,3.25,-1.0036931580779,-1.02139186415347,-1.03802623609465,-1.00844320499434,-0.987833488274584,-0.98707941197339
12,3.26,-0.998962618120968,-1.01875869309266,-1.03606038622178,-1.00576024964693,-0.985198350339013,-0.984540559636064
12,3.27,-0.994156465210479,-1.01590001065045,-1.03383566773285,-1.00286050098277,-0.982335988618177,-0.981780241852094
12,3.28,-0.989272748469297,-1.01281743512284,-1.03135348606908,-0.999745218080445,-0.979250225312013,-0.97879908193689
12,3.29,-0.984309426706592,-1.00951254644413,-1.02861530531105,-0.996415639277899,-0.97594477676732,-0.97559775281403
12,3.3,-0.979264408042568,-1.00598688651004,-1.02562264263716,-0.992872986718284,-0.972423177464253,-0.972176976130374
12,3.31,-0.974135609064125,-1.0022419610826,-1.02237706467518,-0.989118471927931,-0.968688678534295,-0.968537522596122
12,3.32,-0.968920946210506,-0.998279238465094,-1.01888018073493,-0.985153297529011,-0.964744257438479,-0.964680212822983
12,3.33,-0.963618316323262,-0.994100148324131,-1.01513363558765,-0.980978659686913,-0.960592655640221,-0.9606059154816
12,3.34,-0.958225681794007,-0.989706086517691,-1.01113910914909,-0.976595755602786,-0.956236256152389,-0.956315548144034
12,3.35,-0.952741093926732,-0.985098416871298,-1.00689831337441,-0.972005787274401,-0.951677064058381,-0.951810078429659
12,3.36,-0.947162660963831,-0.980278470665374,-1.00241298588262,-0.967209963952856,-0.946916787318359,-0.9470905211961
12,3.37,-0.941488598543444,-0.975247550631448,-0.997684889458497,-0.962209507371545,-0.941956786630398,-0.942157940091943
12,3.38,-0.935717243993275,-0.970006933366545,-0.992715809819206,-0.957005655470805,-0.936798090587057,-0.937013447327963
12,3.39,-0.929847062302201,-0.964557871650061,-0.987507553230948,-0.951599665945396,-0.931441430176122,-0.931658202792323
12,3.4,-0.923876663812264,-0.958901597525319,-0.982061945461308,-0.945992819739395,-0.925887256203546,-0.926093414294122
12,3.41,-0.917804813688981,-0.953039325190929,-0.976380830599057,-0.940186424208428,-0.920135773866075,-0.92032033711969
12,3.42,-0.911630441418341,-0.946972254051992,-0.970466070322693,-0.934181815998689,-0.914186978619743,-0.9143402737905
12,3.43,-0.905352648257777,-0.940701571812164,-0.964319543438438,-0.927980363630581,-0.90804069608849,-0.908154573750327
12,3.44,-0.898970712918148,-0.934228457595047,-0.957943145686328,-0.921583469778409,-0.901696624409276,-0.901764633038421
12,3.45,-0.892484095441167,-0.927554085072085,-0.951338789789086,-0.914992573249035,-0.895154378041199,-0.895171893941126
12,3.46,-0.885892439272581,-0.920679625577793,-0.944508405721952,-0.908209150666746,-0.888413532042043,-0.888377844623812
12,3.47,-0.8791955715458,-0.91360625119573,-0.93745394118326,-0.901234717876543,-0.881473665860612,-0.881384018743958
12,3.48,-0.872393501605246,-0.906335137801122,-0.930177362247187,-0.894070831081842,-0.874334405754723,-0.874191995046537
12,3.49,-0.865486417813747,-0.898867468048284,-0.922680654181627,-0.88671908773539,-0.866995465021167,-0.86680339694296
12,3.5,-0.858474682703239,-0.891204434293186,-0.914965822415499,-0.879181127204054,-0.85945668131303,-0.859219892074898
12,3.51,-0.851358826542756,-0.883347241443416,-0.907034893641044,-0.871458631229066,-0.851718050418736,-0.851443191864405
12,3.52,-0.844139539411608,-0.875297109729628,-0.898889917037584,-0.863553324203378,-0.843779755983744,-0.843475051051799
12,3.53,-0.83681766187865,-0.867055277394145,-0.890532965603998,-0.855466973287139,-0.835642194767111,-0.835317267222757
12,3.54,-0.829394174400239,-0.858623003293858,-0.881966137587639,-0.847201388381012,-0.827305997138922,-0.826971680326115
12,3.55,-0.82187018555963,-0.850001569415832,-0.873191557997702,-0.838758421975344,-0.818772042638066,-0.818440172183769
12,3.56,-0.814246919278974,-0.841192283305179,-0.864211380191096,-0.830139968891127,-0.810041470521076,-0.809724665994049
12,3.57,-0.80652570114158,-0.832196480405752,-0.855027787518797,-0.821347965926429,-0.801115685339372,-0.800827125829832
12,3.58,-0.798707943966576,-0.823015526315083,-0.845642995020394,-0.812384391419678,-0.7919963576824,-0.791749556132521
12,3.59,-0.790795132780483,-0.813650818955715,-0.836059251154241,-0.803251264738895,-0.78268542031627,-0.782494001202921
12,3.6,-0.782788809330557,-0.804103790665742,-0.826278839550288,-0.79395064570387,-0.773185060029909,-0.773062544689853
12,3.61,-0.774690556283032,-0.794375910211864,-0.816304080772319,-0.784484633946344,-0.763497705572559,-0.763457309077191
12,3.62,-0.766501981245774,-0.784468684728716,-0.806137334076108,-0.774855368211592,-0.753626012126521,-0.753680455169839
12,3.63,-0.758224700749443,-0.774383661588522,-0.795780999149839,-0.765065025603449,-0.743572842806958,-0.743734181578983
12,3.64,-0.749860324314284,-0.764122430205406,-0.785237517823146,-0.755115820773704,-0.733341247715897,-0.733620724206787
12,3.65,-0.741410438721255,-0.753686623778764,-0.77450937573136,-0.745010005055991,-0.722934441100212,-0.723342355730507
12,3.66,-0.732876592596654,-0.743077920980191,-0.763599103921878,-0.734749865543737,-0.712355777173647,-0.712901385085902
12,3.67,-0.724260281408956,-0.732298047588361,-0.752509280390219,-0.724337724111405,-0.701608725161172,-0.702300156949621
12,3.68,-0.715562932965397,-0.721348778076143,-0.741242531534108,-0.713775936378091,-0.690696844110812,-0.691541051220163
12,3.69,-0.70678589348426,-0.710231937153951,-0.729801533514926,-0.703066890612564,-0.67962375799454,-0.68062648249691
12,3.7,-0.697930414307023,-0.698949401273037,-0.71818901351705,-0.692213006578887,-0.668393131586713,-0.66955889955665
12,3.71,-0.688997639302726,-0.687503100092,-0.706407750896924,-0.681216734321973,-0.657008647567166,-0.658340784826975
12,3.72,-0.67998859300533,-0.675895017909322,-0.694460578215171,-0.670080552892592,-0.645473985247723,-0.646974653855897
12,3.73,-0.67090416951364,-0.664127195064199,-0.682350382146582,-0.658806969011599,-0.633792801266795,-0.635463054777054
12,3.74,-0.661745122172691,-0.652201729307375,-0.670080104264413,-0.647398515673351,-0.621968712538466,-0.623808567769883
12,3.75,-0.652512054045497,-0.640120777143056,-0.657652741697048,-0.635857750688496,-0.610005281681351,-0.61201380451419
12,3.76,-0.643205409174855,-0.627886555142435,-0.645071347656669,-0.624187255166487,-0.597906005089951,-0.600081407638609
12,3.77,-0.63382546462652,-0.615501341228707,-0.632339031841117,-0.612389631938332,-0.585674303748666,-0.588014050162533
12,3.78,-0.624372323297651,-0.602967475932957,-0.619458960711608,-0.600467503920232,-0.573313516827263,-0.575814434931141
12,3.79,-0.614845907467976,-0.590287363619778,-0.606434357650316,-0.588423512418832,-0.560826898037731,-0.563485294043324
12,3.8,-0.605245953065626,-0.577463473681085,-0.593268503003091,-0.576260315378914,-0.548217614677115,-0.551029388272314
12,3.81,-0.595572004615176,-0.564498341696224,-0.579964734013667,-0.563980585574399,-0.535488749230052,-0.538449506479009
12,3.82,-0.585823410831928,-0.551394570556293,-0.566526444656677,-0.551587008743558,-0.522643303359264,-0.525748465018013
12,3.83,-0.575999320824035,-0.538154831550457,-0.552957085377592,-0.539082281669321,-0.509684204072689,-0.512929107136553
12,3.84,-0.566098680862529,-0.524781865412036,-0.539260162748328,-0.526469110205562,-0.496614311822877,-0.499994302366476
12,3.85,-0.556120231678737,-0.511278483322278,-0.525439239047761,-0.513750207250144,-0.483436430268069,-0.48694694590964
12,3.86,-0.546062506248884,-0.497647567869943,-0.511497931776722,-0.500928290665424,-0.470153317405107,-0.473789958017036
12,3.87,-0.535923828026828,-0.483892073965171,-0.497439913117205,-0.488006081146743,-0.456767697772089,-0.460526283362059
12,3.88,-0.525702309587827,-0.47001502970647,-0.483268909345573,-0.47498630003922,-0.443282275413369,-0.447158890408348
12,3.89,-0.515395851648992,-0.456019537200185,-0.468988700209444,-0.461871667102905,-0.42969974730072,-0.433690770772679
12,3.9,-0.505002142435491,-0.441908773332256,-0.454603118277685,-0.448664898226034,-0.416022816912004,-0.420124938583356
12,3.91,-0.494518657365746,-0.427685990492617,-0.440116048272576,-0.435368703085725,-0.402254207681864,-0.406464429834597
12,3.92,-0.483942659033593,-0.413354517253057,-0.425531426392679,-0.421985782755061,-0.388396676057262,-0.392712301737349
12,3.93,-0.473271197470832,-0.398917758999769,-0.410853239634332,-0.408518827255019,-0.374453023913443,-0.378871632067009
12,3.94,-0.462501110679499,-0.384379198522147,-0.396085525118831,-0.394970513049255,-0.360426110112325,-0.364945518508446
12,3.95,-0.451629025429822,-0.369742396559567,-0.381232369431474,-0.381343500479252,-0.346318861014672,-0.350937077998743
12,3.96,-0.440651358326815,-0.355010992307871,-0.366297907977467,-0.367640431136933,-0.332134279788903,-0.336849446068021
12,3.97,-0.429564317156157,-0.34018870388709,-0.351286324358413,-0.353863925171443,-0.317875454392126,-0.322685776178701
12,3.98,-0.418363902528077,-0.325279328771434,-0.336201849771588,-0.340016578526617,-0.303545564132332,-0.308449239063522
12,3.99,-0.407045909846633,-0.310286744181869,-0.321048762432464,-0.326100960105511,-0.289147884753703,-0.29414302206263
12,4,-0.395605931640888,-0.295214907440477,-0.305831387018967,-0.312119608858634,-0.274685792019038,-0.279770328460032
12,4.01,-0.384039360304151,-0.28006785628438,-0.290554094133709,-0.298075030792909,-0.260162763793752,-0.265334376819703
12,4.02,-0.372341391297557,-0.264849709135196,-0.27522129977789,-0.283969695899358,-0.245582380663988,-0.250838400321637
12,4.03,-0.360507026884885,-0.249564665317764,-0.259837464827709,-0.269806034998785,-0.230948325146739,-0.236285646098143
12,4.04,-0.348531080476617,-0.234217005219208,-0.244407094500964,-0.255586436506741,-0.216264379571958,-0.221679374570696
12,4.05,-0.336408181672759,-0.218811090376309,-0.228934737797967,-0.241313243121625,-0.201534422735015,-0.207022858787659
12,4.06,-0.324132782105958,-0.203351363475591,-0.213424986897065,-0.226988748443257,-0.186762425432391,-0.192319383763251
12,4.07,-0.311699162198774,-0.187842348246468,-0.197882476480786,-0.21261519353358,-0.171952445003848,-0.177572245818109
12,4.08,-0.299101438961687,-0.172288649223257,-0.182311882964089,-0.198194763436528,-0.157108619010489,-0.162784751921822
12,4.09,-0.286333574971315,-0.156694951346899,-0.166717923591253,-0.183729583680661,-0.142235158179954,-0.147960219037873
12,4.1,-0.273389388681415,-0.14106601937169,-0.151105355362756,-0.169221716795938,-0.1273363387478,-0.133101973471369
12,4.11,-0.260262566232265,-0.125406697036427,-0.135478973747986,-0.154673158885147,-0.112416494317755,-0.11821335021997
12,4.12,-0.2469466749369,-0.109721905952967,-0.119843611133947,-0.140085836301138,-0.097480007353494,-0.103297692328356
12,4.13,-0.233435178635123,-0.0940166441584514,-0.104204134954309,-0.125461602493019,-0.0825313004010454,-0.0883583502466411
12,4.14,-0.219721455117915,-0.0782959842702854,-0.0885654454372715,-0.11080223509811,-0.0675748271243326,-0.0733986811929057
12,4.15,-0.205798815835588,-0.0625650711756083,-0.0729324729049318,-0.0961094333714941,-0.0526150632171546,-0.0584220485200512
12,4.16,-0.191660528112241,-0.0468291191793639,-0.0573101745512751,-0.081384816061444,-0.0376564972336141,-0.0434318210870222
12,4.17,-0.177299840096361,-0.0310934085274491,-0.0417035306207268,-0.0666299198567664,-0.022703621356261,-0.0284313726342378
12,4.18,-0.162710008682215,-0.0153632812138461,-0.0261175399045837,-0.0518461985508119,-0.00776092209759568,-0.013424081162878
12,4.19,-0.147884330638297,0.000355864026660678,-0.0105572144688532,-0.0370350230863658,0.00716712909310256,0.00158667168253335
12,4.2,-0.132816177176868,0.01605857764537,0.00497242647571743,-0.0221976826653531,0.0220760853687084,0.0165975012291478
12,4.21,-0.117499032191688,0.0317393662373474,0.020466363652029,-0.00733538712673969,0.0369615342416114,0.0316050203896158
12,4.22,-0.101926534378555,0.0473927006459878,0.0359195858337783,0.00755072918550721,0.0518191076513815,0.0466058402763259
12,4.23,-0.0860925234342111,0.0630130253339051,0.051327099089419,0.0224596018258833,0.0666444924505711,0.0615965708180278
12,4.24,-0.0699910905026783,0.0785947691409874,0.0666839372363457,0.0373902286698627,0.0814334414282288,0.0765738213812844
12,4.25,-0.0536166330030069,0.0941323575493486,0.0819851735813003,0.052341660093227,0.0961817849972495,0.0915342013996639
12,4.26,-0.0369639139278603,0.109620226570715,0.0972259340124683,0.0673129866414167,0.110885443672068,0.106474321014073
12,4.27,-0.0200281256473772,0.12505283836389,0.112401411494674,0.0823033239244,0.125540441456433,0.121390791728007
12,4.28,-0.00280495818653289,0.140424698677618,0.127506882001185,0.097311794483214,0.140142920246181,0.136280227082107
12,4.29,0.0147093281338048,0.155730376196795,0.142537721893571,0.11233750639522,0.154689155328198,0.151139243352664
12,4.3,0.0325178258921068,0.170964523846751,0.157489426734593,0.127379528417889,0.169175572023407,0.165964460279114
12,4.31,0.0506228998999625,0.186121902080667,0.172357631488154,0.142436861517387,0.183598763478154,0.180752501825778
12,4.32,0.0690261030905622,0.201197404138484,0.187138132024833,0.157508406690007,0.197955509554516,0.195499996983225
12,4.33,0.0877280895024893,0.216186083221406,0.201826907811676,0.172592929062894,0.212242796705906,0.21020358061453
12,4.34,0.10672852503277,0.231083181474117,0.216420145621085,0.187689018356656,0.226457838650472,0.224859894351459
12,4.35,0.126025996772943,0.245884160607008,0.230914264046362,0.202795045906654,0.240598097572144,0.239465587545138
12,4.36,0.145617921885057,0.260584733923415,0.245305938561556,0.217909118571866,0.254661305489501,0.254017318275004
12,4.37,0.165500457117031,0.275180899442818,0.259592126811893,0.233029030008987,0.268645485338212,0.268511754418886
12,4.38,0.18566841019402,0.289668973731208,0.273770093769415,0.248152209952625,0.282548971216672,0.282945574785735
12,4.39,0.206115154449017,0.304045625966194,0.287837436338321,0.263275672316549,0.29637042715052,0.297315470311076
12,4.4,0.22683254816597,0.318307911678948,0.301792106947519,0.278395963111201,0.310108863644408,0.311618145313511
12,4.41,0.247810860196131,0.33245330553064,0.315632435626203,0.293509109352706,0.323763651213934,0.325850318808606
12,4.42,0.269038703467036,0.346479732400762,0.329357150023917,0.30861057031099,0.337334530032673,0.340008725874541
12,4.43,0.290502978027702,0.360385595992428,0.342965392811696,0.323695192600342,0.350821614794628,0.354090119061855
12,4.44,0.312188825258416,0.374169804099353,0.356456735887578,0.338757170745254,0.364225393886945,0.368091269837505
12,4.45,0.334079594815135,0.38783178963495,0.369831190809881,0.353790014947165,0.377546721996792,0.382008970051772
12,4.46,0.356156825774956,0.401371526500004,0.38308921489679,0.368786527823593,0.390786805344347,0.395840033414927
12,4.47,0.378400243300414,0.414789539365514,0.396231712462022,0.383738791880219,0.403947178843907,0.409581296969486
12,4.48,0.400787771948753,0.428086906474906,0.409260030704398,0.398638169400503,0.417029674648633,0.423229622543197
12,4.49,0.423295566522688,0.441265254627411,0.422175949833959,0.413475316289895,0.430036381730306,0.436781898167759
12,4.5,0.445898061098758,0.454326745593557,0.434981667098312,0.428240211189282,0.442969596380392,0.450235039448796
12,4.51,0.468568036587701,0.467274053334597,0.447679774468807,0.442922200874854,0.455831763786445,0.463585990873571
12,4.52,0.491276706889616,0.480110331549327,0.460273229855206,0.457510062593023,0.468625411129716,0.476831727044364
12,4.53,0.513993823417457,0.492839171251607,0.472765321837136,0.471992083547359,0.481353072954634,0.489969253827454
12,4.54,0.536687797488195,0.505464548286111,0.48515962802811,0.486356157271951,0.494017209865402,0.502995609409638
12,4.55,0.559325839833698,0.517990760913451,0.497459967320048,0.500589896107976,0.50662012189519,0.515907865256491
12,4.56,0.581874116273142,0.530422357832814,0.50967034638975,0.514680758466407,0.519163858154473,0.528703126968633
12,4.57,0.604297918422592,0.542764057254016,0.521794900980451,0.528616189030616,0.531650124583176,0.541378535034089
12,4.58,0.626561848198855,0.555020657874581,0.533837832598137,0.542383769549619,0.544080191794085,0.553931265476218
12,4.59,0.648630014802475,0.567196942854323,0.545803341380959,0.555971377416846,0.556454805092991,0.566358530397496
12,4.6,0.670466242832712,0.5792975781037,0.557695556008066,0.569367348839355,0.568774098788265,0.578657578419721
12,4.61,0.69203429018436,0.591327006407338,0.569518461609257,0.582560643093899,0.581037516857434,0.590825695020917
12,4.62,0.713298074386337,0.603289339086051,0.581275826716971,0.595541004150266,0.593243741923552,0.602860202768451
12,4.63,0.734221906045536,0.615188247055659,0.59297113036542,0.60829911582515,0.605390634317379,0.61475846144681
12,4.64,0.754770728034235,0.627026853266221,0.604607490486541,0.620826746612432,0.617475182774098,0.626517868077348
12,4.65,0.774910358982705,0.63880762859866,0.616187594777217,0.633116880414679,0.629493468050695,0.638135856826524
12,4.66,0.794607739489401,0.650532293355393,0.627713635215337,0.645163829568674,0.641440640469326,0.649609898798629
12,4.67,0.813831179222786,0.662201726505296,0.639187247382024,0.656963326805326,0.653310912111162,0.66093750170958
12,4.68,0.832550602752053,0.673815884828701,0.650609455702301,0.66851259310139,0.665097564121277,0.672116209439938
12,4.69,0.850737791510121,0.685373734051606,0.66198062564499,0.679810378758741,0.676792969352308,0.683143601468176
12,4.7,0.868366618775677,0.696873193955387,0.67330042382383,0.690856975481183,0.688388630382198,0.69401729218965
12,4.71,0.885413273991508,0.708311099293617,0.684567786815284,0.701654197708618,0.699875232792387,0.704734930132481
12,4.72,0.901856472159812,0.719683178135049,0.695780899354921,0.712205332018845,0.71124271348253,0.715294197088617
12,4.73,0.917677643532921,0.730984048975551,0.706937182395953,0.722515054028177,0.722480343713359,0.72569280718606
12,4.74,0.932861098423201,0.742207237617346,0.718033291314188,0.732589312926619,0.733576826490191,0.735928505936297
12,4.75,0.947394161768346,0.75334521439944,0.729065124329455,0.742435184584652,0.744520407799325,0.745999069298263
12,4.76,0.961267272184982,0.764389451881298,0.740027840992222,0.752060695075274,0.755299001059033,0.755902302806028
12,4.77,0.97447404068822,0.775330502540853,0.750915890365147,0.761474617465391,0.765900323918351,0.765636040810587
12,4.78,0.987011265086577,0.786158095463355,0.761723048323223,0.770686245827848,0.776312046209806,0.775198145886149
12,4.79,0.998878897283238,0.796861250391739,0.772442463213525,0.779705151571559,0.786521947427907,0.784586508447415
12,4.8,1.01007996228543,0.807428406911814,0.783066708965593,0.788540928321804,0.796518081572143,0.793799046616417
12,4.81,1.02062042955652,0.817847565990912,0.793587844633404,0.797202932622431,0.806288946588915,0.802833706366057
12,4.82,1.03050903931186,0.828106440613378,0.803997479283087,0.805700028576069,0.815823655018204,0.81168846195346
12,4.83,1.03975708830212,0.83819261189543,0.814286841116595,0.814040345079123,0.825112101859528,0.820361316640975
12,4.84,1.04837818137737,0.848093686844646,0.82444684973581,0.822231054442818,0.834145125188142,0.828850303687728
12,4.85,1.05638795652674,0.857797453875278,0.834468190495707,0.830278180838548,0.842914654744658,0.837153487581709
12,4.86,1.06380379201687,0.867292032306794,0.844341389958827,0.838186446120861,0.851413843646257,0.845268965472533
12,4.87,1.07064450463732,0.876566012352802,0.854056891535042,0.845959159168522,0.859637178561446,0.853194868759119
12,4.88,1.07693004788839,0.885608582530791,0.863605130460415,0.853598153002068,0.867580564162372,0.860929364784457
12,4.89,1.08268121826421,0.894409641959335,0.872976607329166,0.861103771696925,0.875241378400546,0.868470658591068
12,4.9,1.08791937668559,0.902959895620459,0.882161959439469,0.868474906669854,0.882618496099377,0.875816994694643
12,4.91,1.09266619075213,0.911250931310657,0.891152029246777,0.875709079456012,0.889712279457291,0.882966658838588
12,4.92,1.09694340195028,0.919275277645523,0.899937929241095,0.882802565804032,0.896524535234843,0.889917979697887
12,4.93,1.10077262040896,0.927026443086925,0.908511102582985,0.889750553972736,0.903058439583147,0.89666933050598
12,4.94,1.1041751483499,0.934498936502083,0.916863378854451,0.896547328657968,0.909318432590087,0.903219130582802
12,4.95,1.10717183211999,0.941688270223552,0.92498702431253,0.903186471106825,0.915310085618036,0.90956584674581
12,4.96,1.10978294166861,0.948590946949129,0.932874786081634,0.909661065730019,0.921039945339855,0.91570799458873
12,4.97,1.11202807556436,0.955204432099199,0.940519929789515,0.915963903886532,0.926515359022076,0.921644139615493
12,4.98,1.11392608912663,0.961527113440143,0.947916270242942,0.922087676423588,0.931744286043387,0.927372898219445
12,4.99,1.11549504295493,0.967558249893609,0.955058194851694,0.928025147904892,0.936735100873318,0.932892938501023
12,5,1.11675216903601,0.973297911492898,0.961940679639882,0.933769307120311,0.941496392780412,0.938202980920561
